source_path,source_dir,file_name,file_stem,file_extension,file_format,photo_uuid,candidate_keys,primary_candidate_key,all_keywords,rating,label_color,pick_status,copy_name,capture_time,camera_make,camera_model,lens,iso,focal_length,aperture,shutter_speed,width,height,orientation,gps_latitude,gps_longitude,location,sublocation,city,state,country,iso_country_code,folder_name,exported_at
/Volumes/dataLib/Pictures/Images/2017/2017-07/2017-07-01/DSC02739.ARW,/Volumes/dataLib/Pictures/Images/2017/2017-07/2017-07-01,DSC02739.ARW,DSC02739,ARW,RAW,59C52145-0826-4F87-837B-ACE4027DED71,c001,c001,c001,,gray,0,,520657157,,,FE 85mm F1.4 GM,100,85 mm,ƒ / 1.4,1/1000 sec,5304 x 7952,,DA,,,,,,,,,2017-07-01,2026-05-14T09:48:33
/Volumes/dataLib/Pictures/Images/2017/2017-07/2017-07-01/DSC02776.ARW,/Volumes/dataLib/Pictures/Images/2017/2017-07/2017-07-01,DSC02776.ARW,DSC02776,ARW,RAW,AE2C2175-2676-4140-A121-9EBA3D7BBFAA,c002,c002,c002 ; g032,,gray,0,,520658105,,,FE 85mm F1.4 GM,100,85 mm,ƒ / 1.4,1/1250 sec,5304 x 7952,,DA,,,,,,,,,2017-07-01,2026-05-14T09:48:33
/Volumes/dataLib/Pictures/Images/2017/2017-07/2017-07-24/DSC06861.ARW,/Volumes/dataLib/Pictures/Images/2017/2017-07/2017-07-24,DSC06861.ARW,DSC06861,ARW,RAW,F0B8FC3B-EECA-45DA-8123-8774048823BA,c003,c003,c003,,gray,0,,522633265,,,FE 85mm F1.4 GM,100,85 mm,ƒ / 1.4,1/125 sec,5304 x 7952,,DA,,,,,,,,,2017-07-24,2026-05-14T09:48:33
/Volumes/dataLib/Pictures/Images/2017/2017-08/2017-08-20/DSC08283.ARW,/Volumes/dataLib/Pictures/Images/2017/2017-08/2017-08-20,DSC08283.ARW,DSC08283,ARW,RAW,4CE0FA40-5532-4D42-874A-25994F336063,c004,c004,c004,,gray,0,,524972661,,,FE 85mm F1.4 GM,100,85 mm,ƒ / 1.4,1/200 sec,5304 x 7952,,DA,,,,,,,,,2017-08-20,2026-05-14T09:48:33
/Volumes/dataLib/Pictures/Images/2017/2017-10/2017-10-12/DSC04556.ARW,/Volumes/dataLib/Pictures/Images/2017/2017-10/2017-10-12,DSC04556.ARW,DSC04556,ARW,RAW,3E7D06BA-DC2B-4151-802B-3A9D300513E1,c005,c005,c005,,gray,0,,529541792,,,FE 85mm F1.4 GM,160,85 mm,ƒ / 1.6,1/250 sec,5304 x 7952,,DA,,,,,,,,,2017-10-12,2026-05-14T09:48:33
/Volumes/dataLib/Pictures/Images/2017/2017-10/2017-10-12/DSC04712.ARW,/Volumes/dataLib/Pictures/Images/2017/2017-10/2017-10-12,DSC04712.ARW,DSC04712,ARW,RAW,253D7DE5-8DF5-4163-8869-870A3D6E252F,c006,c006,c006,,gray,0,,529542494,,,FE 85mm F1.4 GM,100,85 mm,ƒ / 1.6,1/250 sec,5304 x 7952,,DA,,,,,,,,,2017-10-12,2026-05-14T09:48:33
/Volumes/dataLib/Pictures/Images/2017/2017-10/2017-10-12/DSC04807.ARW,/Volumes/dataLib/Pictures/Images/2017/2017-10/2017-10-12,DSC04807.ARW,DSC04807,ARW,RAW,AA00C58F-6D01-4BBE-B00C-19121EC2FD70,c007,c007,c007,,gray,0,,529542983,,,FE 85mm F1.4 GM,160,85 mm,ƒ / 1.6,1/250 sec,5304 x 7952,,DA,,,,,,,,,2017-10-12,2026-05-14T09:48:33
/Volumes/dataLib/Pictures/Images/2017/2017-10/2017-10-12/DSC04866.ARW,/Volumes/dataLib/Pictures/Images/2017/2017-10/2017-10-12,DSC04866.ARW,DSC04866,ARW,RAW,201469F6-4EB4-4E6A-9DEF-CF5D11C27313,c008,c008,c008,,gray,0,,529543716,,,FE 85mm F1.4 GM,100,85 mm,ƒ / 1.4,1/640 sec,5304 x 7952,,DA,,,,,,,,,2017-10-12,2026-05-14T09:48:33
/Volumes/dataLib/Pictures/Images/2017/2017-10/2017-10-12/DSC05422.ARW,/Volumes/dataLib/Pictures/Images/2017/2017-10/2017-10-12,DSC05422.ARW,DSC05422,ARW,RAW,34F2B9CE-974C-4033-A6CF-0BA69A6D0AE6,c009,c009,c009,,gray,0,,529546389,,,FE 70-200mm F2.8 GM OSS,100,197 mm,ƒ / 2.8,1/250 sec,5304 x 7952,,DA,,,,,,,,,2017-10-12,2026-05-14T09:48:33
/Volumes/dataLib/Pictures/Images/2017/2017-10/2017-10-12/DSC05464.ARW,/Volumes/dataLib/Pictures/Images/2017/2017-10/2017-10-12,DSC05464.ARW,DSC05464,ARW,RAW,60D39141-2917-48A7-9DF7-7E54C377561E,c010,c010,c010,,gray,0,,529547436,,,FE 85mm F1.4 GM,100,85 mm,ƒ / 1.4,1/500 sec,5304 x 7952,,DA,,,,,,,,,2017-10-12,2026-05-14T09:48:33
/Volumes/dataLib/Pictures/Images/2017/2017-10/2017-10-12/DSC05692.ARW,/Volumes/dataLib/Pictures/Images/2017/2017-10/2017-10-12,DSC05692.ARW,DSC05692,ARW,RAW,486CA0A3-10CD-4CA3-96F3-37F76608CE6D,c011,c011,c011,,gray,0,,529548339,,,FE 85mm F1.4 GM,100,85 mm,ƒ / 1.4,1/400 sec,5304 x 7952,,DA,,,,,,,,,2017-10-12,2026-05-14T09:48:33
/Volumes/dataLib/Pictures/Images/2017/2017-10/2017-10-12/DSC05744.ARW,/Volumes/dataLib/Pictures/Images/2017/2017-10/2017-10-12,DSC05744.ARW,DSC05744,ARW,RAW,C87DB026-DE8A-467A-B71D-8015D66ECA09,c012,c012,c012,,gray,0,,529548556,,,FE 85mm F1.4 GM,100,85 mm,ƒ / 1.4,1/640 sec,5304 x 7952,,DA,,,,,,,,,2017-10-12,2026-05-14T09:48:33
/Volumes/dataLib/Pictures/Images/2017/2017-10/2017-10-12/DSC05772.ARW,/Volumes/dataLib/Pictures/Images/2017/2017-10/2017-10-12,DSC05772.ARW,DSC05772,ARW,RAW,BE1BB27A-04F5-4770-8046-8A78B4A22802,c013,c013,c013,,gray,0,,529549563,,,FE 85mm F1.4 GM,100,85 mm,ƒ / 1.4,1/640 sec,5304 x 7952,,DA,,,,,,,,,2017-10-12,2026-05-14T09:48:33
/Volumes/dataLib/Pictures/Images/2017/2017-10/2017-10-12/DSC05858.ARW,/Volumes/dataLib/Pictures/Images/2017/2017-10/2017-10-12,DSC05858.ARW,DSC05858,ARW,RAW,EB50D447-560C-4DEB-B7EB-5BCFFC0C0513,c014,c014,c014,,gray,0,,529550204,,,FE 85mm F1.4 GM,100,85 mm,ƒ / 1.4,1/800 sec,5304 x 7952,,DA,,,,,,,,,2017-10-12,2026-05-14T09:48:33
/Volumes/dataLib/Pictures/Images/2017/2017-10/2017-10-12/DSC06101.ARW,/Volumes/dataLib/Pictures/Images/2017/2017-10/2017-10-12,DSC06101.ARW,DSC06101,ARW,RAW,C0F06D47-DAFE-4FBB-BCF9-C3FCFC739AA2,c015,c015,c015 ; g029,1,green,0,,529551711,,,FE 85mm F1.4 GM,1250,85 mm,ƒ / 1.4,1/250 sec,5304 x 7952,,DA,,,,,,,,,2017-10-12,2026-05-14T09:48:33
/Volumes/dataLib/Pictures/Images/2017/2017-11/2017-11-11/DSC02031.ARW,/Volumes/dataLib/Pictures/Images/2017/2017-11/2017-11-11,DSC02031.ARW,DSC02031,ARW,RAW,7F28D9B3-9B1E-46EE-9683-60118105A7B7,c016,c016,c016,,gray,0,,532133166,,,FE 85mm F1.4 GM,100,85 mm,ƒ / 2.0,1/500 sec,5304 x 7952,,DA,,,,,,,,,2017-11-11,2026-05-14T09:48:33
/Volumes/dataLib/Pictures/Images/2017/2017-11/2017-11-11/DSC02220.ARW,/Volumes/dataLib/Pictures/Images/2017/2017-11/2017-11-11,DSC02220.ARW,DSC02220,ARW,RAW,1D4D101D-47F4-4A55-9AED-BE02D5C4D445,c017,c017,c017,,gray,0,,532134377,,,FE 85mm F1.4 GM,100,85 mm,ƒ / 1.4,1/1000 sec,5304 x 7952,,DA,,,,,,,,,2017-11-11,2026-05-14T09:48:33
/Volumes/dataLib/Pictures/Images/2017/2017-11/2017-11-11/DSC02329.ARW,/Volumes/dataLib/Pictures/Images/2017/2017-11/2017-11-11,DSC02329.ARW,DSC02329,ARW,RAW,DCDB157A-77DF-4E97-97C2-3B88EF48F88E,c018,c018,c018,,gray,0,,532135253,,,FE 85mm F1.4 GM,100,85 mm,ƒ / 1.4,1/640 sec,5304 x 7952,,DA,,,,,,,,,2017-11-11,2026-05-14T09:48:33
/Volumes/dataLib/Pictures/Images/2017/2017-11/2017-11-11/DSC02397.ARW,/Volumes/dataLib/Pictures/Images/2017/2017-11/2017-11-11,DSC02397.ARW,DSC02397,ARW,RAW,4DAB14E0-ABA2-474F-831D-8CDEEAD807B6,c019,c019,c019,,gray,0,,532136168,,,FE 85mm F1.4 GM,100,85 mm,ƒ / 1.4,1/400 sec,5304 x 7952,,DA,,,,,,,,,2017-11-11,2026-05-14T09:48:33
/Volumes/dataLib/Pictures/Images/2017/2017-11/2017-11-11/DSC02401.ARW,/Volumes/dataLib/Pictures/Images/2017/2017-11/2017-11-11,DSC02401.ARW,DSC02401,ARW,RAW,3A7EB497-C8B4-4809-9437-8F30F6B38F68,c020,c020,c020,,gray,0,,532136189,,,FE 85mm F1.4 GM,100,85 mm,ƒ / 1.4,1/400 sec,5304 x 7952,,DA,,,,,,,,,2017-11-11,2026-05-14T09:48:33
/Volumes/dataLib/Pictures/Images/2017/2017-11/2017-11-11/DSC02504.ARW,/Volumes/dataLib/Pictures/Images/2017/2017-11/2017-11-11,DSC02504.ARW,DSC02504,ARW,RAW,60C419BF-89F4-4E87-81DA-2D7CED591863,c021,c021,c021,,gray,0,,532137168,,,FE 85mm F1.4 GM,100,85 mm,ƒ / 1.6,1/500 sec,5304 x 7952,,DA,,,,,,,,,2017-11-11,2026-05-14T09:48:33
/Volumes/dataLib/Pictures/Images/2017/2017-11/2017-11-11/DSC02568.ARW,/Volumes/dataLib/Pictures/Images/2017/2017-11/2017-11-11,DSC02568.ARW,DSC02568,ARW,RAW,478E1C2F-9F35-4215-9F17-77FC4CD9DE40,c022,c022,c022,,gray,0,,532139258,,,FE 85mm F1.4 GM,100,85 mm,ƒ / 1.6,1/320 sec,5304 x 7952,,DA,,,,,,,,,2017-11-11,2026-05-14T09:48:33
/Volumes/dataLib/Pictures/Images/2017/2017-11/2017-11-11/DSC02686.ARW,/Volumes/dataLib/Pictures/Images/2017/2017-11/2017-11-11,DSC02686.ARW,DSC02686,ARW,RAW,FF46173C-944B-4664-B1FB-A646707381D4,c023,c023,c023,,gray,0,,532139573,,,FE 85mm F1.4 GM,100,85 mm,ƒ / 1.6,1/400 sec,5304 x 7952,,DA,,,,,,,,,2017-11-11,2026-05-14T09:48:33
/Volumes/dataLib/Pictures/Images/2017/2017-11/2017-11-19/DSC04162.ARW,/Volumes/dataLib/Pictures/Images/2017/2017-11/2017-11-19,DSC04162.ARW,DSC04162,ARW,RAW,1EE39341-2788-417C-827A-CED11A2C8F6D,c024,c024,c024,,gray,0,,532830347,,,FE 85mm F1.4 GM,100,85 mm,ƒ / 1.4,1/800 sec,5304 x 7952,,DA,,,,,,,,,2017-11-19,2026-05-14T09:48:33
/Volumes/dataLib/Pictures/Images/2018/2018-01/2018-01-21/DSC09160.ARW,/Volumes/dataLib/Pictures/Images/2018/2018-01/2018-01-21,DSC09160.ARW,DSC09160,ARW,RAW,DB3F6771-D4AE-4A41-8808-739B90C98BDE,c025,c025,c025,,gray,0,,538252191,,,FE 85mm F1.4 GM,100,85 mm,ƒ / 1.4,1/500 sec,5304 x 7952,,DA,,,,,,,,,2018-01-21,2026-05-14T09:48:33
/Volumes/dataLib/Pictures/Images/2018/2018-01/2018-01-21/DSC09259.ARW,/Volumes/dataLib/Pictures/Images/2018/2018-01/2018-01-21,DSC09259.ARW,DSC09259,ARW,RAW,0C4EA80B-7E29-4C9A-A110-42BF879C935B,c026,c026,c026 ; g038,,gray,0,,538253728,,,FE 85mm F1.4 GM,100,85 mm,ƒ / 1.4,1/5000 sec,5304 x 7952,,DA,,,,,,,,,2018-01-21,2026-05-14T09:48:33
/Volumes/dataLib/Pictures/Images/2018/2018-01/2018-01-21/DSC09366.ARW,/Volumes/dataLib/Pictures/Images/2018/2018-01/2018-01-21,DSC09366.ARW,DSC09366,ARW,RAW,ACFC76FF-4544-47C4-BBF2-2357229F4E9C,c027,c027,c027,,gray,0,,538255255,,,FE 85mm F1.4 GM,100,85 mm,ƒ / 2.0,1/3200 sec,5304 x 7952,,DA,,,,,,,,,2018-01-21,2026-05-14T09:48:33
/Volumes/dataLib/Pictures/Images/2018/2018-01/2018-01-21/DSC09453.ARW,/Volumes/dataLib/Pictures/Images/2018/2018-01/2018-01-21,DSC09453.ARW,DSC09453,ARW,RAW,8D2B7B7F-840A-4EB5-973C-E7954E07641E,c028,c028,c028,,gray,0,,538256095,,,FE 85mm F1.4 GM,100,85 mm,ƒ / 2.0,1/1600 sec,5304 x 7952,,DA,,,,,,,,,2018-01-21,2026-05-14T09:48:33
/Volumes/dataLib/Pictures/Images/2018/2018-01/2018-01-21/DSC09650.ARW,/Volumes/dataLib/Pictures/Images/2018/2018-01/2018-01-21,DSC09650.ARW,DSC09650,ARW,RAW,BD0FE773-AD54-4CC4-A954-DB28EF45572F,c029,c029,c029,,gray,0,,538257780,,,FE 55mm F1.8 ZA,100,55 mm,ƒ / 1.8,1/2500 sec,5304 x 7952,,DA,,,,,,,,,2018-01-21,2026-05-14T09:48:33
/Volumes/dataLib/Pictures/Images/2018/2018-02/2018-02-02/DSC00513.ARW,/Volumes/dataLib/Pictures/Images/2018/2018-02/2018-02-02,DSC00513.ARW,DSC00513,ARW,RAW,35FC82FF-E2B5-49E6-9C65-706256668A18,c030,c030,c030,,gray,0,,539309792,,,FE 35mm F1.4 ZA,250,35 mm,ƒ / 1.4,1/250 sec,5304 x 7952,,DA,,,,,,,,,2018-02-02,2026-05-14T09:48:33
/Volumes/dataLib/Pictures/Images/2018/2018-02/2018-02-28/DSC06535.ARW,/Volumes/dataLib/Pictures/Images/2018/2018-02/2018-02-28,DSC06535.ARW,DSC06535,ARW,RAW,C9C83A0F-80D2-4AB4-BC53-D9371DF064C2,c031,c031,c031 ; g040,,gray,0,,541548148,,,FE 35mm F1.4 ZA,100,35 mm,ƒ / 2.0,1/3200 sec,5304 x 7952,,DA,,,,,,,,,2018-02-28,2026-05-14T09:48:33
/Volumes/dataLib/Pictures/Images/2018/2018-02/2018-02-28/DSC06571.ARW,/Volumes/dataLib/Pictures/Images/2018/2018-02/2018-02-28,DSC06571.ARW,DSC06571,ARW,RAW,A5C1FAEE-872C-4461-BC37-34ED36F79206,c032,c032,c032,,gray,0,,541548618,,,FE 35mm F1.4 ZA,100,35 mm,ƒ / 2.0,1/3200 sec,5304 x 7952,,DA,,,,,,,,,2018-02-28,2026-05-14T09:48:33
/Volumes/dataLib/Pictures/Images/2018/2018-05/2018-05-22/DSC00422.ARW,/Volumes/dataLib/Pictures/Images/2018/2018-05/2018-05-22,DSC00422.ARW,DSC00422,ARW,RAW,7A1BD35F-3E7A-4997-85C7-B7BBD837CDC8,c033,c033,c033,,gray,0,,548722610,,,FE 85mm F1.4 GM,100,85 mm,ƒ / 2.0,1/500 sec,5304 x 7952,,DA,,,,,,,,,2018-05-22,2026-05-14T09:48:33
/Volumes/dataLib/Pictures/Images/2018/2018-06/2018-06-10/DSC04517.ARW,/Volumes/dataLib/Pictures/Images/2018/2018-06/2018-06-10,DSC04517.ARW,DSC04517,ARW,RAW,500691CB-5E67-48C8-92CA-01BAC837D759,c034,c034,c034 ; g023,,gray,0,,550374513,,,FE 35mm F1.4 ZA,100,35 mm,ƒ / 1.4,1/3200 sec,5304 x 7952,,DA,,,,,,,,,2018-06-10,2026-05-14T09:48:33
/Volumes/dataLib/Pictures/Images/2018/2018-06/2018-06-10/DSC04557.ARW,/Volumes/dataLib/Pictures/Images/2018/2018-06/2018-06-10,DSC04557.ARW,DSC04557,ARW,RAW,D4CDBA28-B837-4934-8C49-C0DBA262BBA3,c035,c035,c035,,gray,0,,550374773,,,FE 35mm F1.4 ZA,100,35 mm,ƒ / 1.4,1/3200 sec,5304 x 7952,,DA,,,,,,,,,2018-06-10,2026-05-14T09:48:33
/Volumes/dataLib/Pictures/Images/2018/2018-06/2018-06-10/DSC04591.ARW,/Volumes/dataLib/Pictures/Images/2018/2018-06/2018-06-10,DSC04591.ARW,DSC04591,ARW,RAW,750A5338-488B-4A2D-8731-20019591084B,c036,c036,c036,,gray,0,,550375131,,,FE 50mm F1.4 ZA,100,50 mm,ƒ / 1.4,1/800 sec,5304 x 7952,,DA,,,,,,,,,2018-06-10,2026-05-14T09:48:33
/Volumes/dataLib/Pictures/Images/2018/2018-06/2018-06-10/DSC04622.ARW,/Volumes/dataLib/Pictures/Images/2018/2018-06/2018-06-10,DSC04622.ARW,DSC04622,ARW,RAW,7279EC49-216A-4711-AF48-69218BD0176D,c037,c037,c037,,gray,0,,550375342,,,FE 50mm F1.4 ZA,100,50 mm,ƒ / 1.4,1/1250 sec,5304 x 7952,,DA,,,,,,,,,2018-06-10,2026-05-14T09:48:33
/Volumes/dataLib/Pictures/Images/2018/2018-06/2018-06-26/DSC06383.ARW,/Volumes/dataLib/Pictures/Images/2018/2018-06/2018-06-26,DSC06383.ARW,DSC06383,ARW,RAW,7236F21B-F0AB-450E-87FA-78CFE15CD24E,c038,c038,c038,,gray,0,,551758704,,,FE 50mm F1.4 ZA,100,50 mm,ƒ / 1.4,1/400 sec,5304 x 7952,,DA,,,,,,,,,2018-06-26,2026-05-14T09:48:33
/Volumes/dataLib/Pictures/Images/2018/2018-07/2018-07-29/DSC08933.ARW,/Volumes/dataLib/Pictures/Images/2018/2018-07/2018-07-29,DSC08933.ARW,DSC08933,ARW,RAW,FB78712C-17DA-4B0D-B9D9-0C1077EA6F38,c039,c039,c039,,gray,0,,554604050,,,FE 50mm F1.4 ZA,100,50 mm,ƒ / 1.4,1/5000 sec,5304 x 7952,,DA,,,,,,,,,2018-07-29,2026-05-14T09:48:33
/Volumes/dataLib/Pictures/Images/2018/2018-07/2018-07-29/DSC09042.ARW,/Volumes/dataLib/Pictures/Images/2018/2018-07/2018-07-29,DSC09042.ARW,DSC09042,ARW,RAW,3A651EBF-BDFF-4327-8324-A997BEC66F87,c040,c040,c040,,gray,0,,554605983,,,FE 50mm F1.4 ZA,100,50 mm,ƒ / 1.4,1/1000 sec,5304 x 7952,,DA,,,,,,,,,2018-07-29,2026-05-14T09:48:33
/Volumes/dataLib/Pictures/Images/2018/2018-08/2018-08-06/DSC00609.ARW,/Volumes/dataLib/Pictures/Images/2018/2018-08/2018-08-06,DSC00609.ARW,DSC00609,ARW,RAW,28A71F13-039F-435E-867D-086B3083C9C4,c041,c041,c041,,gray,0,,555293615,,,FE 85mm F1.4 GM,100,85 mm,ƒ / 1.4,1/800 sec,5304 x 7952,,DA,,,,,,,,,2018-08-06,2026-05-14T09:48:33
/Volumes/dataLib/Pictures/Images/2018/2018-08/2018-08-06/DSC00744.ARW,/Volumes/dataLib/Pictures/Images/2018/2018-08/2018-08-06,DSC00744.ARW,DSC00744,ARW,RAW,94146FDF-B0EB-4FBD-A3B4-2DC03823455F,c042,c042,c042 ; g039,,gray,0,,555294155,,,FE 85mm F1.4 GM,100,85 mm,ƒ / 1.4,1/320 sec,5304 x 7952,,DA,,,,,,,,,2018-08-06,2026-05-14T09:48:33
/Volumes/dataLib/Pictures/Images/2018/2018-08/2018-08-06/DSC00953.ARW,/Volumes/dataLib/Pictures/Images/2018/2018-08/2018-08-06,DSC00953.ARW,DSC00953,ARW,RAW,DA2C71A6-1E4D-4E0A-A61D-E73D49EA7441,c043,c043,c043,,gray,0,,555296194,,,FE 50mm F1.4 ZA,100,50 mm,ƒ / 1.4,1/1000 sec,5304 x 7952,,DA,,,,,,,,,2018-08-06,2026-05-14T09:48:33
/Volumes/dataLib/Pictures/Images/2018/2018-08/2018-08-06/DSC01009.ARW,/Volumes/dataLib/Pictures/Images/2018/2018-08/2018-08-06,DSC01009.ARW,DSC01009,ARW,RAW,BFD34DFB-2E4D-4277-BAA3-72DEDF4ECCF9,c044,c044,c044,,gray,0,,555296738,,,FE 50mm F1.4 ZA,100,50 mm,ƒ / 1.4,1/1250 sec,5304 x 7952,,DA,,,,,,,,,2018-08-06,2026-05-14T09:48:33
/Volumes/dataLib/Pictures/Images/2018/2018-08/2018-08-06/DSC01157.ARW,/Volumes/dataLib/Pictures/Images/2018/2018-08/2018-08-06,DSC01157.ARW,DSC01157,ARW,RAW,D442B7B4-6D2F-49D1-85C1-3F855730E0B9,c045,c045,c045,,gray,0,,555297369,,,FE 85mm F1.4 GM,100,85 mm,ƒ / 1.4,1/1000 sec,5304 x 7952,,DA,,,,,,,,,2018-08-06,2026-05-14T09:48:33
/Volumes/dataLib/Pictures/Images/2018/2018-08/2018-08-14/DSC01314.ARW,/Volumes/dataLib/Pictures/Images/2018/2018-08/2018-08-14,DSC01314.ARW,DSC01314,ARW,RAW,4CED5AE9-D915-49AF-8C12-85C9C7CA6B7E,c046,c046,c046,,gray,0,,555981437,,,FE 85mm F1.4 GM,100,85 mm,ƒ / 1.4,1/1600 sec,5304 x 7952,,DA,,,,,,,,,2018-08-14,2026-05-14T09:48:33
/Volumes/dataLib/Pictures/Images/2018/2018-08/2018-08-14/DSC01385-2.ARW,/Volumes/dataLib/Pictures/Images/2018/2018-08/2018-08-14,DSC01385-2.ARW,DSC01385-2,ARW,RAW,E6EDDA9B-6FA2-4E65-8E8A-65826737FD79,c047,c047,c047,,gray,0,,555981787,,,FE 85mm F1.4 GM,100,85 mm,ƒ / 1.4,1/1600 sec,5304 x 7952,,DA,,,,,,,,,2018-08-14,2026-05-14T09:48:33
/Volumes/dataLib/Pictures/Images/2018/2018-08/2018-08-14/DSC01451.ARW,/Volumes/dataLib/Pictures/Images/2018/2018-08/2018-08-14,DSC01451.ARW,DSC01451,ARW,RAW,C11CF394-FA42-4257-BF61-6E0341BD9B01,c048,c048,c048,,gray,0,,555982814,,,FE 85mm F1.4 GM,100,85 mm,ƒ / 1.4,1/2000 sec,5304 x 7952,,DA,,,,,,,,,2018-08-14,2026-05-14T09:48:33
/Volumes/dataLib/Pictures/Images/2018/2018-08/2018-08-14/DSC01546.ARW,/Volumes/dataLib/Pictures/Images/2018/2018-08/2018-08-14,DSC01546.ARW,DSC01546,ARW,RAW,1DE236B7-919D-4D2B-BD65-CF44AA36BC38,c049,c049,c049,,gray,0,,555984794,,,FE 85mm F1.4 GM,100,85 mm,ƒ / 1.8,1/800 sec,5304 x 7952,,DA,,,,,,,,,2018-08-14,2026-05-14T09:48:33
/Volumes/dataLib/Pictures/Images/2018/2018-08/2018-08-14/DSC01574.ARW,/Volumes/dataLib/Pictures/Images/2018/2018-08/2018-08-14,DSC01574.ARW,DSC01574,ARW,RAW,6DE444E1-D227-4F5D-98B9-3331334E4680,c050,c050,c050,,gray,0,,555985212,,,FE 85mm F1.4 GM,100,85 mm,ƒ / 1.8,1/1000 sec,5304 x 7952,,DA,,,,,,,,,2018-08-14,2026-05-14T09:48:33
/Volumes/dataLib/Pictures/Images/2018/2018-08/2018-08-14/DSC01634.ARW,/Volumes/dataLib/Pictures/Images/2018/2018-08/2018-08-14,DSC01634.ARW,DSC01634,ARW,RAW,B6D2ABC6-BEA5-4F6B-AE6A-097A73433D80,c051,c051,c051,,gray,0,,555985654,,,FE 85mm F1.4 GM,100,85 mm,ƒ / 1.8,1/1000 sec,5304 x 7952,,DA,,,,,,,,,2018-08-14,2026-05-14T09:48:33
/Volumes/dataLib/Pictures/Images/2018/2018-08/2018-08-14/DSC01692.ARW,/Volumes/dataLib/Pictures/Images/2018/2018-08/2018-08-14,DSC01692.ARW,DSC01692,ARW,RAW,690A237A-02F0-48D4-979A-A3519FA4AEF2,c052,c052,c052,,gray,0,,555986664,,,FE 85mm F1.4 GM,100,85 mm,ƒ / 1.4,1/250 sec,5304 x 7952,,DA,,,,,,,,,2018-08-14,2026-05-14T09:48:33
/Volumes/dataLib/Pictures/Images/2018/2018-08/2018-08-14/DSC01744.ARW,/Volumes/dataLib/Pictures/Images/2018/2018-08/2018-08-14,DSC01744.ARW,DSC01744,ARW,RAW,33406129-27F5-4F3A-9CFD-3F44214D6221,c053,c053,c053,,gray,0,,555986869,,,FE 85mm F1.4 GM,100,85 mm,ƒ / 1.4,1/250 sec,5304 x 7952,,DA,,,,,,,,,2018-08-14,2026-05-14T09:48:33
/Volumes/dataLib/Pictures/Images/2018/2018-08/2018-08-14/DSC01899.ARW,/Volumes/dataLib/Pictures/Images/2018/2018-08/2018-08-14,DSC01899.ARW,DSC01899,ARW,RAW,EB0CA17A-3230-498A-A34E-F8CE67292A50,c054,c054,c054,,gray,0,,555988468,,,FE 85mm F1.4 GM,100,85 mm,ƒ / 1.4,1/1000 sec,5304 x 7952,,DA,,,,,,,,,2018-08-14,2026-05-14T09:48:33
/Volumes/dataLib/Pictures/Images/2018/2018-09/2018-09-02/DSC03211.ARW,/Volumes/dataLib/Pictures/Images/2018/2018-09/2018-09-02,DSC03211.ARW,DSC03211,ARW,RAW,97AA99F5-1F9E-445F-AFA0-2ED988B62F89,c055,c055,c055,,gray,0,,557624973,,,FE 50mm F1.4 ZA,100,50 mm,ƒ / 1.4,1/400 sec,5304 x 7952,,DA,,,,,,,,,2018-09-02,2026-05-14T09:48:33
/Volumes/dataLib/Pictures/Images/2018/2018-09/2018-09-02/DSC03336.ARW,/Volumes/dataLib/Pictures/Images/2018/2018-09/2018-09-02,DSC03336.ARW,DSC03336,ARW,RAW,9BAB28D8-75AB-45F4-AD5B-A0B2A1FE333C,c056,c056,c056,,gray,0,,557626543,,,FE 85mm F1.4 GM,100,85 mm,ƒ / 1.4,1/400 sec,5304 x 7952,,DA,,,,,,,,,2018-09-02,2026-05-14T09:48:33
/Volumes/dataLib/Pictures/Images/2018/2018-09/2018-09-02/DSC03439.ARW,/Volumes/dataLib/Pictures/Images/2018/2018-09/2018-09-02,DSC03439.ARW,DSC03439,ARW,RAW,B6F6380A-D4F8-4A1C-9EB7-6F9D18A1C16F,c057,c057,@theetr1n1ty ; c057,,gray,0,,557627608,,,FE 50mm F1.4 ZA,100,50 mm,ƒ / 1.4,1/640 sec,5304 x 7952,,DA,,,,,,,,,2018-09-02,2026-05-14T09:48:33
/Volumes/dataLib/Pictures/Images/2018/2018-09/2018-09-02/DSC03466.ARW,/Volumes/dataLib/Pictures/Images/2018/2018-09/2018-09-02,DSC03466.ARW,DSC03466,ARW,RAW,362A58B1-248E-4C8B-8408-4382037CBAC0,c058,c058,@theetr1n1ty ; c058,,gray,0,,557627791,,,FE 50mm F1.4 ZA,100,50 mm,ƒ / 1.4,1/1000 sec,7952 x 5304,,AB,,,,,,,,,2018-09-02,2026-05-14T09:48:33
/Volumes/dataLib/Pictures/Images/2018/2018-09/2018-09-02/DSC03514.ARW,/Volumes/dataLib/Pictures/Images/2018/2018-09/2018-09-02,DSC03514.ARW,DSC03514,ARW,RAW,7DCAB976-DD9D-464B-BF8D-648A315DAD76,c059,c059,@theetr1n1ty ; c059,,gray,0,,557628116,,,FE 50mm F1.4 ZA,100,50 mm,ƒ / 2.0,1/500 sec,5304 x 7952,,DA,,,,,,,,,2018-09-02,2026-05-14T09:48:33
/Volumes/dataLib/Pictures/Images/2018/2018-09/2018-09-15/DSC05421.ARW,/Volumes/dataLib/Pictures/Images/2018/2018-09/2018-09-15,DSC05421.ARW,DSC05421,ARW,RAW,51F6512A-D39E-44BC-88DA-4B8883159566,c060,c060,c060,,gray,0,,558744404,,,FE 50mm F1.4 ZA,100,50 mm,ƒ / 1.4,1/250 sec,5304 x 7952,,DA,,,,,,,,,2018-09-15,2026-05-14T09:48:33
/Volumes/dataLib/Pictures/Images/2018/2018-09/2018-09-15/DSC05522.ARW,/Volumes/dataLib/Pictures/Images/2018/2018-09/2018-09-15,DSC05522.ARW,DSC05522,ARW,RAW,D6E6FEB6-E1C3-47FA-96C6-4B00112933BF,c061,c061,c061,,gray,0,,558745028,,,FE 50mm F1.4 ZA,200,50 mm,ƒ / 1.8,1/250 sec,5304 x 7952,,DA,,,,,,,,,2018-09-15,2026-05-14T09:48:33
/Volumes/dataLib/Pictures/Images/2018/2018-09/2018-09-15/DSC05648.ARW,/Volumes/dataLib/Pictures/Images/2018/2018-09/2018-09-15,DSC05648.ARW,DSC05648,ARW,RAW,B5AF48FF-329F-4D00-906E-7F93A0030FF5,c062,c062,c062,,gray,0,,558745950,,,FE 50mm F1.4 ZA,125,50 mm,ƒ / 1.4,1/250 sec,5304 x 7952,,DA,,,,,,,,,2018-09-15,2026-05-14T09:48:33
/Volumes/dataLib/Pictures/Images/2018/2018-09/2018-09-15/DSC05899.ARW,/Volumes/dataLib/Pictures/Images/2018/2018-09/2018-09-15,DSC05899.ARW,DSC05899,ARW,RAW,0F3AE847-DF3E-4327-B0E7-6589D7D34A4C,c063,c063,c063,,gray,0,,558747530,,,FE 50mm F1.4 ZA,400,50 mm,ƒ / 2.5,1/250 sec,5304 x 7952,,DA,,,,,,,,,2018-09-15,2026-05-14T09:48:33
/Volumes/dataLib/Pictures/Images/2018/2018-09/2018-09-15/DSC05956.ARW,/Volumes/dataLib/Pictures/Images/2018/2018-09/2018-09-15,DSC05956.ARW,DSC05956,ARW,RAW,77996A60-5CDC-4541-AC69-DFB46CB959DA,c064,c064,c064,,gray,0,,558747922,,,FE 50mm F1.4 ZA,400,50 mm,ƒ / 2.5,1/250 sec,5304 x 7952,,DA,,,,,,,,,2018-09-15,2026-05-14T09:48:33
/Volumes/dataLib/Pictures/Images/2018/2018-09/2018-09-15/DSC06107.ARW,/Volumes/dataLib/Pictures/Images/2018/2018-09/2018-09-15,DSC06107.ARW,DSC06107,ARW,RAW,3A492583-140C-4F77-810E-647218C94E44,c065,c065,c065,,gray,0,,558749042,,,FE 50mm F1.4 ZA,1250,50 mm,ƒ / 2.5,1/250 sec,5304 x 7952,,DA,,,,,,,,,2018-09-15,2026-05-14T09:48:33
/Volumes/dataLib/Pictures/Images/2018/2018-09/2018-09-15/DSC06197.ARW,/Volumes/dataLib/Pictures/Images/2018/2018-09/2018-09-15,DSC06197.ARW,DSC06197,ARW,RAW,6E2179E1-B692-472D-ABF8-D19FC0518598,c066,c066,c066,,gray,0,,558750480,,,FE 50mm F1.4 ZA,1600,50 mm,ƒ / 1.8,1/250 sec,5304 x 7952,,DA,,,,,,,,,2018-09-15,2026-05-14T09:48:33
/Volumes/dataLib/Pictures/Images/2018/2018-09/2018-09-21/DSC06570.ARW,/Volumes/dataLib/Pictures/Images/2018/2018-09/2018-09-21,DSC06570.ARW,DSC06570,ARW,RAW,9DE1D3B4-92FD-41C4-A01D-7B68D9229285,c067,c067,c067,,gray,0,,559248001,,,FE 50mm F1.4 ZA,100,50 mm,ƒ / 2.2,1/3200 sec,7952 x 5304,,AB,,,,,,,,,2018-09-21,2026-05-14T09:48:33
/Volumes/dataLib/Pictures/Images/2018/2018-09/2018-09-21/DSC06772.ARW,/Volumes/dataLib/Pictures/Images/2018/2018-09/2018-09-21,DSC06772.ARW,DSC06772,ARW,RAW,633225B7-0129-44B8-BE29-96A785AB82C5,c068,c068,c068,,gray,0,,559257139,,,FE 50mm F1.4 ZA,100,50 mm,ƒ / 2.2,1/400 sec,5304 x 7952,,DA,,,,,,,,,2018-09-21,2026-05-14T09:48:33
/Volumes/dataLib/Pictures/Images/2018/2018-09/2018-09-27/DSC07700.ARW,/Volumes/dataLib/Pictures/Images/2018/2018-09/2018-09-27,DSC07700.ARW,DSC07700,ARW,RAW,0DF730A4-22C8-494E-83D9-2CBE767D61B4,c069,c069,c069,,gray,0,,559784285,,,FE 50mm F1.4 ZA,100,50 mm,ƒ / 2.0,1/320 sec,5304 x 7952,,DA,,,,,,,,,2018-09-27,2026-05-14T09:48:33
/Volumes/dataLib/Pictures/Images/2018/2018-09/2018-09-27/DSC07802.ARW,/Volumes/dataLib/Pictures/Images/2018/2018-09/2018-09-27,DSC07802.ARW,DSC07802,ARW,RAW,DC8AC289-3BB9-4F47-A9C7-84DEDF053F22,c070,c070,c070,,gray,0,,559785350,,,FE 50mm F1.4 ZA,100,50 mm,ƒ / 2.0,1/250 sec,5304 x 7952,,DA,,,,,,,,,2018-09-27,2026-05-14T09:48:33
/Volumes/dataLib/Pictures/Images/2018/2018-09/2018-09-27/DSC07875.ARW,/Volumes/dataLib/Pictures/Images/2018/2018-09/2018-09-27,DSC07875.ARW,DSC07875,ARW,RAW,0893BCDE-088A-4F17-BAE5-C24A8C1E4561,c071,c071,c071,,gray,0,,559785851,,,FE 50mm F1.4 ZA,100,50 mm,ƒ / 2.0,1/250 sec,5304 x 7952,,DA,,,,,,,,,2018-09-27,2026-05-14T09:48:33
/Volumes/dataLib/Pictures/Images/2018/2018-09/2018-09-27/DSC07929.ARW,/Volumes/dataLib/Pictures/Images/2018/2018-09/2018-09-27,DSC07929.ARW,DSC07929,ARW,RAW,13A88FAF-6E53-4F14-9328-AE9C3ACBA9EF,c072,c072,c072,,gray,0,,559786499,,,FE 35mm F1.4 ZA,500,35 mm,ƒ / 2.0,1/250 sec,5304 x 7952,,DA,,,,,,,,,2018-09-27,2026-05-14T09:48:33
/Volumes/dataLib/Pictures/Images/2018/2018-09/2018-09-27/DSC08147.ARW,/Volumes/dataLib/Pictures/Images/2018/2018-09/2018-09-27,DSC08147.ARW,DSC08147,ARW,RAW,62B8818F-1A3E-4BA4-B96E-F52B9F92F2E5,c073,c073,c073,,gray,0,,559787500,,,FE 50mm F1.4 ZA,250,50 mm,ƒ / 2.2,1/250 sec,5304 x 7952,,DA,,,,,,,,,2018-09-27,2026-05-14T09:48:33
/Volumes/dataLib/Pictures/Images/2018/2018-10/2018-10-28/DSC00320.ARW,/Volumes/dataLib/Pictures/Images/2018/2018-10/2018-10-28,DSC00320.ARW,DSC00320,ARW,RAW,3FE5282C-A340-4682-8F66-2718B027768D,c074,c074,c074,,gray,0,,562459614,,,FE 35mm F1.4 ZA,100,35 mm,ƒ / 2.5,1/250 sec,5304 x 7952,,DA,,,,,,,,,2018-10-28,2026-05-14T09:48:33
/Volumes/dataLib/Pictures/Images/2018/2018-10/2018-10-28/DSC00627.ARW,/Volumes/dataLib/Pictures/Images/2018/2018-10/2018-10-28,DSC00627.ARW,DSC00627,ARW,RAW,C93CF78F-6B47-472C-853A-740BC73F1FA2,c075,c075,c075,,gray,0,,562460853,,,24mm F1.4 DG HSM | Art 018,125,24 mm,ƒ / 2.0,1/250 sec,5304 x 7952,,DA,,,,,,,,,2018-10-28,2026-05-14T09:48:33
/Volumes/dataLib/Pictures/Images/2018/2018-11/2018-11-06/DSC03084.ARW,/Volumes/dataLib/Pictures/Images/2018/2018-11/2018-11-06,DSC03084.ARW,DSC03084,ARW,RAW,48B0F84D-BA74-42C8-A4DF-297505ADF99B,c076,c076,c076,,gray,0,,563238777,,,FE 50mm F1.4 ZA,400,50 mm,ƒ / 2.2,1/250 sec,5304 x 7952,,DA,,,,,,,,,2018-11-06,2026-05-14T09:48:33
/Volumes/dataLib/Pictures/Images/2018/2018-11/2018-11-06/DSC03109.ARW,/Volumes/dataLib/Pictures/Images/2018/2018-11/2018-11-06,DSC03109.ARW,DSC03109,ARW,RAW,777D4F91-75F3-4C4F-B8A6-4FBB45A00B65,c077,c077,c077,,gray,0,,563238933,,,FE 50mm F1.4 ZA,320,50 mm,ƒ / 2.2,1/250 sec,5304 x 7952,,DA,,,,,,,,,2018-11-06,2026-05-14T09:48:33
/Volumes/dataLib/Pictures/Images/2018/2018-11/2018-11-06/DSC03182.ARW,/Volumes/dataLib/Pictures/Images/2018/2018-11/2018-11-06,DSC03182.ARW,DSC03182,ARW,RAW,9141F727-40C6-40FE-896D-2ABCB440FBFE,c078,c078,c078,,gray,0,,563239094,,,FE 50mm F1.4 ZA,400,50 mm,ƒ / 2.2,1/250 sec,5304 x 7952,,DA,,,,,,,,,2018-11-06,2026-05-14T09:48:33
/Volumes/dataLib/Pictures/Images/2018/2018-11/2018-11-06/DSC03352.ARW,/Volumes/dataLib/Pictures/Images/2018/2018-11/2018-11-06,DSC03352.ARW,DSC03352,ARW,RAW,9585E1A2-5FF1-477E-BBE3-819677741C98,c079,c079,c079,,gray,0,,563240003,,,FE 50mm F1.4 ZA,200,50 mm,ƒ / 2.2,1/250 sec,5304 x 7952,,DA,,,,,,,,,2018-11-06,2026-05-14T09:48:33
/Volumes/dataLib/Pictures/Images/2018/2018-11/2018-11-06/DSC03429.ARW,/Volumes/dataLib/Pictures/Images/2018/2018-11/2018-11-06,DSC03429.ARW,DSC03429,ARW,RAW,4F4C006E-43C1-4A81-95F8-70948BDAEBAB,c080,c080,c080,,gray,0,,563242164,,,FE 50mm F1.4 ZA,100,50 mm,ƒ / 2.2,1/320 sec,5304 x 7952,,DA,,,,,,,,,2018-11-06,2026-05-14T09:48:33
/Volumes/dataLib/Pictures/Images/2018/2018-11/2018-11-06/DSC03505.ARW,/Volumes/dataLib/Pictures/Images/2018/2018-11/2018-11-06,DSC03505.ARW,DSC03505,ARW,RAW,15042A9B-A560-4545-894B-689AF409FF8A,c081,c081,c081,,gray,0,,563242326,,,FE 50mm F1.4 ZA,160,50 mm,ƒ / 2.2,1/250 sec,5304 x 7952,,DA,,,,,,,,,2018-11-06,2026-05-14T09:48:33
/Volumes/dataLib/Pictures/Images/2018/2018-11/2018-11-06/DSC03685.ARW,/Volumes/dataLib/Pictures/Images/2018/2018-11/2018-11-06,DSC03685.ARW,DSC03685,ARW,RAW,9ACC5B79-BAB8-4863-B181-B330A42AD9CC,c082,c082,c082,,gray,0,,563243688,,,FE 50mm F1.4 ZA,100,50 mm,ƒ / 2.2,1/320 sec,5304 x 7952,,DA,,,,,,,,,2018-11-06,2026-05-14T09:48:33
/Volumes/dataLib/Pictures/Images/2018/2018-11/2018-11-06/DSC03924.ARW,/Volumes/dataLib/Pictures/Images/2018/2018-11/2018-11-06,DSC03924.ARW,DSC03924,ARW,RAW,5F94D29D-9863-43E7-A284-EA87B92B86E7,c083,c083,c083,,gray,0,,563244850,,,FE 85mm F1.4 GM,160,85 mm,ƒ / 2.2,1/250 sec,5304 x 7952,,DA,,,,,,,,,2018-11-06,2026-05-14T09:48:33
/Volumes/dataLib/Pictures/Images/2018/2018-11/2018-11-07/DSC04067.ARW,/Volumes/dataLib/Pictures/Images/2018/2018-11/2018-11-07,DSC04067.ARW,DSC04067,ARW,RAW,9F4CC38B-9455-4370-863E-2EC05D67300F,c084,c084,c084,,gray,0,,563325552,,,FE 50mm F1.4 ZA,100,50 mm,ƒ / 2.2,1/250 sec,5304 x 7952,,DA,,,,,,,,,2018-11-07,2026-05-14T09:48:33
/Volumes/dataLib/Pictures/Images/2018/2018-11/2018-11-07/DSC04227.ARW,/Volumes/dataLib/Pictures/Images/2018/2018-11/2018-11-07,DSC04227.ARW,DSC04227,ARW,RAW,E9102F0E-8051-4B92-A4E3-41B72DBDEB1F,c085,c085,c085,,gray,0,,563330596,,,FE 50mm F1.4 ZA,100,50 mm,ƒ / 2.2,1/250 sec,5304 x 7952,,DA,,,,,,,,,2018-11-07,2026-05-14T09:48:33
/Volumes/dataLib/Pictures/Images/2018/2018-11/2018-11-10/DSC04347.ARW,/Volumes/dataLib/Pictures/Images/2018/2018-11/2018-11-10,DSC04347.ARW,DSC04347,ARW,RAW,4E892AF5-956F-4A7B-B67E-F6E8BB7AC776,c086,c086,c086,,gray,0,,563571576,,,FE 50mm F1.4 ZA,320,50 mm,ƒ / 2.2,1/250 sec,5304 x 7952,,DA,,,,,,,,,2018-11-10,2026-05-14T09:48:33
/Volumes/dataLib/Pictures/Images/2018/2018-11/2018-11-10/DSC04389.ARW,/Volumes/dataLib/Pictures/Images/2018/2018-11/2018-11-10,DSC04389.ARW,DSC04389,ARW,RAW,D1D88613-88CD-45B6-9A6F-81EF8D729A72,c087,c087,c087,,gray,0,,563572071,,,FE 50mm F1.4 ZA,250,50 mm,ƒ / 2.2,1/250 sec,5304 x 7952,,DA,,,,,,,,,2018-11-10,2026-05-14T09:48:33
/Volumes/dataLib/Pictures/Images/2018/2018-11/2018-11-10/DSC04443.ARW,/Volumes/dataLib/Pictures/Images/2018/2018-11/2018-11-10,DSC04443.ARW,DSC04443,ARW,RAW,6F033743-BD31-4F45-A30A-1597EF97D971,c088,c088,c088,,gray,0,,563572664,,,FE 85mm F1.4 GM,500,85 mm,ƒ / 2.2,1/250 sec,5304 x 7952,,DA,,,,,,,,,2018-11-10,2026-05-14T09:48:33
/Volumes/dataLib/Pictures/Images/2018/2018-11/2018-11-10/DSC04465.ARW,/Volumes/dataLib/Pictures/Images/2018/2018-11/2018-11-10,DSC04465.ARW,DSC04465,ARW,RAW,FB2C5DC8-E010-4C17-9B4F-C46EBB87C051,c089,c089,c089,,gray,0,,563572895,,,FE 85mm F1.4 GM,320,85 mm,ƒ / 2.2,1/250 sec,5304 x 7952,,DA,,,,,,,,,2018-11-10,2026-05-14T09:48:33
/Volumes/dataLib/Pictures/Images/2018/2018-11/2018-11-10/DSC04515.ARW,/Volumes/dataLib/Pictures/Images/2018/2018-11/2018-11-10,DSC04515.ARW,DSC04515,ARW,RAW,46CB61B1-E0BB-4E0F-A411-BADA3DF3B4F6,c090,c090,c090,,gray,0,,563573945,,,FE 85mm F1.4 GM,100,85 mm,ƒ / 2.2,1/400 sec,5304 x 7952,,DA,,,,,,,,,2018-11-10,2026-05-14T09:48:33
/Volumes/dataLib/Pictures/Images/2018/2018-11/2018-11-10/DSC04546.ARW,/Volumes/dataLib/Pictures/Images/2018/2018-11/2018-11-10,DSC04546.ARW,DSC04546,ARW,RAW,2F7173AA-6921-4D02-8E59-49F8C083A6F2,c091,c091,c091,,gray,0,,563574126,,,FE 85mm F1.4 GM,100,85 mm,ƒ / 2.2,1/400 sec,5304 x 7952,,DA,,,,,,,,,2018-11-10,2026-05-14T09:48:33
/Volumes/dataLib/Pictures/Images/2018/2018-11/2018-11-10/DSC04634.ARW,/Volumes/dataLib/Pictures/Images/2018/2018-11/2018-11-10,DSC04634.ARW,DSC04634,ARW,RAW,381B7C98-D409-4204-B7AA-612940DC16E5,c092,c092,c092,,gray,0,,563575324,,,FE 35mm F1.4 ZA,100,35 mm,ƒ / 1.4,1/1600 sec,7952 x 5304,,AB,,,,,,,,,2018-11-10,2026-05-14T09:48:33
/Volumes/dataLib/Pictures/Images/2018/2018-11/2018-11-10/DSC04789.ARW,/Volumes/dataLib/Pictures/Images/2018/2018-11/2018-11-10,DSC04789.ARW,DSC04789,ARW,RAW,644293A1-758B-4AF0-BC45-5D5A890E5E5F,c093,c093,c093,,gray,0,,563578686,,,FE 50mm F1.4 ZA,200,50 mm,ƒ / 2.2,1/250 sec,5304 x 7952,,DA,,,,,,,,,2018-11-10,2026-05-14T09:48:33
/Volumes/dataLib/Pictures/Images/2018/2018-11/2018-11-19/DSC05639.ARW,/Volumes/dataLib/Pictures/Images/2018/2018-11/2018-11-19,DSC05639.ARW,DSC05639,ARW,RAW,1A781E2D-4CCF-4C12-AB00-28B42F1B9057,c094,c094,c094,,gray,0,,564364402,,,FE 50mm F1.4 ZA,320,50 mm,ƒ / 3.2,1/250 sec,5304 x 7952,,DA,,,,,,,,,2018-11-19,2026-05-14T09:48:33
/Volumes/dataLib/Pictures/Images/2018/2018-11/2018-11-19/DSC05763.ARW,/Volumes/dataLib/Pictures/Images/2018/2018-11/2018-11-19,DSC05763.ARW,DSC05763,ARW,RAW,2B7B01CF-DF60-46F9-AD5F-BCDDCD3F03D7,c095,c095,c095,,gray,0,,564365349,,,FE 50mm F1.4 ZA,1000,50 mm,ƒ / 3.2,1/250 sec,5304 x 7952,,DA,,,,,,,,,2018-11-19,2026-05-14T09:48:33
/Volumes/dataLib/Pictures/Images/2018/2018-11/2018-11-19/DSC05802.ARW,/Volumes/dataLib/Pictures/Images/2018/2018-11/2018-11-19,DSC05802.ARW,DSC05802,ARW,RAW,E5565490-67C7-4452-8449-25AF282D6772,c096,c096,c096,,gray,0,,564365670,,,FE 50mm F1.4 ZA,250,50 mm,ƒ / 1.8,1/250 sec,5304 x 7952,,DA,,,,,,,,,2018-11-19,2026-05-14T09:48:33
/Volumes/dataLib/Pictures/Images/2018/2018-11/2018-11-19/DSC05846.ARW,/Volumes/dataLib/Pictures/Images/2018/2018-11/2018-11-19,DSC05846.ARW,DSC05846,ARW,RAW,14539016-0C30-402B-9846-7B24F8F34914,c097,c097,c097,,gray,0,,564365900,,,FE 35mm F1.4 ZA,800,35 mm,ƒ / 3.2,1/250 sec,5304 x 7952,,DA,,,,,,,,,2018-11-19,2026-05-14T09:48:33
/Volumes/dataLib/Pictures/Images/2018/2018-11/2018-11-19/DSC05907.ARW,/Volumes/dataLib/Pictures/Images/2018/2018-11/2018-11-19,DSC05907.ARW,DSC05907,ARW,RAW,68FF5870-5B5A-45B7-B4D7-2BC8B4893677,c098,c098,c098,,gray,0,,564366912,,,FE 85mm F1.4 GM,1000,85 mm,ƒ / 3.2,1/250 sec,5304 x 7952,,DA,,,,,,,,,2018-11-19,2026-05-14T09:48:33
/Volumes/dataLib/Pictures/Images/2018/2018-11/2018-11-19/DSC05974.ARW,/Volumes/dataLib/Pictures/Images/2018/2018-11/2018-11-19,DSC05974.ARW,DSC05974,ARW,RAW,083D6A87-A839-4E9F-9992-492460C9AD8C,c099,c099,c099,,gray,0,,564367643,,,FE 85mm F1.4 GM,5000,85 mm,ƒ / 4.0,1/250 sec,5304 x 7952,,DA,,,,,,,,,2018-11-19,2026-05-14T09:48:33
/Volumes/dataLib/Pictures/Images/2018/2018-11/2018-11-19/DSC06024.ARW,/Volumes/dataLib/Pictures/Images/2018/2018-11/2018-11-19,DSC06024.ARW,DSC06024,ARW,RAW,A2A99A52-703F-4657-8F93-9B1A2691F55B,c100,c100,c100,,gray,0,,564368126,,,FE 85mm F1.4 GM,4000,85 mm,ƒ / 3.5,1/250 sec,5304 x 7952,,DA,,,,,,,,,2018-11-19,2026-05-14T09:48:33
/Volumes/dataLib/Pictures/Images/2019/2019-01/2019-01-26/DSC01366.ARW,/Volumes/dataLib/Pictures/Images/2019/2019-01/2019-01-26,DSC01366.ARW,DSC01366,ARW,RAW,56235903-AFF6-4E3D-86BE-4595A5C6EC68,c101,c101,c101,,gray,0,,570238948,,,FE 85mm F1.4 GM,100,85 mm,ƒ / 2.5,1/250 sec,5304 x 7952,,DA,,,,,,,,,2019-01-26,2026-05-14T09:48:33
/Volumes/dataLib/Pictures/Images/2019/2019-01/2019-01-26/DSC01454.ARW,/Volumes/dataLib/Pictures/Images/2019/2019-01/2019-01-26,DSC01454.ARW,DSC01454,ARW,RAW,681F46D7-ACEC-4612-9DEA-13F7B60662FB,c102,c102,c102,,gray,0,,570239351,,,FE 85mm F1.4 GM,100,85 mm,ƒ / 2.5,1/250 sec,5304 x 7952,,DA,,,,,,,,,2019-01-26,2026-05-14T09:48:33
/Volumes/dataLib/Pictures/Images/2019/2019-01/2019-01-26/DSC01510.ARW,/Volumes/dataLib/Pictures/Images/2019/2019-01/2019-01-26,DSC01510.ARW,DSC01510,ARW,RAW,CD2A8F24-AF63-495D-A81D-8B05F0F27716,c103,c103,c103,,gray,0,,570239820,,,FE 50mm F1.4 ZA,100,50 mm,ƒ / 2.5,1/320 sec,5304 x 7952,,DA,,,,,,,,,2019-01-26,2026-05-14T09:48:33
/Volumes/dataLib/Pictures/Images/2019/2019-02/2019-02-11/DSC02014.ARW,/Volumes/dataLib/Pictures/Images/2019/2019-02/2019-02-11,DSC02014.ARW,DSC02014,ARW,RAW,CCEFBB34-3FB4-4D40-BC12-2EF709A5C675,c104,c104,c104,,gray,0,,571620495,,,FE 85mm F1.4 GM,125,85 mm,ƒ / 2.5,1/250 sec,5304 x 7952,,DA,,,,,,,,,2019-02-11,2026-05-14T09:48:33
/Volumes/dataLib/Pictures/Images/2019/2019-02/2019-02-11/DSC02074-2.ARW,/Volumes/dataLib/Pictures/Images/2019/2019-02/2019-02-11,DSC02074-2.ARW,DSC02074-2,ARW,RAW,1C4E3CEA-511F-4182-A000-AFB4F2DD5400,c105,c105,c105,,gray,0,,571621139,,,FE 85mm F1.4 GM,125,85 mm,ƒ / 2.5,1/250 sec,5304 x 7952,,DA,,,,,,,,,2019-02-11,2026-05-14T09:48:33
/Volumes/dataLib/Pictures/Images/2019/2019-03/2019-03-26/DSC04531.ARW,/Volumes/dataLib/Pictures/Images/2019/2019-03/2019-03-26,DSC04531.ARW,DSC04531,ARW,RAW,80BF2639-D43B-4445-A8A0-75518E86C033,c106,c106,c106,,gray,0,,575331072,,,FE 85mm F1.4 GM,100,85 mm,ƒ / 3.2,1/800 sec,5304 x 7952,,DA,,,,,,,,,2019-03-26,2026-05-14T09:48:33
/Volumes/dataLib/Pictures/Images/2019/2019-03/2019-03-26/DSC04749.ARW,/Volumes/dataLib/Pictures/Images/2019/2019-03/2019-03-26,DSC04749.ARW,DSC04749,ARW,RAW,D9E1F81D-395C-4002-8094-E6FCC0A7C2FC,c107,c107,c107,,gray,0,,575332329,,,FE 85mm F1.4 GM,100,85 mm,ƒ / 3.2,1/1250 sec,5304 x 7952,,DA,,,,,,,,,2019-03-26,2026-05-14T09:48:33
/Volumes/dataLib/Pictures/Images/2019/2019-03/2019-03-26/DSC04853.ARW,/Volumes/dataLib/Pictures/Images/2019/2019-03/2019-03-26,DSC04853.ARW,DSC04853,ARW,RAW,45859DD9-EBF7-4AE8-B7B1-6AA17307B0C1,c108,c108,c108,,gray,0,,575333288,,,FE 85mm F1.4 GM,125,85 mm,ƒ / 3.2,1/250 sec,5304 x 7952,,DA,,,,,,,,,2019-03-26,2026-05-14T09:48:33
/Volumes/dataLib/Pictures/Images/2019/2019-05/2019-05-17/DSC08754.ARW,/Volumes/dataLib/Pictures/Images/2019/2019-05/2019-05-17,DSC08754.ARW,DSC08754,ARW,RAW,26898301-3B69-43D6-857F-1B95EBD3A752,c109,c109,c109,,gray,0,,579829045,,,FE 85mm F1.4 GM,100,85 mm,ƒ / 2.2,1/400 sec,5304 x 7952,,DA,,,,,,,,,2019-05-17,2026-05-14T09:48:33
/Volumes/dataLib/Pictures/Images/2019/2019-05/2019-05-17/DSC09102.ARW,/Volumes/dataLib/Pictures/Images/2019/2019-05/2019-05-17,DSC09102.ARW,DSC09102,ARW,RAW,DA318218-90C1-49D7-9BEB-ECFFF66F6E38,c110,c110,c110,,gray,0,,579830885,,,FE 85mm F1.4 GM,125,85 mm,ƒ / 4.0,1/250 sec,5304 x 7952,,DA,,,,,,,,,2019-05-17,2026-05-14T09:48:33
/Volumes/dataLib/Pictures/Images/2019/2019-05/2019-05-17/DSC09198.ARW,/Volumes/dataLib/Pictures/Images/2019/2019-05/2019-05-17,DSC09198.ARW,DSC09198,ARW,RAW,76F8C840-90CE-4A2E-B223-9FB50A054704,c111,c111,c111,,gray,0,,579831886,,,FE 85mm F1.4 GM,160,85 mm,ƒ / 2.2,1/250 sec,5304 x 7952,,DA,,,,,,,,,2019-05-17,2026-05-14T09:48:33
/Volumes/dataLib/Pictures/Images/2019/2019-05/2019-05-17/DSC09301.ARW,/Volumes/dataLib/Pictures/Images/2019/2019-05/2019-05-17,DSC09301.ARW,DSC09301,ARW,RAW,D18AAB95-1B0A-418F-8E0A-5CBF1A237A03,c112,c112,c112,,gray,0,,579832734,,,FE 85mm F1.4 GM,100,85 mm,ƒ / 2.2,1/1000 sec,5304 x 7952,,DA,,,,,,,,,2019-05-17,2026-05-14T09:48:33
/Volumes/dataLib/Pictures/Images/2019/2019-07/2019-07-22/DSC01620.ARW,/Volumes/dataLib/Pictures/Images/2019/2019-07/2019-07-22,DSC01620.ARW,DSC01620,ARW,RAW,08DCF782-8F60-4528-B0B8-50942C26AF9C,c113,c113,c113,,gray,0,,585534008,,,FE 50mm F1.4 ZA,200,50 mm,ƒ / 2.2,1/250 sec,5304 x 7952,,DA,,,,,,,,,2019-07-22,2026-05-14T09:48:33
/Volumes/dataLib/Pictures/Images/2019/2019-07/2019-07-22/DSC01830.ARW,/Volumes/dataLib/Pictures/Images/2019/2019-07/2019-07-22,DSC01830.ARW,DSC01830,ARW,RAW,2869453D-CE91-453C-9F0F-22DA25A464F2,c114,c114,c114,,gray,0,,585535275,,,FE 50mm F1.4 ZA,200,50 mm,ƒ / 2.2,1/250 sec,5304 x 7952,,DA,,,,,,,,,2019-07-22,2026-05-14T09:48:33
/Volumes/dataLib/Pictures/Images/2019/2019-07/2019-07-25/DSC02558.ARW,/Volumes/dataLib/Pictures/Images/2019/2019-07/2019-07-25,DSC02558.ARW,DSC02558,ARW,RAW,0BDFE55D-F39A-467D-BA8C-54A19D806DDA,c115,c115,c115,,gray,0,,585789451,,,FE 35mm F1.4 ZA,200,35 mm,ƒ / 2.8,1/250 sec,5304 x 7952,,DA,,,,,,,,,2019-07-25,2026-05-14T09:48:33
/Volumes/dataLib/Pictures/Images/2019/2019-08/2019-08-05/DSC03655.ARW,/Volumes/dataLib/Pictures/Images/2019/2019-08/2019-08-05,DSC03655.ARW,DSC03655,ARW,RAW,B41CF65F-B43B-47A8-9E27-3CAE6DCE9C51,c117,c117,c117,,gray,0,,586744918,,,FE 35mm F1.4 ZA,100,35 mm,ƒ / 2.2,1/640 sec,5304 x 7952,,DA,,,,,,,,,2019-08-05,2026-05-14T09:48:33
/Volumes/dataLib/Pictures/Images/2019/2019-08/2019-08-05/DSC03693.ARW,/Volumes/dataLib/Pictures/Images/2019/2019-08/2019-08-05,DSC03693.ARW,DSC03693,ARW,RAW,E362F08B-C56E-4A43-A98C-7C3130852795,c118,c118,c118,,gray,0,,586745701,,,FE 50mm F1.4 ZA,100,50 mm,ƒ / 2.2,1/800 sec,5304 x 7952,,DA,,,,,,,,,2019-08-05,2026-05-14T09:48:33
/Volumes/dataLib/Pictures/Images/2019/2019-08/2019-08-05/DSC03764.ARW,/Volumes/dataLib/Pictures/Images/2019/2019-08/2019-08-05,DSC03764.ARW,DSC03764,ARW,RAW,D38D3193-8890-4DFF-AF88-D7B8CE673AB7,c119,c119,c119,,gray,0,,586748263,,,FE 50mm F1.4 ZA,100,50 mm,ƒ / 1.8,1/2500 sec,5304 x 7952,,DA,,,,,,,,,2019-08-05,2026-05-14T09:48:33
/Volumes/dataLib/Pictures/Images/2019/2019-08/2019-08-05/DSC03812.ARW,/Volumes/dataLib/Pictures/Images/2019/2019-08/2019-08-05,DSC03812.ARW,DSC03812,ARW,RAW,5030565C-3FA1-467C-AEA9-26056F1FAE89,c120,c120,c120,,gray,0,,586748573,,,FE 50mm F1.4 ZA,100,50 mm,ƒ / 3.2,1/250 sec,5304 x 7952,,DA,,,,,,,,,2019-08-05,2026-05-14T09:48:33
/Volumes/dataLib/Pictures/Images/2019/2019-08/2019-08-06/DSC04026.ARW,/Volumes/dataLib/Pictures/Images/2019/2019-08/2019-08-06,DSC04026.ARW,DSC04026,ARW,RAW,DBEB7DD7-C7AC-4172-A5F0-FFF750664E96,c121,c121,c121,,gray,0,,586827185,,,FE 50mm F1.4 ZA,100,50 mm,ƒ / 5.6,1/80 sec,5304 x 7952,,DA,,,,,,,,,2019-08-06,2026-05-14T09:48:33
/Volumes/dataLib/Pictures/Images/2019/2019-08/2019-08-06/DSC04202.ARW,/Volumes/dataLib/Pictures/Images/2019/2019-08/2019-08-06,DSC04202.ARW,DSC04202,ARW,RAW,95CDEB76-DA3D-401C-AB12-47FC8E6C453F,c122,c122,c122,,gray,0,,586828440,,,FE 85mm F1.4 GM,100,85 mm,ƒ / 1.6,1/800 sec,5304 x 7952,,DA,,,,,,,,,2019-08-06,2026-05-14T09:48:33
/Volumes/dataLib/Pictures/Images/2019/2019-08/2019-08-06/DSC04284.ARW,/Volumes/dataLib/Pictures/Images/2019/2019-08/2019-08-06,DSC04284.ARW,DSC04284,ARW,RAW,959E163D-019C-4E98-B6B7-7CCA97C16ACE,c123,c123,c123,,gray,0,,586833411,,,FE 50mm F1.4 ZA,100,50 mm,ƒ / 1.6,1/2000 sec,5304 x 7952,,DA,,,,,,,,,2019-08-06,2026-05-14T09:48:33
/Volumes/dataLib/Pictures/Images/2019/2019-08/2019-08-06/DSC04319.ARW,/Volumes/dataLib/Pictures/Images/2019/2019-08/2019-08-06,DSC04319.ARW,DSC04319,ARW,RAW,FF59E002-271A-4D0C-B7A7-CB691E7D6A93,c125,c125,c125,,gray,0,,586833919,,,FE 50mm F1.4 ZA,100,50 mm,ƒ / 1.4,1/1250 sec,5304 x 7952,,DA,,,,,,,,,2019-08-06,2026-05-14T09:48:33
/Volumes/dataLib/Pictures/Images/2019/2019-08/2019-08-06/DSC04399.ARW,/Volumes/dataLib/Pictures/Images/2019/2019-08/2019-08-06,DSC04399.ARW,DSC04399,ARW,RAW,2B424E5B-8076-457C-A3F5-35C0997E5AC1,c126,c126,c126,,gray,0,,586834421,,,FE 85mm F1.4 GM,100,85 mm,ƒ / 1.8,1/1600 sec,5304 x 7952,,DA,,,,,,,,,2019-08-06,2026-05-14T09:48:33
/Volumes/dataLib/Pictures/Images/2019/2019-09/2019-09-21/DSC05423.ARW,/Volumes/dataLib/Pictures/Images/2019/2019-09/2019-09-21,DSC05423.ARW,DSC05423,ARW,RAW,E1CFB679-D449-46F7-8605-E9E9DE31C2BB,c127,c127,c127,,gray,0,,590803195,,,FE 85mm F1.4 GM,100,85 mm,ƒ / 2.8,1/320 sec,5304 x 7952,,DA,,,,,,,,,2019-09-21,2026-05-14T09:48:33
/Volumes/dataLib/Pictures/Images/2019/2019-09/2019-09-21/DSC05499.ARW,/Volumes/dataLib/Pictures/Images/2019/2019-09/2019-09-21,DSC05499.ARW,DSC05499,ARW,RAW,2762C87A-2B48-481D-83CF-78893E365866,c128,c128,c128,,gray,0,,590804659,,,FE 85mm F1.4 GM,250,85 mm,ƒ / 3.2,1/250 sec,5304 x 7952,,DA,,,,,,,,,2019-09-21,2026-05-14T09:48:33
/Volumes/dataLib/Pictures/Images/2019/2019-10/2019-10-23/DSC07091.ARW,/Volumes/dataLib/Pictures/Images/2019/2019-10/2019-10-23,DSC07091.ARW,DSC07091,ARW,RAW,C8D86071-B841-4047-84FD-7126893A0877,c129,c129,c129,,gray,0,,593564366,,,FE 85mm F1.4 GM,100,85 mm,ƒ / 2.2,1/2000 sec,5304 x 7952,,DA,,,,,,,,,2019-10-23,2026-05-14T09:48:33
/Volumes/dataLib/Pictures/Images/2019/2019-10/2019-10-23/DSC07210.ARW,/Volumes/dataLib/Pictures/Images/2019/2019-10/2019-10-23,DSC07210.ARW,DSC07210,ARW,RAW,B734F6CC-B6E5-4B70-BB9E-37BEADDD9AE0,c130,c130,c130,,gray,0,,593566818,,,FE 50mm F1.4 ZA,125,50 mm,ƒ / 2.2,1/250 sec,5304 x 7952,,DA,,,,,,,,,2019-10-23,2026-05-14T09:48:33
/Volumes/dataLib/Pictures/Images/2019/2019-10/2019-10-23/DSC07252.ARW,/Volumes/dataLib/Pictures/Images/2019/2019-10/2019-10-23,DSC07252.ARW,DSC07252,ARW,RAW,23B72FCF-7D2A-4285-B897-829D5158FAF8,c131,c131,c131 ; g080,,gray,0,,593567169,,,FE 50mm F1.4 ZA,125,50 mm,ƒ / 2.2,1/250 sec,5304 x 7952,,DA,,,,,,,,,2019-10-23,2026-05-14T09:48:33
/Volumes/dataLib/Pictures/Images/2019/2019-10/2019-10-23/DSC07368.ARW,/Volumes/dataLib/Pictures/Images/2019/2019-10/2019-10-23,DSC07368.ARW,DSC07368,ARW,RAW,EA5A324E-8725-4E53-8016-73ED03BBF893,c132,c132,c132,,gray,0,,593567402,,,FE 50mm F1.4 ZA,125,50 mm,ƒ / 2.2,1/250 sec,5304 x 7952,,DA,,,,,,,,,2019-10-23,2026-05-14T09:48:33
/Volumes/dataLib/Pictures/Images/2019/2019-10/2019-10-23/DSC07458.ARW,/Volumes/dataLib/Pictures/Images/2019/2019-10/2019-10-23,DSC07458.ARW,DSC07458,ARW,RAW,481D3349-D0A5-41A9-8D3A-BDD0567B0E49,c133,c133,c133 ; g079,,gray,0,,593568036,,,FE 50mm F1.4 ZA,500,50 mm,ƒ / 2.2,1/250 sec,5304 x 7952,,DA,,,,,,,,,2019-10-23,2026-05-14T09:48:33
/Volumes/dataLib/Pictures/Images/2019/2019-10/2019-10-26/DSC07518.ARW,/Volumes/dataLib/Pictures/Images/2019/2019-10/2019-10-26,DSC07518.ARW,DSC07518,ARW,RAW,337100AD-7A0A-453D-8B6E-9331D0880040,c134,c134,c134 ; g078,,gray,0,,593825202,,,FE 50mm F1.4 ZA,100,50 mm,ƒ / 2.0,1/320 sec,5304 x 7952,,DA,,,,,,,,,2019-10-26,2026-05-14T09:48:33
/Volumes/dataLib/Pictures/Images/2019/2019-10/2019-10-26/DSC07591.ARW,/Volumes/dataLib/Pictures/Images/2019/2019-10/2019-10-26,DSC07591.ARW,DSC07591,ARW,RAW,684FB366-7DB1-41EF-9379-7778061CF9C7,c135,c135,c135,,gray,0,,593827042,,,FE 50mm F1.4 ZA,800,50 mm,ƒ / 2.5,1/250 sec,5304 x 7952,,DA,,,,,,,,,2019-10-26,2026-05-14T09:48:33
/Volumes/dataLib/Pictures/Images/2020/2020-01/2020-01-14/DSC08545.ARW,/Volumes/dataLib/Pictures/Images/2020/2020-01/2020-01-14,DSC08545.ARW,DSC08545,ARW,RAW,6F5691ED-8305-4BEA-B5AD-38032D6C98DF,c136,c136,c136 ; g077,,gray,0,,600728612,,,FE 50mm F1.4 ZA,320,50 mm,ƒ / 2.8,1/250 sec,5304 x 7952,,DA,,,,,,,,,2020-01-14,2026-05-14T09:48:33
/Volumes/dataLib/Pictures/Images/2020/2020-01/2020-01-14/DSC08662.ARW,/Volumes/dataLib/Pictures/Images/2020/2020-01/2020-01-14,DSC08662.ARW,DSC08662,ARW,RAW,8BD21FA8-4046-479C-A348-C615082664A4,c137,c137,c137,,gray,0,,600730909,,,FE 50mm F1.4 ZA,200,50 mm,ƒ / 2.8,1/250 sec,5304 x 7952,,DA,,,,,,,,,2020-01-14,2026-05-14T09:48:33
/Volumes/dataLib/Pictures/Images/2020/2020-01/2020-01-14/DSC08806.ARW,/Volumes/dataLib/Pictures/Images/2020/2020-01/2020-01-14,DSC08806.ARW,DSC08806,ARW,RAW,70F7BDB9-4F73-4E59-BFE5-715A18497AE4,c138,c138,c138,,gray,0,,600732131,,,FE 50mm F1.4 ZA,200,50 mm,ƒ / 4.0,1/250 sec,5304 x 7952,,DA,,,,,,,,,2020-01-14,2026-05-14T09:48:33
/Volumes/dataLib/Pictures/Images/2020/2020-02/2020-02-09/DSC09611.ARW,/Volumes/dataLib/Pictures/Images/2020/2020-02/2020-02-09,DSC09611.ARW,DSC09611,ARW,RAW,C9D1EC36-78B5-42CA-A6AC-2DBD933C567E,c139,c139,c139,,gray,0,,602990782,,,FE 85mm F1.4 GM,250,85 mm,ƒ / 2.8,1/250 sec,5304 x 7952,,DA,,,,,,,,,2020-02-09,2026-05-14T09:48:33
/Volumes/dataLib/Pictures/Images/2020/2020-02/2020-02-09/DSC09663.ARW,/Volumes/dataLib/Pictures/Images/2020/2020-02/2020-02-09,DSC09663.ARW,DSC09663,ARW,RAW,D1F04DEF-AD24-48D3-BAAE-79441D76EAEB,c140,c140,c140,,gray,0,,602991229,,,FE 85mm F1.4 GM,800,85 mm,ƒ / 2.5,1/250 sec,5304 x 7952,,DA,,,,,,,,,2020-02-09,2026-05-14T09:48:33
/Volumes/dataLib/Pictures/Images/2020/2020-03/2020-03-15/DSC03582.arw,/Volumes/dataLib/Pictures/Images/2020/2020-03/2020-03-15,DSC03582.arw,DSC03582,arw,RAW,B7297D3D-1A8F-4FA5-A67E-FAFB165B396C,c141,c141,c141,,gray,0,,606007595,,,FE 50mm F1.4 ZA,100,50 mm,ƒ / 1.4,1/640 sec,5304 x 7952,,DA,,,,,,,,,2020-03-15,2026-05-14T09:48:33
/Volumes/dataLib/Pictures/Images/2020/2020-03/2020-03-15/DSC03723.arw,/Volumes/dataLib/Pictures/Images/2020/2020-03/2020-03-15,DSC03723.arw,DSC03723,arw,RAW,2E81A222-215A-413B-99A4-8BB61E8C378F,c142,c142,c142,,gray,0,,606013537,,,FE 50mm F1.4 ZA,250,50 mm,ƒ / 2.0,1/250 sec,5304 x 7952,,DA,,,,,,,,,2020-03-15,2026-05-14T09:48:33
/Volumes/dataLib/Pictures/Images/2020/2020-06/2020-06-20/DSC06643.ARW,/Volumes/dataLib/Pictures/Images/2020/2020-06/2020-06-20,DSC06643.ARW,DSC06643,ARW,RAW,B93ED853-B050-411A-AC76-1679396DF3A8,c143,c143,c143,,gray,0,,614391737,,,FE 85mm F1.4 GM,100,85 mm,ƒ / 2.8,1/500 sec,5304 x 7952,,DA,,,,,,,,,2020-06-20,2026-05-14T09:48:33
/Volumes/dataLib/Pictures/Images/2020/2020-06/2020-06-20/DSC06812.ARW,/Volumes/dataLib/Pictures/Images/2020/2020-06/2020-06-20,DSC06812.ARW,DSC06812,ARW,RAW,3F0EE030-48B6-40B2-819F-82113436CEDB,c144,c144,c144 ; g075,,gray,0,,614397522,,,FE 50mm F1.4 ZA,160,50 mm,ƒ / 3.2,1/250 sec,5304 x 7952,,DA,,,,,,,,,2020-06-20,2026-05-14T09:48:33
/Volumes/dataLib/Pictures/Images/2020/2020-06/2020-06-20/DSC06893.ARW,/Volumes/dataLib/Pictures/Images/2020/2020-06/2020-06-20,DSC06893.ARW,DSC06893,ARW,RAW,1729082D-B820-4485-9D9B-B5769D30D783,c145,c145,c145 ; g074,,gray,0,,614398013,,,FE 50mm F1.4 ZA,125,50 mm,ƒ / 2.8,1/250 sec,5304 x 7952,,DA,,,,,,,,,2020-06-20,2026-05-14T09:48:33
/Volumes/dataLib/Pictures/Images/2020/2020-06/2020-06-27/DSC07940.ARW,/Volumes/dataLib/Pictures/Images/2020/2020-06/2020-06-27,DSC07940.ARW,DSC07940,ARW,RAW,011AC017-390E-4424-A590-1F0985C5DC9E,c146,c146,c146,,gray,0,,614997507,,,FE 50mm F1.4 ZA,100,50 mm,ƒ / 2.2,1/400 sec,5304 x 7952,,DA,,,,,,,,,2020-06-27,2026-05-14T09:48:33
/Volumes/dataLib/Pictures/Images/2020/2020-07/2020-07-11/DSC08155.ARW,/Volumes/dataLib/Pictures/Images/2020/2020-07/2020-07-11,DSC08155.ARW,DSC08155,ARW,RAW,32A15123-F76D-4D16-B10A-706EBE95719F,c147,c147,c147,,gray,0,,616200043,,,FE 50mm F1.4 ZA,160,50 mm,ƒ / 3.2,1/250 sec,7952 x 5304,,AB,,,,,,,,,2020-07-11,2026-05-14T09:48:33
/Volumes/dataLib/Pictures/Images/2020/2020-07/2020-07-11/DSC08183.ARW,/Volumes/dataLib/Pictures/Images/2020/2020-07/2020-07-11,DSC08183.ARW,DSC08183,ARW,RAW,A58C59D1-410D-4E0F-84C3-739C6CBF4BEF,c148,c148,c148,,gray,0,,616200306,,,FE 50mm F1.4 ZA,200,50 mm,ƒ / 3.2,1/250 sec,5304 x 7952,,DA,,,,,,,,,2020-07-11,2026-05-14T09:48:33
/Volumes/dataLib/Pictures/Images/2020/2020-07/2020-07-11/DSC08249.ARW,/Volumes/dataLib/Pictures/Images/2020/2020-07/2020-07-11,DSC08249.ARW,DSC08249,ARW,RAW,AA1666C2-95B4-4288-B9D7-5F6F27D9729B,c149,c149,c149 ; g073,,gray,0,,616207397,,,FE 85mm F1.4 GM,125,85 mm,ƒ / 4.5,1/250 sec,5304 x 7952,,DA,,,,,,,,,2020-07-11,2026-05-14T09:48:33
/Volumes/dataLib/Pictures/Images/2020/2020-07/2020-07-11/DSC08322.ARW,/Volumes/dataLib/Pictures/Images/2020/2020-07/2020-07-11,DSC08322.ARW,DSC08322,ARW,RAW,9FAEEE06-76D9-4C53-BB63-38F72B043496,c150,c150,@inkedbyestera ; Estera Mihulet ; c150 ; g072,2,purple,0,,616212535,,,FE 50mm F1.4 ZA,400,50 mm,ƒ / 3.2,1/250 sec,5304 x 7952,,DA,,,Mount Tamalpais,,Marin County,,USA,US,2020-07-11,2026-05-14T09:48:33
/Volumes/dataLib/Pictures/Images/2020/2020-07/2020-07-25/DSC08638.ARW,/Volumes/dataLib/Pictures/Images/2020/2020-07/2020-07-25,DSC08638.ARW,DSC08638,ARW,RAW,5E0A9D9C-F4D0-45E5-B024-9AEB89C6C02B,c151,c151,c151,,gray,0,,617405186,,,24mm F1.4 DG HSM | Art 018,100,24 mm,ƒ / 1.4,1/1250 sec,7952 x 5304,,AB,,,,,,,,,2020-07-25,2026-05-14T09:48:33
/Volumes/dataLib/Pictures/Images/2020/2020-07/2020-07-25/DSC08980.ARW,/Volumes/dataLib/Pictures/Images/2020/2020-07/2020-07-25,DSC08980.ARW,DSC08980,ARW,RAW,3612FF81-1495-4F2E-8C32-D29800C949BE,c152,c152,c152,,gray,0,,617407209,,,FE 50mm F1.4 ZA,100,50 mm,ƒ / 1.4,1/500 sec,5304 x 7952,,DA,,,,,,,,,2020-07-25,2026-05-14T09:48:33
/Volumes/dataLib/Pictures/Images/2020/2020-07/2020-07-25/DSC09035.ARW,/Volumes/dataLib/Pictures/Images/2020/2020-07/2020-07-25,DSC09035.ARW,DSC09035,ARW,RAW,D7D49321-FBC6-47B4-9B5B-C37B0757DA9A,c153,c153,c153,,gray,0,,617408353,,,FE 35mm F1.4 ZA,100,35 mm,ƒ / 1.4,1/250 sec,7952 x 5304,,AB,,,,,,,,,2020-07-25,2026-05-14T09:48:33
/Volumes/dataLib/Pictures/Images/2020/2020-08/2020-08-08/DSC09974.ARW,/Volumes/dataLib/Pictures/Images/2020/2020-08/2020-08-08,DSC09974.ARW,DSC09974,ARW,RAW,8C1A06BF-9DC7-4776-8CFA-E4D18F172A31,c154,c154,c154,,gray,0,,618622995,,,FE 35mm F1.4 ZA,160,35 mm,ƒ / 2.8,1/250 sec,5304 x 7952,,DA,,,,,,,,,2020-08-08,2026-05-14T09:48:33
/Volumes/dataLib/Pictures/Images/2020/2020-08/2020-08-08/DSC00035.ARW,/Volumes/dataLib/Pictures/Images/2020/2020-08/2020-08-08,DSC00035.ARW,DSC00035,ARW,RAW,05DE7D54-4F9F-4948-85A8-5CCE27CDB4B0,c155,c155,c155 ; g071,,gray,0,,618624005,,,FE 35mm F1.4 ZA,100,35 mm,ƒ / 1.4,1/3200 sec,5304 x 7952,,DA,,,,,,,,,2020-08-08,2026-05-14T09:48:33
/Volumes/dataLib/Pictures/Images/2020/2020-08/2020-08-08/DSC00072.ARW,/Volumes/dataLib/Pictures/Images/2020/2020-08/2020-08-08,DSC00072.ARW,DSC00072,ARW,RAW,2DDE1BBA-BA6B-476E-8E67-40AA1A230789,c156,c156,c156 ; g070,,gray,0,,618624317,,,FE 50mm F1.4 ZA,100,50 mm,ƒ / 1.4,1/1250 sec,5304 x 7952,,DA,,,,,,,,,2020-08-08,2026-05-14T09:48:33
/Volumes/dataLib/Pictures/Images/2020/2020-08/2020-08-27/DSC00434.ARW,/Volumes/dataLib/Pictures/Images/2020/2020-08/2020-08-27,DSC00434.ARW,DSC00434,ARW,RAW,DFE0D163-76B0-4D8D-884C-F68EEF89A0D3,c157,c157,c157,,gray,0,,620257621,,,FE 35mm F1.4 ZA,100,35 mm,ƒ / 5.6,1/1000 sec,5304 x 7952,,DA,,,,,,,,,2020-08-27,2026-05-14T09:48:33
/Volumes/dataLib/Pictures/Images/2020/2020-08/2020-08-27/DSC00702.ARW,/Volumes/dataLib/Pictures/Images/2020/2020-08/2020-08-27,DSC00702.ARW,DSC00702,ARW,RAW,7A00646F-42FE-46D9-A57E-F0CABEDF2EF4,c159,c159,c159,,gray,0,,620258760,,,FE 50mm F1.4 ZA,100,50 mm,ƒ / 5.6,1/800 sec,5304 x 7952,,DA,,,,,,,,,2020-08-27,2026-05-14T09:48:33
/Volumes/dataLib/Pictures/Images/2020/2020-08/2020-08-27/DSC01297.ARW,/Volumes/dataLib/Pictures/Images/2020/2020-08/2020-08-27,DSC01297.ARW,DSC01297,ARW,RAW,50936159-BF28-4AC9-B437-6D51079CC744,c160,c160,c160,,gray,0,,620269973,,,24mm F1.4 DG HSM | Art 018,2000,24 mm,ƒ / 6.3,1/250 sec,5304 x 7952,,DA,,,,,,,,,2020-08-27,2026-05-14T09:48:33
/Volumes/dataLib/Pictures/Images/2020/2020-09/2020-09-05/DSC01649.ARW,/Volumes/dataLib/Pictures/Images/2020/2020-09/2020-09-05,DSC01649.ARW,DSC01649,ARW,RAW,8DD40A62-C6F0-472B-A9FD-3B8C7E01778B,c161,c161,c161 ; g069,,gray,0,,621038936,,,FE 35mm F1.4 ZA,100,35 mm,ƒ / 6.3,1/1250 sec,5304 x 7952,,DA,,,,,,,,,2020-09-05,2026-05-14T09:48:33
/Volumes/dataLib/Pictures/Images/2020/2020-09/2020-09-05/DSC01859.ARW,/Volumes/dataLib/Pictures/Images/2020/2020-09/2020-09-05,DSC01859.ARW,DSC01859,ARW,RAW,59E9A2FF-290F-4EC5-AFE9-3B66A04D3A37,c162,c162,c162,,gray,0,,621040942,,,FE 35mm F1.4 ZA,100,35 mm,ƒ / 2.2,1/2500 sec,5304 x 7952,,DA,,,,,,,,,2020-09-05,2026-05-14T09:48:33
/Volumes/dataLib/Pictures/Images/2020/2020-09/2020-09-13/DSC02587.ARW,/Volumes/dataLib/Pictures/Images/2020/2020-09/2020-09-13,DSC02587.ARW,DSC02587,ARW,RAW,D2C9B335-9038-4D73-AF4B-7387D5D95CC7,c163,c163,c163,,gray,0,,621734439,,,FE 50mm F1.4 ZA,640,50 mm,ƒ / 4.0,1/60 sec,7952 x 5304,,AB,,,,,,,,,2020-09-13,2026-05-14T09:48:33
/Volumes/dataLib/Pictures/Images/2020/2020-09/2020-09-15/DSC02723.ARW,/Volumes/dataLib/Pictures/Images/2020/2020-09/2020-09-15,DSC02723.ARW,DSC02723,ARW,RAW,464D0305-C4B6-4D40-897F-EB809BD6B745,c164,c164,c164,,gray,0,,621899203,,,FE 50mm F1.4 ZA,100,50 mm,ƒ / 4.5,1/250 sec,5304 x 7952,,DA,,,,,,,,,2020-09-15,2026-05-14T09:48:33
/Volumes/dataLib/Pictures/Images/2020/2020-09/2020-09-15/DSC02757.ARW,/Volumes/dataLib/Pictures/Images/2020/2020-09/2020-09-15,DSC02757.ARW,DSC02757,ARW,RAW,86318632-7DFB-4407-B6E1-19070EF8E049,c165,c165,c165,,gray,0,,621900205,,,FE 35mm F1.4 ZA,100,35 mm,ƒ / 4.5,1/1000 sec,7952 x 5304,,AB,,,,,,,,,2020-09-15,2026-05-14T09:48:33
/Volumes/dataLib/Pictures/Images/2020/2020-09/2020-09-15/DSC02811.ARW,/Volumes/dataLib/Pictures/Images/2020/2020-09/2020-09-15,DSC02811.ARW,DSC02811,ARW,RAW,B96A3907-9734-4668-AA6D-E45498243D2D,c166,c166,c166,,gray,0,,621901832,,,FE 50mm F1.4 ZA,160,50 mm,ƒ / 4.5,1/250 sec,5304 x 7952,,DA,,,,,,,,,2020-09-15,2026-05-14T09:48:33
/Volumes/dataLib/Pictures/Images/2020/2020-09/2020-09-15/DSC02879.ARW,/Volumes/dataLib/Pictures/Images/2020/2020-09/2020-09-15,DSC02879.ARW,DSC02879,ARW,RAW,89A50149-80B4-464D-8BC0-8C0A4DC3452D,c167,c167,c167,,gray,0,,621902987,,,FE 50mm F1.4 ZA,100,50 mm,ƒ / 1.4,1/2000 sec,5304 x 7952,,DA,,,,,,,,,2020-09-15,2026-05-14T09:48:33
/Volumes/dataLib/Pictures/Images/2020/2020-10/2020-10-20/DSC06010.ARW,/Volumes/dataLib/Pictures/Images/2020/2020-10/2020-10-20,DSC06010.ARW,DSC06010,ARW,RAW,A5DE8246-42EE-4321-B8E9-BFCA84E6877C,c168,c168,c168,,gray,0,,624933442,,,FE 35mm F1.4 ZA,640,35 mm,ƒ / 2.5,1/250 sec,5304 x 7952,,DA,,,,,,,,,2020-10-20,2026-05-14T09:48:33
/Volumes/dataLib/Pictures/Images/2020/2020-10/2020-10-23/DSC06135.ARW,/Volumes/dataLib/Pictures/Images/2020/2020-10/2020-10-23,DSC06135.ARW,DSC06135,ARW,RAW,C83015CA-6241-4765-8D0E-1C921A6EE278,c169,c169,c169,,gray,0,,625169444,,,FE 35mm F1.4 ZA,100,35 mm,ƒ / 1.6,1/640 sec,5304 x 7952,,DA,,,,,,,,,2020-10-23,2026-05-14T09:48:33
/Volumes/dataLib/Pictures/Images/2020/2020-10/2020-10-23/DSC06150.ARW,/Volumes/dataLib/Pictures/Images/2020/2020-10/2020-10-23,DSC06150.ARW,DSC06150,ARW,RAW,B6B238EE-741D-486A-AA1D-903F438D79AB,c170,c170,c170,,gray,0,,625170310,,,FE 35mm F1.4 ZA,100,35 mm,ƒ / 1.6,1/640 sec,5304 x 7952,,DA,,,,,,,,,2020-10-23,2026-05-14T09:48:33
/Volumes/dataLib/Pictures/Images/2020/2020-10/2020-10-27/DSC06115.ARW,/Volumes/dataLib/Pictures/Images/2020/2020-10/2020-10-27,DSC06115.ARW,DSC06115,ARW,RAW,EAED59A2-9F4E-483D-B0A2-7A9885159658,c171,c171,c171,,gray,0,,625475090,,,FE 35mm F1.4 ZA,500,35 mm,ƒ / 2.8,1/250 sec,5304 x 7952,,DA,,,,,,,,,2020-10-27,2026-05-14T09:48:33
/Volumes/dataLib/Pictures/Images/2020/2020-11/2020-11-28/DSC06811.ARW,/Volumes/dataLib/Pictures/Images/2020/2020-11/2020-11-28,DSC06811.ARW,DSC06811,ARW,RAW,FB6FF5A7-03DE-41BD-94C8-233ACFB48289,c172,c172,c172,,gray,0,,628289523,,,FE 50mm F1.4 ZA,250,50 mm,ƒ / 1.4,1/250 sec,5304 x 7952,,DA,,,,,,,,,2020-11-28,2026-05-14T09:48:33
/Volumes/dataLib/Pictures/Images/2020/2020-11/2020-11-28/DSC06978.ARW,/Volumes/dataLib/Pictures/Images/2020/2020-11/2020-11-28,DSC06978.ARW,DSC06978,ARW,RAW,E25BEE44-4EF1-4BFC-8C86-CC49C1E05344,c173,c173,c173,,gray,0,,628290725,,,FE 50mm F1.4 ZA,400,50 mm,ƒ / 2.0,1/250 sec,5304 x 7952,,DA,,,,,,,,,2020-11-28,2026-05-14T09:48:33
/Volumes/dataLib/Pictures/Images/2020/2020-11/2020-11-28/DSC07174.ARW,/Volumes/dataLib/Pictures/Images/2020/2020-11/2020-11-28,DSC07174.ARW,DSC07174,ARW,RAW,660846A0-EFBB-4D99-9CE9-C978C0CA11AC,c174,c174,c174 ; g067,,gray,0,,628299350,,,FE 50mm F1.4 ZA,100,50 mm,ƒ / 1.4,1/2500 sec,7952 x 5304,,AB,,,,,,,,,2020-11-28,2026-05-14T09:48:33
/Volumes/dataLib/Pictures/Images/2020/2020-11/2020-11-28/DSC07287.ARW,/Volumes/dataLib/Pictures/Images/2020/2020-11/2020-11-28,DSC07287.ARW,DSC07287,ARW,RAW,FFD4AFF4-F29A-40E0-B46A-68A90EA82B03,c175,c175,c175 ; g066,,gray,0,,628299761,,,FE 50mm F1.4 ZA,100,50 mm,ƒ / 3.5,1/400 sec,7952 x 5304,,AB,,,,,,,,,2020-11-28,2026-05-14T09:48:33
/Volumes/dataLib/Pictures/Images/2021/2021-01/2021-01-10/DSC07591.ARW,/Volumes/dataLib/Pictures/Images/2021/2021-01/2021-01-10,DSC07591.ARW,DSC07591,ARW,RAW,F4290B68-25FF-422F-945A-C11E5E89838C,c176,c176,c176,,gray,0,,632012705,,,24mm F1.4 DG HSM | Art 018,100,24 mm,ƒ / 2.5,1/400 sec,5304 x 7952,,DA,,,,,,,,,2021-01-10,2026-05-14T09:48:33
/Volumes/dataLib/Pictures/Images/2021/2021-02/2021-02-27/DSC08186.ARW,/Volumes/dataLib/Pictures/Images/2021/2021-02/2021-02-27,DSC08186.ARW,DSC08186,ARW,RAW,FDD33455-C2A1-4C1A-A6FC-EADB8B9E37DD,c177,c177,c177,,gray,0,,636139255,,,FE 50mm F1.4 ZA,400,50 mm,ƒ / 4.0,1/250 sec,5304 x 7952,,DA,,,,,,,,,2021-02-27,2026-05-14T09:48:33
/Volumes/dataLib/Pictures/Images/2021/2021-03/2021-03-05/DSC08398.ARW,/Volumes/dataLib/Pictures/Images/2021/2021-03/2021-03-05,DSC08398.ARW,DSC08398,ARW,RAW,68A136DC-D129-4C0E-91BA-A2AC15CA6DAE,c178,c178,c178,,gray,0,,636683868,,,FE 35mm F1.4 ZA,200,35 mm,ƒ / 1.4,1/250 sec,5304 x 7952,,DA,,,,,,,,,2021-03-05,2026-05-14T09:48:33
/Volumes/dataLib/Pictures/Images/2021/2021-03/2021-03-06/DSC08740.ARW,/Volumes/dataLib/Pictures/Images/2021/2021-03/2021-03-06,DSC08740.ARW,DSC08740,ARW,RAW,A2C98E29-E527-40BD-AD84-DEC5A9609640,c179,c179,c179,,gray,0,,636764794,,,SAMYANG AF 14mm F2.8,4000,14 mm,ƒ / 3.2,1/250 sec,5304 x 7952,,DA,,,,,,,,,2021-03-06,2026-05-14T09:48:33
/Volumes/dataLib/Pictures/Images/2021/2021-03/2021-03-13/DSC08846.ARW,/Volumes/dataLib/Pictures/Images/2021/2021-03/2021-03-13,DSC08846.ARW,DSC08846,ARW,RAW,D7CC7FD5-787D-417B-AA2D-0CFA3D6BCF3D,c180,c180,c180,,gray,0,,637367855,,,FE 35mm F1.4 ZA,100,35 mm,ƒ / 1.4,1/1000 sec,5304 x 7952,,DA,,,,,,,,,2021-03-13,2026-05-14T09:48:33
/Volumes/dataLib/Pictures/Images/2021/2021-03/2021-03-24/DSC01819.ARW,/Volumes/dataLib/Pictures/Images/2021/2021-03/2021-03-24,DSC01819.ARW,DSC01819,ARW,RAW,B9F219AC-A864-4329-8114-92BBC434A7EF,c181,c181,c181,,gray,0,,638322464,,,FE 50mm F1.4 ZA,100,50 mm,ƒ / 5.6,1/250 sec,5304 x 7952,,DA,,,,,,,,,2021-03-24,2026-05-14T09:48:33
/Volumes/dataLib/Pictures/Images/2021/2021-04/2021-04-04/DSC02455.ARW,/Volumes/dataLib/Pictures/Images/2021/2021-04/2021-04-04,DSC02455.ARW,DSC02455,ARW,RAW,C866234E-CE48-4231-ADB9-5B2745618A13,c182,c182,c182 ; g065,,gray,0,,639272206,,,SAMYANG AF 14mm F2.8,100,14 mm,ƒ / 2.8,1/2000 sec,5304 x 7952,,DA,,,,,,,,,2021-04-04,2026-05-14T09:48:33
/Volumes/dataLib/Pictures/Images/2021/2021-04/2021-04-04/DSC02577.ARW,/Volumes/dataLib/Pictures/Images/2021/2021-04/2021-04-04,DSC02577.ARW,DSC02577,ARW,RAW,9780E52C-0BE2-4FD9-BF6A-5796359EB58C,c183,c183,c183 ; g064,,gray,0,,639273036,,,SAMYANG AF 14mm F2.8,100,14 mm,ƒ / 2.8,1/1000 sec,5304 x 7952,,DA,,,,,,,,,2021-04-04,2026-05-14T09:48:33
/Volumes/dataLib/Pictures/Images/2021/2021-04/2021-04-04/DSC02729.ARW,/Volumes/dataLib/Pictures/Images/2021/2021-04/2021-04-04,DSC02729.ARW,DSC02729,ARW,RAW,EB3BE26B-81D0-4843-A4F8-E717C599206D,c184,c184,c184 ; g063,,gray,0,,639273131,,,SAMYANG AF 14mm F2.8,100,14 mm,ƒ / 2.8,1/1000 sec,5304 x 7952,,DA,,,,,,,,,2021-04-04,2026-05-14T09:48:33
/Volumes/dataLib/Pictures/Images/2021/2021-04/2021-04-04/DSC02758.ARW,/Volumes/dataLib/Pictures/Images/2021/2021-04/2021-04-04,DSC02758.ARW,DSC02758,ARW,RAW,3E5552EE-8D0F-4DB0-A872-B6811BBE94A5,c185,c185,c185 ; g063,,gray,0,,639273314,,,SAMYANG AF 14mm F2.8,100,14 mm,ƒ / 3.2,1/800 sec,5304 x 7952,,DA,,,,,,,,,2021-04-04,2026-05-14T09:48:33
/Volumes/dataLib/Pictures/Images/2021/2021-04/2021-04-04/DSC02867.ARW,/Volumes/dataLib/Pictures/Images/2021/2021-04/2021-04-04,DSC02867.ARW,DSC02867,ARW,RAW,F32B91A1-2014-4108-9AAF-9ABB3FC77861,c186,c186,c186,,gray,0,,639273851,,,FE 50mm F1.4 ZA,100,50 mm,ƒ / 3.2,1/3200 sec,7952 x 5304,,AB,,,,,,,,,2021-04-04,2026-05-14T09:48:33
/Volumes/dataLib/Pictures/Images/2021/2021-04/2021-04-10/DSC07533.ARW,/Volumes/dataLib/Pictures/Images/2021/2021-04/2021-04-10,DSC07533.ARW,DSC07533,ARW,RAW,687900E9-D5BF-40FD-AFA1-5439FBFFA2D7,c187,c187,c187,,gray,0,,639752719,,,FE 35mm F1.4 ZA,800,35 mm,ƒ / 2.8,1/250 sec,5304 x 7952,,DA,,,,,,,,,2021-04-10,2026-05-14T09:48:33
/Volumes/dataLib/Pictures/Images/2021/2021-04/2021-04-10/DSC07656.ARW,/Volumes/dataLib/Pictures/Images/2021/2021-04/2021-04-10,DSC07656.ARW,DSC07656,ARW,RAW,7F5B569E-8819-4FA2-80D5-07C0F3E82B5B,c188,c188,c188 ; g062,,gray,0,,639753394,,,FE 35mm F1.4 ZA,640,35 mm,ƒ / 2.2,1/250 sec,5304 x 7952,,DA,,,,,,,,,2021-04-10,2026-05-14T09:48:33
/Volumes/dataLib/Pictures/Images/2021/2021-04/2021-04-10/DSC07726.ARW,/Volumes/dataLib/Pictures/Images/2021/2021-04/2021-04-10,DSC07726.ARW,DSC07726,ARW,RAW,B3AD3515-33B3-41A2-943F-047344B2A10E,c189,c189,c189 ; g061,,gray,0,,639753634,,,FE 35mm F1.4 ZA,800,35 mm,ƒ / 2.2,1/250 sec,5304 x 7952,,DA,,,,,,,,,2021-04-10,2026-05-14T09:48:33
/Volumes/dataLib/Pictures/Images/2021/2021-04/2021-04-10/DSC07741.ARW,/Volumes/dataLib/Pictures/Images/2021/2021-04/2021-04-10,DSC07741.ARW,DSC07741,ARW,RAW,E0F11CB7-8AA6-4D55-BA0E-6654549A5FCE,c190,c190,c190,,gray,0,,639753756,,,FE 35mm F1.4 ZA,1000,35 mm,ƒ / 2.2,1/250 sec,5304 x 7952,,DA,,,,,,,,,2021-04-10,2026-05-14T09:48:33
/Volumes/dataLib/Pictures/Images/2021/2021-04/2021-04-10/DSC07801.ARW,/Volumes/dataLib/Pictures/Images/2021/2021-04/2021-04-10,DSC07801.ARW,DSC07801,ARW,RAW,2FDDA66C-F625-4832-B8E4-E7BF28DF209D,c191,c191,c191,,gray,0,,639754128,,,FE 35mm F1.4 ZA,1250,35 mm,ƒ / 2.2,1/250 sec,5304 x 7952,,DA,,,,,,,,,2021-04-10,2026-05-14T09:48:33
/Volumes/dataLib/Pictures/Images/2021/2021-04/2021-04-10/DSC03036.ARW,/Volumes/dataLib/Pictures/Images/2021/2021-04/2021-04-10,DSC03036.ARW,DSC03036,ARW,RAW,A2E60602-EBE0-4C62-9A13-C6C77CE2634D,c192,c192,c192 ; g060,,gray,0,,639784269,,,SAMYANG AF 14mm F2.8,160,14 mm,ƒ / 4.5,1/250 sec,5304 x 7952,,DA,,,,,,,,,2021-04-10,2026-05-14T09:48:33
/Volumes/dataLib/Pictures/Images/2021/2021-04/2021-04-15/DSC03308.ARW,/Volumes/dataLib/Pictures/Images/2021/2021-04/2021-04-15,DSC03308.ARW,DSC03308,ARW,RAW,7F72C083-E547-4740-AD10-F857A7CDA8C0,c193,c193,c193,,gray,0,,640227284,,,SAMYANG AF 14mm F2.8,100,14 mm,ƒ / 2.8,1/800 sec,5304 x 7952,,DA,,,,,,,,,2021-04-15,2026-05-14T09:48:33
/Volumes/dataLib/Pictures/Images/2021/2021-04/2021-04-15/DSC03563.ARW,/Volumes/dataLib/Pictures/Images/2021/2021-04/2021-04-15,DSC03563.ARW,DSC03563,ARW,RAW,070EEA76-20F2-4E8B-8ABA-4DF5585A5D57,c194,c194,c194,,gray,0,,640228140,,,SAMYANG AF 14mm F2.8,100,14 mm,ƒ / 2.8,1/800 sec,5304 x 7952,,DA,,,,,,,,,2021-04-15,2026-05-14T09:48:33
/Volumes/dataLib/Pictures/Images/2021/2021-04/2021-04-15/DSC03599.ARW,/Volumes/dataLib/Pictures/Images/2021/2021-04/2021-04-15,DSC03599.ARW,DSC03599,ARW,RAW,2959AC9C-4EA8-420C-BF67-4D9CE70C6EE2,c195,c195,c195,,gray,0,,640229064,,,SAMYANG AF 14mm F2.8,250,14 mm,ƒ / 2.8,1/250 sec,5304 x 7952,,DA,,,,,,,,,2021-04-15,2026-05-14T09:48:33
/Volumes/dataLib/Pictures/Images/2021/2021-04/2021-04-17/DSC03659.ARW,/Volumes/dataLib/Pictures/Images/2021/2021-04/2021-04-17,DSC03659.ARW,DSC03659,ARW,RAW,45C9D5DD-3B4F-444F-9D7E-CC2BAEC307EE,c196,c196,c196,,gray,0,,640402096,,,FE 35mm F1.4 ZA,100,35 mm,ƒ / 1.8,1/250 sec,5304 x 7952,,DA,,,,,,,,,2021-04-17,2026-05-14T09:48:33
/Volumes/dataLib/Pictures/Images/2021/2021-04/2021-04-25/DSC03784.ARW,/Volumes/dataLib/Pictures/Images/2021/2021-04/2021-04-25,DSC03784.ARW,DSC03784,ARW,RAW,80DA949E-CD56-4D7A-8A8B-DF51603E1542,c197,c197,c197 ; g059,1,gray,0,,641078607,,,SAMYANG AF 14mm F2.8,100,14 mm,ƒ / 3.5,1/1000 sec,7952 x 5304,,AB,,,,,,,,,2021-04-25,2026-05-14T09:48:33
/Volumes/dataLib/Pictures/Images/2021/2021-04/2021-04-25/DSC03862.ARW,/Volumes/dataLib/Pictures/Images/2021/2021-04/2021-04-25,DSC03862.ARW,DSC03862,ARW,RAW,08F7701C-E403-4479-BC58-9EF941949867,c198,c198,c198 ; g058,,gray,0,,641086244,,,FE 50mm F1.4 ZA,100,50 mm,ƒ / 1.4,1/1250 sec,7952 x 5304,,AB,,,,,,,,,2021-04-25,2026-05-14T09:48:33
/Volumes/dataLib/Pictures/Images/2021/2021-04/2021-04-25/DSC03890.ARW,/Volumes/dataLib/Pictures/Images/2021/2021-04/2021-04-25,DSC03890.ARW,DSC03890,ARW,RAW,DD354FD8-2786-48AA-964B-5DC37C200FC7,c199,c199,c199 ; g057,,gray,0,,641087483,,,FE 50mm F1.4 ZA,100,50 mm,ƒ / 2.5,1/400 sec,5304 x 7952,,DA,,,,,,,,,2021-04-25,2026-05-14T09:48:33
/Volumes/dataLib/Pictures/Images/2021/2021-04/2021-04-25/DSC03926.ARW,/Volumes/dataLib/Pictures/Images/2021/2021-04/2021-04-25,DSC03926.ARW,DSC03926,ARW,RAW,6A8F4E61-B7A0-42BF-BC30-5CA8B0C97CE3,c200,c200,c200 ; g057,,gray,0,,641087864,,,FE 50mm F1.4 ZA,100,50 mm,ƒ / 2.0,1/400 sec,5304 x 7952,,DA,,,,,,,,,2021-04-25,2026-05-14T09:48:33
/Volumes/dataLib/Pictures/Images/2021/2021-04/2021-04-25/DSC04009.ARW,/Volumes/dataLib/Pictures/Images/2021/2021-04/2021-04-25,DSC04009.ARW,DSC04009,ARW,RAW,48F2B9B0-E6D2-49E3-A573-E27C90462991,c201,c201,c201 ; g056,,gray,0,,641089013,,,SAMYANG AF 14mm F2.8,100,14 mm,ƒ / 2.8,1/400 sec,5304 x 7952,,DA,,,,,,,,,2021-04-25,2026-05-14T09:48:33
/Volumes/dataLib/Pictures/Images/2021/2021-04/2021-04-25/DSC04023.ARW,/Volumes/dataLib/Pictures/Images/2021/2021-04/2021-04-25,DSC04023.ARW,DSC04023,ARW,RAW,02B64D28-3577-48EB-BA8E-A521B8EA179D,c202,c202,c202 ; g055,,gray,0,,641089177,,,FE 50mm F1.4 ZA,100,50 mm,ƒ / 2.2,1/320 sec,5304 x 7952,,DA,,,,,,,,,2021-04-25,2026-05-14T09:48:33
/Volumes/dataLib/Pictures/Images/2021/2021-04/2021-04-25/DSC04091.ARW,/Volumes/dataLib/Pictures/Images/2021/2021-04/2021-04-25,DSC04091.ARW,DSC04091,ARW,RAW,CBE68689-B664-4A62-A1EF-7091B2E1DF40,c203,c203,c203 ; g054,,gray,0,,641090011,,,SAMYANG AF 14mm F2.8,100,14 mm,ƒ / 2.8,1/5000 sec,5304 x 7952,,DA,,,,,,,,,2021-04-25,2026-05-14T09:48:33
/Volumes/dataLib/Pictures/Images/2021/2021-04/2021-04-25/DSC04140.ARW,/Volumes/dataLib/Pictures/Images/2021/2021-04/2021-04-25,DSC04140.ARW,DSC04140,ARW,RAW,BEB9364D-CA22-4E5C-B264-D5B30D8A2A74,c204,c204,c204 ; g053,,gray,0,,641090629,,,SAMYANG AF 14mm F2.8,100,14 mm,ƒ / 2.8,1/60 sec,7952 x 5304,,AB,,,,,,,,,2021-04-25,2026-05-14T09:48:33
/Volumes/dataLib/Pictures/Images/2021/2021-06/2021-06-11/DSC05279.ARW,/Volumes/dataLib/Pictures/Images/2021/2021-06/2021-06-11,DSC05279.ARW,DSC05279,ARW,RAW,396EECDA-241D-4D4E-8A8E-B03633A70794,c205,c205,c205 ; g052,,gray,0,,645111370,,,SAMYANG AF 14mm F2.8,125,14 mm,ƒ / 6.3,1/640 sec,5304 x 7952,,DA,,,,,,,,,2021-06-11,2026-05-14T09:48:33
/Volumes/dataLib/Pictures/Images/2021/2021-06/2021-06-11/DSC05394.ARW,/Volumes/dataLib/Pictures/Images/2021/2021-06/2021-06-11,DSC05394.ARW,DSC05394,ARW,RAW,4DD08372-3D4C-46D1-B2FE-39C7F27E229B,c206,c206,c206 ; g051,,gray,0,,645111542,,,SAMYANG AF 14mm F2.8,125,14 mm,ƒ / 6.3,1/500 sec,5304 x 7952,,DA,,,,,,,,,2021-06-11,2026-05-14T09:48:33
/Volumes/dataLib/Pictures/Images/2021/2021-06/2021-06-11/DSC05437.ARW,/Volumes/dataLib/Pictures/Images/2021/2021-06/2021-06-11,DSC05437.ARW,DSC05437,ARW,RAW,A7043FA2-54D3-43BD-9809-865916999E85,c207,c207,c207 ; g050,,gray,0,,645111857,,,SAMYANG AF 14mm F2.8,125,14 mm,ƒ / 2.8,1/8000 sec,7952 x 5304,,AB,,,,,,,,,2021-06-11,2026-05-14T09:48:33
/Volumes/dataLib/Pictures/Images/2021/2021-06/2021-06-13/DSC05548.ARW,/Volumes/dataLib/Pictures/Images/2021/2021-06/2021-06-13,DSC05548.ARW,DSC05548,ARW,RAW,93B10B20-198A-4A78-B2CF-1E91D5239366,c208,c208,c208 ; g049,,gray,0,,645319922,,,SAMYANG AF 14mm F2.8,100,14 mm,ƒ / 5.0,1/400 sec,7952 x 5304,,AB,,,,,,,,,2021-06-13,2026-05-14T09:48:33
/Volumes/dataLib/Pictures/Images/2021/2021-06/2021-06-13/DSC05649.ARW,/Volumes/dataLib/Pictures/Images/2021/2021-06/2021-06-13,DSC05649.ARW,DSC05649,ARW,RAW,E4A24486-F4D8-47F4-8989-54B31498530E,c209,c209,c209 ; g048,,gray,0,,645320473,,,SAMYANG AF 14mm F2.8,100,14 mm,ƒ / 5.0,1/1000 sec,5304 x 7952,,DA,,,,,,,,,2021-06-13,2026-05-14T09:48:33
/Volumes/dataLib/Pictures/Images/2021/2021-06/2021-06-13/DSC05838.ARW,/Volumes/dataLib/Pictures/Images/2021/2021-06/2021-06-13,DSC05838.ARW,DSC05838,ARW,RAW,14348E13-562D-488D-A8B3-8CCB3F2D2EF5,c210,c210,c210 ; g047,,gray,0,,645320839,,,SAMYANG AF 14mm F2.8,100,14 mm,ƒ / 5.0,1/1250 sec,5304 x 7952,,DA,,,,,,,,,2021-06-13,2026-05-14T09:48:33
/Volumes/dataLib/Pictures/Images/2021/2021-06/2021-06-13/DSC05988.ARW,/Volumes/dataLib/Pictures/Images/2021/2021-06/2021-06-13,DSC05988.ARW,DSC05988,ARW,RAW,CEA1ED43-CCA7-4E50-9B02-6B23A863CBF2,c211,c211,c211 ; g046,,gray,0,,645321018,,,SAMYANG AF 14mm F2.8,100,14 mm,ƒ / 5.0,1/1000 sec,5304 x 7952,,DA,,,,,,,,,2021-06-13,2026-05-14T09:48:33
/Volumes/dataLib/Pictures/Images/2021/2021-06/2021-06-13/DSC06191.ARW,/Volumes/dataLib/Pictures/Images/2021/2021-06/2021-06-13,DSC06191.ARW,DSC06191,ARW,RAW,ACD66A39-44F4-4ACA-B9AF-4E4D43443B92,c212,c212,c212 ; g045,,gray,0,,645321594,,,SAMYANG AF 14mm F2.8,100,14 mm,ƒ / 5.0,1/2000 sec,7952 x 5304,,AB,,,,,,,,,2021-06-13,2026-05-14T09:48:33
/Volumes/dataLib/Pictures/Images/2021/2021-06/2021-06-13/DSC06728.ARW,/Volumes/dataLib/Pictures/Images/2021/2021-06/2021-06-13,DSC06728.ARW,DSC06728,ARW,RAW,A483D553-BDC1-46FF-832D-C5889F10D1BD,c213,c213,c213 ; g044,,gray,0,,645322593,,,FE 50mm F1.4 ZA,100,50 mm,ƒ / 5.0,1/1250 sec,5304 x 7952,,DA,,,,,,,,,2021-06-13,2026-05-14T09:48:33
/Volumes/dataLib/Pictures/Images/2021/2021-06/2021-06-22/DSC06786.ARW,/Volumes/dataLib/Pictures/Images/2021/2021-06/2021-06-22,DSC06786.ARW,DSC06786,ARW,RAW,60CAF21B-270E-4AD9-B94C-E4FED477E05D,c214,c214,c214 ; g043,,gray,0,,646091831,,,SAMYANG AF 14mm F2.8,320,14 mm,ƒ / 5.0,1/250 sec,5304 x 7952,,DA,,,,,,,,,2021-06-22,2026-05-14T09:48:33
/Volumes/dataLib/Pictures/Images/2021/2021-06/2021-06-22/DSC07342.ARW,/Volumes/dataLib/Pictures/Images/2021/2021-06/2021-06-22,DSC07342.ARW,DSC07342,ARW,RAW,8B2A3F2E-1378-4FE3-B5B4-3361D274D989,c215,c215,c215 ; g042,,gray,0,,646092476,,,SAMYANG AF 14mm F2.8,100,14 mm,ƒ / 3.2,1/250 sec,5304 x 7952,,DA,,,,,,,,,2021-06-22,2026-05-14T09:48:33
/Volumes/dataLib/Pictures/Images/2021/2021-06/2021-06-22/DSC07664.ARW,/Volumes/dataLib/Pictures/Images/2021/2021-06/2021-06-22,DSC07664.ARW,DSC07664,ARW,RAW,A8B1B299-E39C-48A9-9F8C-33903255221D,c217,c217,c217 ; g041,,gray,0,,646092785,,,SAMYANG AF 14mm F2.8,100,14 mm,ƒ / 3.2,1/320 sec,5304 x 7952,,DA,,,,,,,,,2021-06-22,2026-05-14T09:48:33
/Volumes/dataLib/Pictures/Images/2021/2021-06/2021-06-22/DSC07703.ARW,/Volumes/dataLib/Pictures/Images/2021/2021-06/2021-06-22,DSC07703.ARW,DSC07703,ARW,RAW,35F0822D-4F4A-40AA-A262-F56749A4B55B,c218,c218,c218,,gray,0,,646092866,,,SAMYANG AF 14mm F2.8,100,14 mm,ƒ / 3.2,1/320 sec,7952 x 5304,,AB,,,,,,,,,2021-06-22,2026-05-14T09:48:33
/Volumes/dataLib/Pictures/Images/2021/2021-07/2021-07-10/DSC07824.ARW,/Volumes/dataLib/Pictures/Images/2021/2021-07/2021-07-10,DSC07824.ARW,DSC07824,ARW,RAW,967B5F4A-3BA9-4213-9D95-55F513447014,c219,c219,c219,,gray,0,,647651795,,,24mm F1.4 DG HSM | Art 018,100,24 mm,ƒ / 2.8,1/640 sec,5304 x 7952,,DA,,,,,,,,,2021-07-10,2026-05-14T09:48:33
/Volumes/dataLib/Pictures/Images/2021/2021-07/2021-07-10/DSC07914.ARW,/Volumes/dataLib/Pictures/Images/2021/2021-07/2021-07-10,DSC07914.ARW,DSC07914,ARW,RAW,DF651F3B-0217-4FBB-AEDA-4ADA62103036,c220,c220,c220,,gray,0,,647652303,,,24mm F1.4 DG HSM | Art 018,100,24 mm,ƒ / 2.8,1/640 sec,5304 x 7952,,DA,,,,,,,,,2021-07-10,2026-05-14T09:48:33
/Volumes/dataLib/Pictures/Images/2021/2021-07/2021-07-10/DSC08035.ARW,/Volumes/dataLib/Pictures/Images/2021/2021-07/2021-07-10,DSC08035.ARW,DSC08035,ARW,RAW,4F4EFBE5-C592-4988-8FA4-A22CE416EA85,c221,c221,c221,,gray,0,,647653091,,,24mm F1.4 DG HSM | Art 018,100,24 mm,ƒ / 2.8,1/2000 sec,5304 x 7952,,DA,,,,,,,,,2021-07-10,2026-05-14T09:48:33
/Volumes/dataLib/Pictures/Images/2021/2021-07/2021-07-10/DSC08219.ARW,/Volumes/dataLib/Pictures/Images/2021/2021-07/2021-07-10,DSC08219.ARW,DSC08219,ARW,RAW,9936EB1C-0902-427B-8C6A-773E0B895A84,c222,c222,c222,,gray,0,,647654195,,,24mm F1.4 DG HSM | Art 018,100,24 mm,ƒ / 1.4,1/6400 sec,7952 x 5304,,AB,,,,,,,,,2021-07-10,2026-05-14T09:48:33
/Volumes/dataLib/Pictures/Images/2021/2021-07/2021-07-10/DSC08420.ARW,/Volumes/dataLib/Pictures/Images/2021/2021-07/2021-07-10,DSC08420.ARW,DSC08420,ARW,RAW,6D6F689C-36FD-4248-8F87-6934E0689E2E,c223,c223,c223,,gray,0,,647657371,,,SAMYANG AF 14mm F2.8,125,14 mm,ƒ / 2.8,1/250 sec,5304 x 7952,,DA,,,,,,,,,2021-07-10,2026-05-14T09:48:33
/Volumes/dataLib/Pictures/Images/2021/2021-07/2021-07-10/DSC08549.ARW,/Volumes/dataLib/Pictures/Images/2021/2021-07/2021-07-10,DSC08549.ARW,DSC08549,ARW,RAW,DC84BB8F-029A-47F3-B91B-749DF6DC1588,c224,c224,c224,,gray,0,,647657748,,,SAMYANG AF 14mm F2.8,200,14 mm,ƒ / 2.8,1/250 sec,5304 x 7952,,DA,,,,,,,,,2021-07-10,2026-05-14T09:48:33
/Volumes/dataLib/Pictures/Images/2021/2021-07/2021-07-10/DSC08601.ARW,/Volumes/dataLib/Pictures/Images/2021/2021-07/2021-07-10,DSC08601.ARW,DSC08601,ARW,RAW,9268EB1C-BD75-47D2-BD8D-94A49E6294BA,c225,c225,c225,,gray,0,,647658050,,,FE 50mm F1.4 ZA,100,50 mm,ƒ / 1.6,1/500 sec,5304 x 7952,,DA,,,,,,,,,2021-07-10,2026-05-14T09:48:33
/Volumes/dataLib/Pictures/Images/2021/2021-07/2021-07-17/DSC09012.ARW,/Volumes/dataLib/Pictures/Images/2021/2021-07/2021-07-17,DSC09012.ARW,DSC09012,ARW,RAW,D76F8B52-887A-46D8-AB70-57FBF0236466,c226,c226,c226,,gray,0,,648252931,,,24mm F1.4 DG HSM | Art 018,100,24 mm,ƒ / 3.2,1/400 sec,5304 x 7952,,DA,,,,,,,,,2021-07-17,2026-05-14T09:48:33
/Volumes/dataLib/Pictures/Images/2021/2021-07/2021-07-17/DSC09645.ARW,/Volumes/dataLib/Pictures/Images/2021/2021-07/2021-07-17,DSC09645.ARW,DSC09645,ARW,RAW,BD691A26-326E-4C77-B8DC-3F939BE9A9D2,c227,c227,c227,,gray,0,,648255475,,,24mm F1.4 DG HSM | Art 018,100,24 mm,ƒ / 3.5,1/400 sec,5304 x 7952,,DA,,,,,,,,,2021-07-17,2026-05-14T09:48:33
/Volumes/dataLib/Pictures/Images/2021/2021-07/2021-07-17/DSC09751.ARW,/Volumes/dataLib/Pictures/Images/2021/2021-07/2021-07-17,DSC09751.ARW,DSC09751,ARW,RAW,E6550779-53F3-494F-A0FD-82EB5AEE1548,c228,c228,c228,,gray,0,,648255980,,,24mm F1.4 DG HSM | Art 018,100,24 mm,ƒ / 3.5,1/640 sec,5304 x 7952,,DA,,,,,,,,,2021-07-17,2026-05-14T09:48:33
/Volumes/dataLib/Pictures/Images/2021/2021-07/2021-07-17/DSC09944.ARW,/Volumes/dataLib/Pictures/Images/2021/2021-07/2021-07-17,DSC09944.ARW,DSC09944,ARW,RAW,1E7B722F-ADD2-4498-BD3C-00CD8FAC9CCF,c229,c229,c229,,gray,0,,648256319,,,24mm F1.4 DG HSM | Art 018,100,24 mm,ƒ / 3.5,1/640 sec,5304 x 7952,,DA,,,,,,,,,2021-07-17,2026-05-14T09:48:33
/Volumes/dataLib/Pictures/Images/2021/2021-07/2021-07-17/DSC00547.ARW,/Volumes/dataLib/Pictures/Images/2021/2021-07/2021-07-17,DSC00547.ARW,DSC00547,ARW,RAW,F2BB01D6-396A-4E09-8172-52CE2A3319AF,c230,c230,c230,,gray,0,,648259201,,,24mm F1.4 DG HSM | Art 018,400,24 mm,ƒ / 5.6,1/250 sec,5304 x 7952,,DA,,,,,,,,,2021-07-17,2026-05-14T09:48:33
/Volumes/dataLib/Pictures/Images/2021/2021-07/2021-07-17/DSC00623.ARW,/Volumes/dataLib/Pictures/Images/2021/2021-07/2021-07-17,DSC00623.ARW,DSC00623,ARW,RAW,710242FC-BCEA-4404-A49C-AE010C040CD1,c231,c231,c231,,gray,0,,648260154,,,FE 35mm F1.4 ZA,200,35 mm,ƒ / 5.6,1/250 sec,5304 x 7952,,DA,,,,,,,,,2021-07-17,2026-05-14T09:48:33
/Volumes/dataLib/Pictures/Images/2021/2021-07/2021-07-17/DSC00855.ARW,/Volumes/dataLib/Pictures/Images/2021/2021-07/2021-07-17,DSC00855.ARW,DSC00855,ARW,RAW,15461C3F-C0CF-48A0-9F4A-C3E2AADE1733,c232,c232,c232,,gray,0,,648260858,,,FE 50mm F1.4 ZA,400,50 mm,ƒ / 6.3,1/250 sec,5304 x 7952,,DA,,,,,,,,,2021-07-17,2026-05-14T09:48:33
/Volumes/dataLib/Pictures/Images/2021/2021-07/2021-07-17/DSC01582.ARW,/Volumes/dataLib/Pictures/Images/2021/2021-07/2021-07-17,DSC01582.ARW,DSC01582,ARW,RAW,5C87F398-E056-4BD1-AC05-DA182E4566AE,c233,c233,c233,,gray,0,,648262526,,,FE 50mm F1.4 ZA,800,50 mm,ƒ / 6.3,1/250 sec,5304 x 7952,,DA,,,,,,,,,2021-07-17,2026-05-14T09:48:33
/Volumes/dataLib/Pictures/Images/2021/2021-07/2021-07-23/DSC01786.ARW,/Volumes/dataLib/Pictures/Images/2021/2021-07/2021-07-23,DSC01786.ARW,DSC01786,ARW,RAW,FB677939-808D-4F0C-B292-78C511668442,c234,c234,c234,,gray,0,,648771062,,,SAMYANG AF 14mm F2.8,500,14 mm,ƒ / 6.3,1/250 sec,7952 x 5304,,AB,,,,,,,,,2021-07-23,2026-05-14T09:48:33
/Volumes/dataLib/Pictures/Images/2021/2021-07/2021-07-23/DSC01845.ARW,/Volumes/dataLib/Pictures/Images/2021/2021-07/2021-07-23,DSC01845.ARW,DSC01845,ARW,RAW,2509C857-D230-49CD-942E-CD276CCDE27E,c235,c235,c235,,gray,0,,648771568,,,SAMYANG AF 14mm F2.8,125,14 mm,ƒ / 6.3,1/250 sec,5304 x 7952,,DA,,,,,,,,,2021-07-23,2026-05-14T09:48:33
/Volumes/dataLib/Pictures/Images/2021/2021-07/2021-07-23/DSC02176.ARW,/Volumes/dataLib/Pictures/Images/2021/2021-07/2021-07-23,DSC02176.ARW,DSC02176,ARW,RAW,AC90B718-F8C9-4018-9BA9-BABBB438AF3A,c236,c236,c236,,gray,0,,648771866,,,24mm F1.4 DG HSM | Art 018,400,24 mm,ƒ / 6.3,1/250 sec,5304 x 7952,,DA,,,,,,,,,2021-07-23,2026-05-14T09:48:33
/Volumes/dataLib/Pictures/Images/2021/2021-07/2021-07-23/DSC02198.ARW,/Volumes/dataLib/Pictures/Images/2021/2021-07/2021-07-23,DSC02198.ARW,DSC02198,ARW,RAW,BFAD1454-841A-445A-812E-4D04B326725E,c237,c237,c237,,gray,0,,648772052,,,24mm F1.4 DG HSM | Art 018,400,24 mm,ƒ / 6.3,1/250 sec,5304 x 7952,,DA,,,,,,,,,2021-07-23,2026-05-14T09:48:33
/Volumes/dataLib/Pictures/Images/2021/2021-07/2021-07-23/DSC02381.ARW,/Volumes/dataLib/Pictures/Images/2021/2021-07/2021-07-23,DSC02381.ARW,DSC02381,ARW,RAW,2E7AA0C5-3B93-4069-B4BB-9A448ED064AA,c239,c239,c239,,gray,0,,648772628,,,24mm F1.4 DG HSM | Art 018,500,24 mm,ƒ / 6.3,1/250 sec,5304 x 7952,,DA,,,,,,,,,2021-07-23,2026-05-14T09:48:33
/Volumes/dataLib/Pictures/Images/2021/2021-07/2021-07-23/DSC02423.ARW,/Volumes/dataLib/Pictures/Images/2021/2021-07/2021-07-23,DSC02423.ARW,DSC02423,ARW,RAW,0FFA1848-36B1-4351-9CDD-9206B2A88A3E,c240,c240,c240,,gray,0,,648772745,,,24mm F1.4 DG HSM | Art 018,250,24 mm,ƒ / 6.3,1/250 sec,5304 x 7952,,DA,,,,,,,,,2021-07-23,2026-05-14T09:48:33
/Volumes/dataLib/Pictures/Images/2021/2021-07/2021-07-23/DSC02781.ARW,/Volumes/dataLib/Pictures/Images/2021/2021-07/2021-07-23,DSC02781.ARW,DSC02781,ARW,RAW,9902DF71-A911-4BBA-BB4C-DC7DC2FFE225,c241,c241,c241,,gray,0,,648773413,,,SAMYANG AF 14mm F2.8,100,14 mm,ƒ / 2.8,1/500 sec,7952 x 5304,,AB,,,,,,,,,2021-07-23,2026-05-14T09:48:33
/Volumes/dataLib/Pictures/Images/2021/2021-07/2021-07-23/DSC02794.ARW,/Volumes/dataLib/Pictures/Images/2021/2021-07/2021-07-23,DSC02794.ARW,DSC02794,ARW,RAW,27AA7B05-2026-4E42-AA82-04E95B6E476F,c242,c242,c242,,gray,0,,648773490,,,SAMYANG AF 14mm F2.8,100,14 mm,ƒ / 2.8,1/500 sec,5304 x 7952,,DA,,,,,,,,,2021-07-23,2026-05-14T09:48:33
/Volumes/dataLib/Pictures/Images/2021/2021-07/2021-07-23/DSC02868.ARW,/Volumes/dataLib/Pictures/Images/2021/2021-07/2021-07-23,DSC02868.ARW,DSC02868,ARW,RAW,0B03C9D6-B513-40D2-9039-4157E09BE26B,c243,c243,c243 ; g037,,gray,0,,648773805,,,24mm F1.4 DG HSM | Art 018,100,24 mm,ƒ / 2.8,1/640 sec,7952 x 5304,,AB,,,,,,,,,2021-07-23,2026-05-14T09:48:33
/Volumes/dataLib/Pictures/Images/2021/2021-07/2021-07-23/DSC03165.ARW,/Volumes/dataLib/Pictures/Images/2021/2021-07/2021-07-23,DSC03165.ARW,DSC03165,ARW,RAW,5C3CF0F0-5416-475D-B0D3-A4CB73264B84,c244,c244,c244,,gray,0,,648774260,,,FE 50mm F1.4 ZA,100,50 mm,ƒ / 1.4,1/2500 sec,5304 x 7952,,DA,,,,,,,,,2021-07-23,2026-05-14T09:48:33
/Volumes/dataLib/Pictures/Images/2021/2021-07/2021-07-23/DSC03484.ARW,/Volumes/dataLib/Pictures/Images/2021/2021-07/2021-07-23,DSC03484.ARW,DSC03484,ARW,RAW,BE25116D-C622-4A90-9A14-316254E6D515,c245,c245,c245,,gray,0,,648775326,,,24mm F1.4 DG HSM | Art 018,100,24 mm,ƒ / 1.4,1/2500 sec,5304 x 7952,,DA,,,,,,,,,2021-07-23,2026-05-14T09:48:33
/Volumes/dataLib/Pictures/Images/2021/2021-07/2021-07-23/DSC03674.ARW,/Volumes/dataLib/Pictures/Images/2021/2021-07/2021-07-23,DSC03674.ARW,DSC03674,ARW,RAW,AFB43842-48DE-46F0-8163-7959E542A024,c246,c246,c246,,gray,0,,648775882,,,FE 50mm F1.4 ZA,100,50 mm,ƒ / 2.8,1/640 sec,5304 x 7952,,DA,,,,,,,,,2021-07-23,2026-05-14T09:48:33
/Volumes/dataLib/Pictures/Images/2021/2021-07/2021-07-23/DSC03741.ARW,/Volumes/dataLib/Pictures/Images/2021/2021-07/2021-07-23,DSC03741.ARW,DSC03741,ARW,RAW,C3150B2A-CEA7-41C5-ACBA-33D0040E0D64,c247,c247,c247,,gray,0,,648776678,,,24mm F1.4 DG HSM | Art 018,100,24 mm,ƒ / 2.2,1/1250 sec,7952 x 5304,,AB,,,,,,,,,2021-07-23,2026-05-14T09:48:33
/Volumes/dataLib/Pictures/Images/2021/2021-07/2021-07-23/DSC03846.ARW,/Volumes/dataLib/Pictures/Images/2021/2021-07/2021-07-23,DSC03846.ARW,DSC03846,ARW,RAW,467BA7B4-64DB-4619-9471-F2DB9B4F4BDC,c248,c248,c248,,gray,0,,648778235,,,24mm F1.4 DG HSM | Art 018,100,24 mm,ƒ / 2.2,1/250 sec,5304 x 7952,,DA,,,,,,,,,2021-07-23,2026-05-14T09:48:33
/Volumes/dataLib/Pictures/Images/2021/2021-07/2021-07-23/DSC03980.ARW,/Volumes/dataLib/Pictures/Images/2021/2021-07/2021-07-23,DSC03980.ARW,DSC03980,ARW,RAW,64EB1CAA-32EE-4647-B3FD-2B82563956F3,c249,c249,c249,,gray,0,,648778695,,,24mm F1.4 DG HSM | Art 018,100,24 mm,ƒ / 2.2,1/500 sec,5304 x 7952,,DA,,,,,,,,,2021-07-23,2026-05-14T09:48:33
/Volumes/dataLib/Pictures/Images/2021/2021-07/2021-07-23/DSC04138.ARW,/Volumes/dataLib/Pictures/Images/2021/2021-07/2021-07-23,DSC04138.ARW,DSC04138,ARW,RAW,EB0B753C-56B2-4C9A-9119-6E45F1CE22FD,c250,c250,c250,,gray,0,,648778975,,,24mm F1.4 DG HSM | Art 018,100,24 mm,ƒ / 2.2,1/500 sec,5304 x 7952,,DA,,,,,,,,,2021-07-23,2026-05-14T09:48:33
/Volumes/dataLib/Pictures/Images/2021/2021-07/2021-07-23/DSC04180.ARW,/Volumes/dataLib/Pictures/Images/2021/2021-07/2021-07-23,DSC04180.ARW,DSC04180,ARW,RAW,0E379D02-76CD-4F31-915A-A74AE1260A8C,c251,c251,c251,,gray,0,,648779640,,,24mm F1.4 DG HSM | Art 018,100,24 mm,ƒ / 2.2,1/640 sec,5304 x 7952,,DA,,,,,,,,,2021-07-23,2026-05-14T09:48:33
/Volumes/dataLib/Pictures/Images/2021/2021-08/2021-08-26/DSC04604.ARW,/Volumes/dataLib/Pictures/Images/2021/2021-08/2021-08-26,DSC04604.ARW,DSC04604,ARW,RAW,D2DB83C5-8EE9-429F-B1CA-CFE6AC835829,c252,c252,c252 ; g036,,gray,0,,651711505,,,SAMYANG AF 14mm F2.8,100,14 mm,ƒ / 2.8,1/320 sec,5304 x 7952,,DA,,,,,,,,,2021-08-26,2026-05-14T09:48:33
/Volumes/dataLib/Pictures/Images/2021/2021-08/2021-08-26/DSC04814.ARW,/Volumes/dataLib/Pictures/Images/2021/2021-08/2021-08-26,DSC04814.ARW,DSC04814,ARW,RAW,8BF05B18-9A94-4D38-84BE-3EDEEEC57E49,c253,c253,c253 ; g035,,gray,0,,651711964,,,SAMYANG AF 14mm F2.8,100,14 mm,ƒ / 2.8,1/640 sec,5304 x 7952,,DA,,,,,,,,,2021-08-26,2026-05-14T09:48:33
/Volumes/dataLib/Pictures/Images/2021/2021-08/2021-08-26/DSC04991.ARW,/Volumes/dataLib/Pictures/Images/2021/2021-08/2021-08-26,DSC04991.ARW,DSC04991,ARW,RAW,782CFB3D-6EA8-4517-B325-9A44729BA3E6,c254,c254,c254 ; g034,,gray,0,,651712381,,,FE 50mm F1.4 ZA,100,50 mm,ƒ / 2.0,1/250 sec,5304 x 7952,,DA,,,,,,,,,2021-08-26,2026-05-14T09:48:33
/Volumes/dataLib/Pictures/Images/2021/2021-08/2021-08-26/DSC05141.ARW,/Volumes/dataLib/Pictures/Images/2021/2021-08/2021-08-26,DSC05141.ARW,DSC05141,ARW,RAW,5095451B-757F-4AD7-9218-437FBA0A9D10,c255,c255,c255 ; g033,,gray,0,,651712961,,,SAMYANG AF 14mm F2.8,100,14 mm,ƒ / 3.2,1/1000 sec,7952 x 5304,,AB,,,,,,,,,2021-08-26,2026-05-14T09:48:33
/Volumes/dataLib/Pictures/Images/2021/2021-08/2021-08-26/DSC05198.ARW,/Volumes/dataLib/Pictures/Images/2021/2021-08/2021-08-26,DSC05198.ARW,DSC05198,ARW,RAW,7E069C43-8542-43D3-8EA0-3A2DB5C79F55,c256,c256,c256,,gray,0,,651713079,,,SAMYANG AF 14mm F2.8,100,14 mm,ƒ / 3.2,1/6400 sec,5304 x 7952,,DA,,,,,,,,,2021-08-26,2026-05-14T09:48:33
/Volumes/dataLib/Pictures/Images/2021/2021-08/2021-08-26/DSC05237.ARW,/Volumes/dataLib/Pictures/Images/2021/2021-08/2021-08-26,DSC05237.ARW,DSC05237,ARW,RAW,D92EB4A4-B866-4447-84A3-64457127516C,c257,c257,c257 ; g031,,gray,0,,651720199,,,SAMYANG AF 14mm F2.8,125,14 mm,ƒ / 3.2,1/250 sec,5304 x 7952,,DA,,,,,,,,,2021-08-26,2026-05-14T09:48:33
/Volumes/dataLib/Pictures/Images/2021/2021-08/2021-08-26/DSC05693.ARW,/Volumes/dataLib/Pictures/Images/2021/2021-08/2021-08-26,DSC05693.ARW,DSC05693,ARW,RAW,42A4E481-A508-4BF1-85DF-FDB79138C20F,c258,c258,c258 ; g030,,gray,0,,651721311,,,SAMYANG AF 14mm F2.8,500,14 mm,ƒ / 4.5,1/250 sec,5304 x 7952,,DA,,,,,,,,,2021-08-26,2026-05-14T09:48:33
/Volumes/dataLib/Pictures/Images/2021/2021-08/2021-08-28/DSC05850.ARW,/Volumes/dataLib/Pictures/Images/2021/2021-08/2021-08-28,DSC05850.ARW,DSC05850,ARW,RAW,2E680EE7-AA02-475C-B35A-1A9E711797EC,c259,c259,c259,,gray,0,,651871060,,,SAMYANG AF 14mm F2.8,100,14 mm,ƒ / 4.5,1/800 sec,7952 x 5304,,AB,,,,,,,,,2021-08-28,2026-05-14T09:48:33
/Volumes/dataLib/Pictures/Images/2021/2021-09/2021-09-04/DSC06161.ARW,/Volumes/dataLib/Pictures/Images/2021/2021-09/2021-09-04,DSC06161.ARW,DSC06161,ARW,RAW,74FAECBB-7FE6-40F1-9266-D5A403BCBA65,c260,c260,c260,,gray,0,,652494005,,,FE 35mm F1.4 ZA,1600,35 mm,ƒ / 13,1/250 sec,5304 x 7952,,DA,,,,,,,,,2021-09-04,2026-05-14T09:48:33
/Volumes/dataLib/Pictures/Images/2021/2021-09/2021-09-04/DSC06335.ARW,/Volumes/dataLib/Pictures/Images/2021/2021-09/2021-09-04,DSC06335.ARW,DSC06335,ARW,RAW,E42B3A0D-8B42-406A-BF85-E7E2B9736F2B,c261,c261,c261,,gray,0,,652494669,,,24mm F1.4 DG HSM | Art 018,100,24 mm,ƒ / 1.6,1/800 sec,5304 x 7952,,DA,,,,,,,,,2021-09-04,2026-05-14T09:48:33
/Volumes/dataLib/Pictures/Images/2021/2021-09/2021-09-04/DSC06411.ARW,/Volumes/dataLib/Pictures/Images/2021/2021-09/2021-09-04,DSC06411.ARW,DSC06411,ARW,RAW,37AAF28E-046D-4231-8E22-E4A0B16B921F,c262,c262,c262,,gray,0,,652495036,,,24mm F1.4 DG HSM | Art 018,100,24 mm,ƒ / 1.6,1/640 sec,5304 x 7952,,DA,,,,,,,,,2021-09-04,2026-05-14T09:48:33
/Volumes/dataLib/Pictures/Images/2021/2021-09/2021-09-05/DSC06445.ARW,/Volumes/dataLib/Pictures/Images/2021/2021-09/2021-09-05,DSC06445.ARW,DSC06445,ARW,RAW,053EB37A-EDEF-4B5C-BDFA-8BAE00919663,c263,c263,c263,,gray,0,,652580190,,,24mm F1.4 DG HSM | Art 018,125,24 mm,ƒ / 2.0,1/250 sec,5304 x 7952,,DA,,,,,,,,,2021-09-05,2026-05-14T09:48:33
/Volumes/dataLib/Pictures/Images/2021/2021-09/2021-09-05/DSC06646.ARW,/Volumes/dataLib/Pictures/Images/2021/2021-09/2021-09-05,DSC06646.ARW,DSC06646,ARW,RAW,AC676B75-FBF0-43F5-841D-9DFEDABD27C1,c264,c264,c264,,gray,0,,652580513,,,FE 50mm F1.4 ZA,3200,50 mm,ƒ / 13,1/250 sec,5304 x 7952,,DA,,,,,,,,,2021-09-05,2026-05-14T09:48:33
/Volumes/dataLib/Pictures/Images/2021/2021-09/2021-09-05/DSC06807.ARW,/Volumes/dataLib/Pictures/Images/2021/2021-09/2021-09-05,DSC06807.ARW,DSC06807,ARW,RAW,ABD43FD3-9B45-4DBA-88F9-606DD4062FF1,c265,c265,c265,,gray,0,,652581281,,,FE 50mm F1.4 ZA,100,50 mm,ƒ / 1.4,1/800 sec,5304 x 7952,,DA,,,,,,,,,2021-09-05,2026-05-14T09:48:33
/Volumes/dataLib/Pictures/Images/2021/2021-09/2021-09-05/DSC06918.ARW,/Volumes/dataLib/Pictures/Images/2021/2021-09/2021-09-05,DSC06918.ARW,DSC06918,ARW,RAW,93E3AEDE-AADF-41AA-ACA5-BC37FD5CA496,c266,c266,c266,,gray,0,,652581431,,,24mm F1.4 DG HSM | Art 018,100,24 mm,ƒ / 1.6,1/800 sec,5304 x 7952,,DA,,,,,,,,,2021-09-05,2026-05-14T09:48:33
/Volumes/dataLib/Pictures/Images/2021/2021-10/2021-10-02/DSC09467.ARW,/Volumes/dataLib/Pictures/Images/2021/2021-10/2021-10-02,DSC09467.ARW,DSC09467,ARW,RAW,6980C0DE-8C50-4F7B-A817-4A378C476B26,c267,c267,c267,,gray,0,,654887987,,,SAMYANG AF 14mm F2.8,160,14 mm,ƒ / 2.8,1/250 sec,7952 x 5304,,AB,,,,,,,,,2021-10-02,2026-05-14T09:48:33
/Volumes/dataLib/Pictures/Images/2021/2021-11/2021-11-22/DSC09667.ARW,/Volumes/dataLib/Pictures/Images/2021/2021-11/2021-11-22,DSC09667.ARW,DSC09667,ARW,RAW,573E573E-2D65-4845-AEB3-AF603DA50164,c268,c268,c268,,gray,0,,659323379,,,SAMYANG AF 14mm F2.8,100,14 mm,ƒ / 2.8,1/640 sec,5304 x 7952,,DA,,,,,,,,,2021-11-22,2026-05-14T09:48:33
/Volumes/dataLib/Pictures/Images/2021/2021-11/2021-11-23/DSC09992.ARW,/Volumes/dataLib/Pictures/Images/2021/2021-11/2021-11-23,DSC09992.ARW,DSC09992,ARW,RAW,57ED80FB-C36E-45E9-B7F1-98DD906A4EE7,c269,c269,c269,,gray,0,,659404122,,,FE 50mm F1.4 ZA,1000,50 mm,ƒ / 16,1/250 sec,5304 x 7952,,DA,,,,,,,,,2021-11-23,2026-05-14T09:48:33
/Volumes/dataLib/Pictures/Images/2022/2022-02/2022-02-05/DSC09656.ARW,/Volumes/dataLib/Pictures/Images/2022/2022-02/2022-02-05,DSC09656.ARW,DSC09656,ARW,RAW,721029F6-CD17-4AE6-84FE-B025F985A8BE,c270,c270,c270 ; g028,,gray,0,,665804925,,,SAMYANG AF 14mm F2.8,125,14 mm,ƒ / 4.0,1/250 sec,5304 x 7952,,DA,,,,,,,,,2022-02-05,2026-05-14T09:48:33
/Volumes/dataLib/Pictures/Images/2022/2022-02/2022-02-05/DSC09809.ARW,/Volumes/dataLib/Pictures/Images/2022/2022-02/2022-02-05,DSC09809.ARW,DSC09809,ARW,RAW,C894E7E3-7FBF-431C-B504-640EABB22B93,c271,c271,c271 ; g027,,gray,0,,665805158,,,FE 50mm F1.4 ZA,400,50 mm,ƒ / 4.0,1/250 sec,5304 x 7952,,DA,,,,,,,,,2022-02-05,2026-05-14T09:48:33
/Volumes/dataLib/Pictures/Images/2022/2022-03/2022-03-14/DSC00359.ARW,/Volumes/dataLib/Pictures/Images/2022/2022-03/2022-03-14,DSC00359.ARW,DSC00359,ARW,RAW,61E1C1FA-4689-4F4B-92A7-50DA2C4FD284,c272,c272,@avafgrace ; Ava Grace ; c272 ; g026,,gray,0,,668985890,,,24mm F1.4 DG HSM | Art 018,100,24 mm,ƒ / 1.4,1/6400 sec,5304 x 7952,,DA,,,,,,,,,2022-03-14,2026-05-14T09:48:33
/Volumes/dataLib/Pictures/Images/2022/2022-03/2022-03-14/DSC01342.ARW,/Volumes/dataLib/Pictures/Images/2022/2022-03/2022-03-14,DSC01342.ARW,DSC01342,ARW,RAW,3FFF2E81-AF75-44AD-AAAD-BF1CA0317B22,c273,c273,@avafgrace ; Ava Grace ; c273 ; g024,,gray,0,,668988835,,,FE 50mm F1.4 ZA,160,50 mm,ƒ / 2.2,1/250 sec,5304 x 7952,,DA,,,,,,,,,2022-03-14,2026-05-14T09:48:33
/Volumes/dataLib/Pictures/Images/2023/2023-01/2023-01-23/DSC01756.ARW,/Volumes/dataLib/Pictures/Images/2023/2023-01/2023-01-23,DSC01756.ARW,DSC01756,ARW,RAW,BF749F01-2095-4A03-BEAE-F61BAAA3838D,c274,c274,c274 ; g022,,gray,0,,696216533,,,24mm F1.4 DG HSM | Art 018,125,24 mm,ƒ / 1.6,1/250 sec,5304 x 7952,,DA,,,,,,,,,2023-01-23,2026-05-14T09:48:33
/Volumes/dataLib/Pictures/Images/2023/2023-02/2023-02-06/DSC01881.ARW,/Volumes/dataLib/Pictures/Images/2023/2023-02/2023-02-06,DSC01881.ARW,DSC01881,ARW,RAW,13449709-0C19-47CD-A918-0D73137920D5,c275,c275,c275 ; g021,,gray,0,,697416379,,,FE 50mm F1.4 ZA,100,50 mm,ƒ / 1.4,1/640 sec,5304 x 7952,,DA,,,,,,,,,2023-02-06,2026-05-14T09:48:33
/Volumes/dataLib/Pictures/Images/2023/2023-02/2023-02-06/DSC01959.ARW,/Volumes/dataLib/Pictures/Images/2023/2023-02/2023-02-06,DSC01959.ARW,DSC01959,ARW,RAW,33F292F2-5EC5-4B5E-9AED-1ABC3B20907D,c276,c276,c276 ; g020,,gray,0,,697418610,,,FE 50mm F1.4 ZA,100,50 mm,ƒ / 1.6,1/5000 sec,5304 x 7952,,DA,,,,,,,,,2023-02-06,2026-05-14T09:48:33
/Volumes/dataLib/Pictures/Images/2023/2023-02/2023-02-06/DSC02034.ARW,/Volumes/dataLib/Pictures/Images/2023/2023-02/2023-02-06,DSC02034.ARW,DSC02034,ARW,RAW,69B6871F-8B39-4F08-8CC5-30476CAE18AD,c277,c277,c277,,gray,0,,697421425,,,FE 50mm F1.4 ZA,100,50 mm,ƒ / 1.4,1/2500 sec,7952 x 5304,,AB,,,,,,,,,2023-02-06,2026-05-14T09:48:33
/Volumes/dataLib/Pictures/Images/2023/2023-02/2023-02-06/DSC02063.ARW,/Volumes/dataLib/Pictures/Images/2023/2023-02/2023-02-06,DSC02063.ARW,DSC02063,ARW,RAW,A2BEAD3E-A411-4A6B-B84A-39E003202DC5,c278,c278,c278 ; g020,,gray,0,,697422690,,,FE 35mm F1.4 ZA,100,35 mm,ƒ / 1.4,1/2500 sec,7952 x 5304,,AB,,,,,,,,,2023-02-06,2026-05-14T09:48:33
/Volumes/dataLib/Pictures/Images/2023/2023-02/2023-02-06/DSC02127.ARW,/Volumes/dataLib/Pictures/Images/2023/2023-02/2023-02-06,DSC02127.ARW,DSC02127,ARW,RAW,62AD414E-0A3B-4891-9D62-AFF5400F7FD3,c279,c279,c279 ; g019,,gray,0,,697422998,,,24mm F1.4 DG HSM | Art 018,100,24 mm,ƒ / 1.4,1/1000 sec,5304 x 7952,,DA,,,,,,,,,2023-02-06,2026-05-14T09:48:33
/Volumes/dataLib/Pictures/Images/2023/2023-02/2023-02-11/DSC00001.ARW,/Volumes/dataLib/Pictures/Images/2023/2023-02/2023-02-11,DSC00001.ARW,DSC00001,ARW,RAW,32B07030-B17A-4790-AB7D-8BE6914090CF,c280,c280,c280,,gray,0,,697858862,,,24mm F1.4 DG HSM | Art 018,500,24 mm,ƒ / 4.0,1/250 sec,5304 x 7952,,DA,,,,,,,,,2023-02-11,2026-05-14T09:48:33
/Volumes/dataLib/Pictures/Images/2023/2023-03/2023-03-21/DSC00182.ARW,/Volumes/dataLib/Pictures/Images/2023/2023-03/2023-03-21,DSC00182.ARW,DSC00182,ARW,RAW,2EBB8620-5488-497D-B46D-017408E95E25,c281,c281,c281,,gray,0,,701119876,,,FE 35mm F1.4 ZA,400,35 mm,ƒ / 2.2,1/250 sec,5304 x 7952,,DA,,,,,,,,,2023-03-21,2026-05-14T09:48:33
/Volumes/dataLib/Pictures/Images/2023/2023-03/2023-03-21/DSC00283.ARW,/Volumes/dataLib/Pictures/Images/2023/2023-03/2023-03-21,DSC00283.ARW,DSC00283,ARW,RAW,165F61F8-2D02-4627-9502-A95BE0476E9B,c282,c282,c282,,gray,0,,701126507,,,FE 35mm F1.4 ZA,160,35 mm,ƒ / 2.2,1/250 sec,7952 x 5304,,CD,,,,,,,,,2023-03-21,2026-05-14T09:48:33
/Volumes/dataLib/Pictures/Images/2023/2023-08/2023-08-03/_SUH0308.ARW,/Volumes/dataLib/Pictures/Images/2023/2023-08/2023-08-03,_SUH0308.ARW,_SUH0308,ARW,RAW,2FDA0833-EBEB-4CF8-8752-A3FB202F05EF,c283,c283,c283 ; g018,,gray,0,,712780153.12,,,FE 14mm F1.8 GM,100,14 mm,ƒ / 1.8,1/800 sec,6336 x 9504,,DA,,,,,,,,,2023-08-03,2026-05-14T09:48:33
/Volumes/dataLib/Pictures/Images/2023/2023-08/2023-08-03/_SUH0454.ARW,/Volumes/dataLib/Pictures/Images/2023/2023-08/2023-08-03,_SUH0454.ARW,_SUH0454,ARW,RAW,7F45E0CA-BD9D-447A-A83C-10C59D7B0A15,c284,c284,c284 ; g017,,gray,0,,712787026.444,,,FE 24-70mm F2.8 GM II,100,51 mm,ƒ / 2.8,1/640 sec,6336 x 9504,,DA,,,,,,,,,2023-08-03,2026-05-14T09:48:33
/Volumes/dataLib/Pictures/Images/2023/2023-08/2023-08-03/_SUH0511.ARW,/Volumes/dataLib/Pictures/Images/2023/2023-08/2023-08-03,_SUH0511.ARW,_SUH0511,ARW,RAW,F7F04D68-0830-49B6-9BE1-FCD3F6556081,c285,c285,c285,,gray,0,,712787813.655,,,FE 24-70mm F2.8 GM II,160,47 mm,ƒ / 2.8,1/250 sec,6336 x 9504,,DA,,,,,,,,,2023-08-03,2026-05-14T09:48:33
/Volumes/dataLib/Pictures/Images/2023/2023-09/2023-09-12/_SUH0642.ARW,/Volumes/dataLib/Pictures/Images/2023/2023-09/2023-09-12,_SUH0642.ARW,_SUH0642,ARW,RAW,C867B524-D259-4EBC-B5BB-D86DE24736C9,c286,c286,c286,,gray,0,,716262307.458,,,FE 14mm F1.8 GM,320,14 mm,ƒ / 1.8,1/250 sec,6336 x 9504,,DA,,,,,,,,,2023-09-12,2026-05-14T09:48:33
/Volumes/dataLib/Pictures/Images/2023/2023-09/2023-09-12/_SUH0861.ARW,/Volumes/dataLib/Pictures/Images/2023/2023-09/2023-09-12,_SUH0861.ARW,_SUH0861,ARW,RAW,9B06404C-FAD5-48AB-B0D8-AFC0DE3C5B8D,c287,c287,c287 ; g015,,gray,0,,716263100.82,,,FE 14mm F1.8 GM,1600,14 mm,ƒ / 3.2,1/250 sec,6336 x 9504,,DA,,,,,,,,,2023-09-12,2026-05-14T09:48:33
/Volumes/dataLib/Pictures/Images/2023/2023-09/2023-09-12/_SUH0939.ARW,/Volumes/dataLib/Pictures/Images/2023/2023-09/2023-09-12,_SUH0939.ARW,_SUH0939,ARW,RAW,22C38E73-7E37-4CE3-8081-9134853BEB31,c288,c288,c288 ; g014,,gray,0,,716263727.346,,,FE 14mm F1.8 GM,1600,14 mm,ƒ / 1.8,1/250 sec,6336 x 9504,,DA,,,,,,,,,2023-09-12,2026-05-14T09:48:33
/Volumes/dataLib/Pictures/Images/2023/2023-12/2023-12-29/_SUH1258.ARW,/Volumes/dataLib/Pictures/Images/2023/2023-12/2023-12-29,_SUH1258.ARW,_SUH1258,ARW,RAW,7002391F-3961-47BB-8E2B-AF772F46CC94,c289,c289,c289 ; g013,,gray,0,,725589938.933,,,FE 24-70mm F2.8 GM II,200,30 mm,ƒ / 3.5,1/500 sec,6336 x 9504,,DA,,,,,,,,,2023-12-29,2026-05-14T09:48:33
/Volumes/dataLib/Pictures/Images/2024/2024-01/2024-01-12/_SUH1314.ARW,/Volumes/dataLib/Pictures/Images/2024/2024-01/2024-01-12,_SUH1314.ARW,_SUH1314,ARW,RAW,6BB7A3A7-07A1-4492-A663-5DD057CF6CF0,c290,c290,c290,,gray,0,,726794465.404,,,FE 24-70mm F2.8 GM II,200,70 mm,ƒ / 3.5,1/20 sec,6336 x 9504,,DA,,,,,,,,,2024-01-12,2026-05-14T09:48:33
/Volumes/dataLib/Pictures/Images/2024/2024-01/2024-01-12/_SUH1446.ARW,/Volumes/dataLib/Pictures/Images/2024/2024-01/2024-01-12,_SUH1446.ARW,_SUH1446,ARW,RAW,42BF573A-845E-4E5A-B985-3E5884526C39,c291,c291,c291,,gray,0,,726795130.871,,,FE 24-70mm F2.8 GM II,200,70 mm,ƒ / 3.2,1/25 sec,6336 x 9504,,DA,,,,,,,,,2024-01-12,2026-05-14T09:48:33
/Volumes/dataLib/Pictures/Images/2024/2024-01/2024-01-12/_SUH1519.ARW,/Volumes/dataLib/Pictures/Images/2024/2024-01/2024-01-12,_SUH1519.ARW,_SUH1519,ARW,RAW,25B561A9-F2D4-405B-AA1A-A8CC152671F3,c292,c292,c292,,gray,0,,726795522.848,,,FE 14mm F1.8 GM,200,14 mm,ƒ / 3.2,1/100 sec,6336 x 9504,,DA,,,,,,,,,2024-01-12,2026-05-14T09:48:33
/Volumes/dataLib/Pictures/Images/2024/2024-01/2024-01-12/_SUH1688.ARW,/Volumes/dataLib/Pictures/Images/2024/2024-01/2024-01-12,_SUH1688.ARW,_SUH1688,ARW,RAW,9D8F9836-AB24-40C3-A274-A1430C29C0CB,c293,c293,c293,,gray,0,,726796607.409,,,FE 14mm F1.8 GM,200,14 mm,ƒ / 3.2,1/160 sec,6336 x 9504,,DA,,,,,,,,,2024-01-12,2026-05-14T09:48:33
/Volumes/dataLib/Pictures/Images/2024/2024-01/2024-01-12/_SUH1882.ARW,/Volumes/dataLib/Pictures/Images/2024/2024-01/2024-01-12,_SUH1882.ARW,_SUH1882,ARW,RAW,1807A6A5-C153-4D6C-AC74-2C5F7CE2320C,c294,c294,c294,,gray,0,,726797906.992,,,FE 14mm F1.8 GM,200,14 mm,ƒ / 3.2,1/80 sec,6336 x 9504,,DA,,,,,,,,,2024-01-12,2026-05-14T09:48:33
/Volumes/dataLib/Pictures/Images/2024/2024-01/2024-01-12/_SUH1938.ARW,/Volumes/dataLib/Pictures/Images/2024/2024-01/2024-01-12,_SUH1938.ARW,_SUH1938,ARW,RAW,8195A498-1007-49C8-A060-7CE262C5DD71,c295,c295,c295,,gray,0,,726798662.174,,,FE 24-70mm F2.8 GM II,200,47 mm,ƒ / 3.2,1/50 sec,6336 x 9504,,DA,,,,,,,,,2024-01-12,2026-05-14T09:48:33
/Volumes/dataLib/Pictures/Images/2024/2024-01/2024-01-12/_SUH2220.ARW,/Volumes/dataLib/Pictures/Images/2024/2024-01/2024-01-12,_SUH2220.ARW,_SUH2220,ARW,RAW,7FC2E8FD-E149-4988-A01E-80A51917DBE8,c296,c296,c296,,gray,0,,726799901.671,,,FE 24-70mm F2.8 GM II,200,70 mm,ƒ / 3.2,1/60 sec,6336 x 9504,,DA,,,,,,,,,2024-01-12,2026-05-14T09:48:33
/Volumes/dataLib/Pictures/Images/2024/2024-01/2024-01-12/_SUH2318.ARW,/Volumes/dataLib/Pictures/Images/2024/2024-01/2024-01-12,_SUH2318.ARW,_SUH2318,ARW,RAW,BE90F14B-76AC-433F-92DE-434F141286E7,c297,c297,c297,,gray,0,,726800219.031,,,FE 14mm F1.8 GM,200,14 mm,ƒ / 3.2,1/160 sec,6336 x 9504,,DA,,,,,,,,,2024-01-12,2026-05-14T09:48:33
/Volumes/dataLib/Pictures/Images/2024/2024-01/2024-01-12/_SUH2523.ARW,/Volumes/dataLib/Pictures/Images/2024/2024-01/2024-01-12,_SUH2523.ARW,_SUH2523,ARW,RAW,EC6122F0-34FC-44E5-9A3E-409089784957,c298,c298,c298,,gray,0,,726803464.195,,,FE 14mm F1.8 GM,200,14 mm,ƒ / 3.5,1/40 sec,6336 x 9504,,DA,,,,,,,,,2024-01-12,2026-05-14T09:48:33
/Volumes/dataLib/Pictures/Images/2024/2024-01/2024-01-12/_SUH2637.ARW,/Volumes/dataLib/Pictures/Images/2024/2024-01/2024-01-12,_SUH2637.ARW,_SUH2637,ARW,RAW,71E292E9-3271-4451-930B-C3CA4EEA2065,c299,c299,c299,,gray,0,,726805579.651,,,FE 14mm F1.8 GM,200,14 mm,ƒ / 5.0,1/10 sec,9504 x 6336,,AB,,,,,,,,,2024-01-12,2026-05-14T09:48:33
/Volumes/dataLib/Pictures/Images/2024/2024-02/2024-02-05/_SUH2809.ARW,/Volumes/dataLib/Pictures/Images/2024/2024-02/2024-02-05,_SUH2809.ARW,_SUH2809,ARW,RAW,BF60432A-F40A-4EF7-94E7-AC828308C58E,c300,c300,c300 ; g012,,gray,0,,728818005.562,,,FE 24-70mm F2.8 GM II,8000,27 mm,ƒ / 2.8,1/250 sec,6336 x 9504,,DA,,,,,,,,,2024-02-05,2026-05-14T09:48:33
/Volumes/dataLib/Pictures/Images/2024/2024-02/2024-02-05/_SUH2875.ARW,/Volumes/dataLib/Pictures/Images/2024/2024-02/2024-02-05,_SUH2875.ARW,_SUH2875,ARW,RAW,4BBB4899-749C-4BED-A02F-52F3658EB761,c301,c301,c301 ; g011,,gray,0,,728818109.837,,,FE 24-70mm F2.8 GM II,6400,70 mm,ƒ / 2.8,1/250 sec,6336 x 9504,,DA,,,,,,,,,2024-02-05,2026-05-14T09:48:33
/Volumes/dataLib/Pictures/Images/2024/2024-06/2024-06-02/_SUH2969.ARW,/Volumes/dataLib/Pictures/Images/2024/2024-06/2024-06-02,_SUH2969.ARW,_SUH2969,ARW,RAW,8ABD1EC1-F8F2-411D-8219-5498EF00856B,c302,c302,c302,,gray,0,,739060071.748,,,FE 24-70mm F2.8 GM II,100,24 mm,ƒ / 2.8,1/250 sec,6336 x 9504,,DA,,,,,,,,,2024-06-02,2026-05-14T09:48:33
/Volumes/dataLib/Pictures/Images/2024/2024-06/2024-06-02/_SUH3017.ARW,/Volumes/dataLib/Pictures/Images/2024/2024-06/2024-06-02,_SUH3017.ARW,_SUH3017,ARW,RAW,E3DDF720-75C7-4229-B011-ECAAEBD5D72D,c303,c303,c303,,gray,0,,739060202.195,,,FE 24-70mm F2.8 GM II,1000,52 mm,ƒ / 2.8,1/250 sec,6336 x 9504,,DA,,,,,,,,,2024-06-02,2026-05-14T09:48:33
/Volumes/dataLib/Pictures/Images/2024/2024-06/2024-06-02/_SUH3145.ARW,/Volumes/dataLib/Pictures/Images/2024/2024-06/2024-06-02,_SUH3145.ARW,_SUH3145,ARW,RAW,0B96A218-9E1D-4A10-9A0F-C04E29EA4F49,c304,c304,c304,,gray,0,,739060646.047,,,FE 24-70mm F2.8 GM II,100,24 mm,ƒ / 2.8,1/250 sec,6336 x 9504,,DA,,,,,,,,,2024-06-02,2026-05-14T09:48:33
/Volumes/dataLib/Pictures/Images/2024/2024-06/2024-06-02/_SUH3194.ARW,/Volumes/dataLib/Pictures/Images/2024/2024-06/2024-06-02,_SUH3194.ARW,_SUH3194,ARW,RAW,C34FB3AB-9234-4A4A-9FC3-607ABD999360,c305,c305,c305 ; g010,1,green,0,,739061317.412,,,FE 24-70mm F2.8 GM II,2000,24 mm,ƒ / 2.8,1/250 sec,6336 x 9504,,DA,,,,,,,,,2024-06-02,2026-05-14T09:48:33
/Volumes/dataLib/Pictures/Images/2024/2024-06/2024-06-02/_SUH3266.ARW,/Volumes/dataLib/Pictures/Images/2024/2024-06/2024-06-02,_SUH3266.ARW,_SUH3266,ARW,RAW,C9F39592-2A17-4587-8308-22EF98556B82,c306,c306,c306,,gray,0,,739061745.556,,,FE 24-70mm F2.8 GM II,250,24 mm,ƒ / 2.8,1/250 sec,6336 x 9504,,DA,,,,,,,,,2024-06-02,2026-05-14T09:48:33
/Volumes/dataLib/Pictures/Images/2024/2024-12/2024-12-15/_SUH3455.ARW,/Volumes/dataLib/Pictures/Images/2024/2024-12/2024-12-15,_SUH3455.ARW,_SUH3455,ARW,RAW,D314EE24-D40C-4422-94EA-7FE4D4C8B149,c307,c307,c307 ; g009,,gray,0,,756005580.385,,,FE 50mm F1.4 ZA,100,50 mm,ƒ / 1.4,1/2000 sec,6336 x 9504,,DA,,,,,,,,,2024-12-15,2026-05-14T09:48:33
/Volumes/dataLib/Pictures/Images/2024/2024-12/2024-12-15/_SUH3578.ARW,/Volumes/dataLib/Pictures/Images/2024/2024-12/2024-12-15,_SUH3578.ARW,_SUH3578,ARW,RAW,35523E11-2359-4374-8293-656670B12F48,c308,c308,c308 ; g008,,gray,0,,756006307.656,,,FE 50mm F1.4 ZA,100,50 mm,ƒ / 3.2,1/8000 sec,6336 x 9504,,DA,,,,,,,,,2024-12-15,2026-05-14T09:48:33
/Volumes/dataLib/Pictures/Images/2025/2025-05/2025-05-15/_SUH3650.ARW,/Volumes/dataLib/Pictures/Images/2025/2025-05/2025-05-15,_SUH3650.ARW,_SUH3650,ARW,RAW,E3284B2B-41C0-4223-9B4F-3CDF478C342B,c309,c309,@ubaidrahman87 ; Ubaid Family ; c309 ; g007,,gray,0,,769040434.505,,,FE 50mm F1.4 ZA,160,50 mm,ƒ / 4.0,1/250 sec,9504 x 6336,,AB,,,Hollywood,,,,,,2025-05-15,2026-05-14T09:48:33
/Volumes/dataLib/Pictures/Images/2025/2025-05/2025-05-15/_SUH3679.ARW,/Volumes/dataLib/Pictures/Images/2025/2025-05/2025-05-15,_SUH3679.ARW,_SUH3679,ARW,RAW,36A5AB64-3B02-4F9F-8FFF-F2765BE01AAB,c310,c310,@ubaidrahman87 ; Ubaid Family ; c310,,gray,0,,769041026.592,,,FE 50mm F1.4 ZA,400,50 mm,ƒ / 4.0,1/250 sec,6336 x 9504,,DA,,,Hollywood,,,,,,2025-05-15,2026-05-14T09:48:33
/Volumes/dataLib/Pictures/Images/2025/2025-05/2025-05-15/_SUH3692.ARW,/Volumes/dataLib/Pictures/Images/2025/2025-05/2025-05-15,_SUH3692.ARW,_SUH3692,ARW,RAW,12E9320B-A660-4C6E-A903-4323D816753A,c311,c311,@ubaidrahman87 ; Ubaid Family ; c311 ; g006,,gray,0,,769041092.832,,,FE 50mm F1.4 ZA,400,50 mm,ƒ / 4.0,1/250 sec,9504 x 6336,,AB,,,Hollywood,,,,,,2025-05-15,2026-05-14T09:48:33
/Volumes/dataLib/Pictures/Images/2025/2025-05/2025-05-15/_SUH3808.ARW,/Volumes/dataLib/Pictures/Images/2025/2025-05/2025-05-15,_SUH3808.ARW,_SUH3808,ARW,RAW,463905D8-AF96-4388-ADF6-AFC7AC406A2B,c312,c312,@ubaidrahman87 ; Ubaid Family ; c312,,gray,0,,769050264.268,,,FE 50mm F1.4 ZA,100,50 mm,ƒ / 1.4,1/1250 sec,6336 x 9504,,DA,,,Hollywood,,,,,,2025-05-15,2026-05-14T09:48:33
/Volumes/dataLib/Pictures/Images/2025/2025-05/2025-05-15/_SUH3850.ARW,/Volumes/dataLib/Pictures/Images/2025/2025-05/2025-05-15,_SUH3850.ARW,_SUH3850,ARW,RAW,ACCA7E96-5EAC-4BFC-B51D-C9F738871924,c313,c313,@ubaidrahman87 ; Ubaid Family ; c313,,gray,0,,769051390.571,,,FE 50mm F1.4 ZA,500,50 mm,ƒ / 3.5,1/250 sec,9504 x 6336,,AB,,,Hollywood,,,,,,2025-05-15,2026-05-14T09:48:33
/Volumes/dataLib/Pictures/Images/2025/2025-05/2025-05-16/_SUH3915.ARW,/Volumes/dataLib/Pictures/Images/2025/2025-05/2025-05-16,_SUH3915.ARW,_SUH3915,ARW,RAW,DD024271-01CA-4B6E-805F-44AC19B1DF71,c314,c314,@ubaidrahman87 ; Ubaid Family ; c314,,gray,0,,769137613.093,,,FE 24-70mm F2.8 GM II,100,46 mm,ƒ / 2.8,1/320 sec,9504 x 6336,,AB,,,Santa Monica Beach,,,,,,2025-05-16,2026-05-14T09:48:33
/Volumes/dataLib/Pictures/Images/2025/2025-05/2025-05-16/_SUH4159.ARW,/Volumes/dataLib/Pictures/Images/2025/2025-05/2025-05-16,_SUH4159.ARW,_SUH4159,ARW,RAW,6A073753-10A3-40CB-A4DE-6E65FB36B7C1,c315,c315,@ubaidrahman87 ; Ubaid Family ; c315,,gray,0,,769138083.302,,,FE 24-70mm F2.8 GM II,160,43 mm,ƒ / 3.5,1/250 sec,9504 x 6336,,AB,,,Santa Monica Beach,,,,,,2025-05-16,2026-05-14T09:48:33
/Volumes/dataLib/Pictures/Images/2025/2025-07/2025-07-18/_SUH4316.ARW,/Volumes/dataLib/Pictures/Images/2025/2025-07/2025-07-18,_SUH4316.ARW,_SUH4316,ARW,RAW,3F37A8F2-9832-4EB6-96A7-F9E05FED91B5,c316,c316,@kerielle777 ; Keri ; c316,,gray,0,,774560297.984,,,FE 24-70mm F2.8 GM II,100,70 mm,ƒ / 2.8,1/400 sec,6336 x 9504,,DA,,,The Huntington Library,,,,,,2025-07-18,2026-05-14T09:48:33
/Volumes/dataLib/Pictures/Images/2025/2025-07/2025-07-18/_SUH4378.ARW,/Volumes/dataLib/Pictures/Images/2025/2025-07/2025-07-18,_SUH4378.ARW,_SUH4378,ARW,RAW,4773A93D-14E7-4D75-9367-BC80EEC8BD58,c317,c317,@kerielle777 ; Keri ; c317 ; g004,,gray,0,,774561788.959,,,FE 24-70mm F2.8 GM II,320,51 mm,ƒ / 2.8,1/250 sec,6336 x 9504,,DA,,,The Huntington Library,,,,,,2025-07-18,2026-05-14T09:48:33
/Volumes/dataLib/Pictures/Images/2025/2025-07/2025-07-18/_SUH4543.ARW,/Volumes/dataLib/Pictures/Images/2025/2025-07/2025-07-18,_SUH4543.ARW,_SUH4543,ARW,RAW,981E1E82-F6E9-4A12-96DD-123ED9471DC1,c318,c318,@kerielle777 ; Keri ; c318,,gray,0,,774563535.414,,,FE 24-70mm F2.8 GM II,125,70 mm,ƒ / 2.8,1/250 sec,6336 x 9504,,DA,,,The Huntington Library,,,,,,2025-07-18,2026-05-14T09:48:33
/Volumes/dataLib/Pictures/Images/2025/2025-07/2025-07-18/_SUH4686.ARW,/Volumes/dataLib/Pictures/Images/2025/2025-07/2025-07-18,_SUH4686.ARW,_SUH4686,ARW,RAW,41EB5618-784F-478D-BFBA-70643D22AE9E,c319,c319,@kerielle777 ; Keri ; c319 ; g003,,gray,0,,774564587.477,,,FE 24-70mm F2.8 GM II,100,38 mm,ƒ / 2.8,1/320 sec,6336 x 9504,,DA,,,The Huntington Library,,,,,,2025-07-18,2026-05-14T09:48:33
/Volumes/dataLib/Pictures/Images/2025/2025-07/2025-07-19/IMG_6029.CR3,/Volumes/dataLib/Pictures/Images/2025/2025-07/2025-07-19,IMG_6029.CR3,IMG_6029,CR3,RAW,0160326A-A922-463E-8D9F-3728FCE76310,c320,c320,@kerielle777 ; Keri ; c320,,gray,0,,774670363.86,,,RF35mm F1.8 MACRO IS STM,100,35 mm,ƒ / 2.8,1/2500 sec,4000 x 6000,,DA,,,Santa Monica Beach,,,,,,2025-07-19,2026-05-14T09:48:33
/Volumes/dataLib/Pictures/Images/2025/2025-07/2025-07-23/_SUH4688.ARW,/Volumes/dataLib/Pictures/Images/2025/2025-07/2025-07-23,_SUH4688.ARW,_SUH4688,ARW,RAW,F0532907-64CE-47AA-8443-BDF459F7CEC0,c321,c321,@vallady ; Valentina Reneff-Olson ; c321,,gray,0,,774991515.811,,,FE 14mm F1.8 GM,100,14 mm,ƒ / 2.5,1/1600 sec,6336 x 9504,,DA,,,Westfield Century City,,,,,,2025-07-23,2026-05-14T09:48:33
/Volumes/dataLib/Pictures/Images/2025/2025-07/2025-07-23/_SUH4771.ARW,/Volumes/dataLib/Pictures/Images/2025/2025-07/2025-07-23,_SUH4771.ARW,_SUH4771,ARW,RAW,1DB5B4C2-772F-4A9A-AEB7-634ADAACA28D,c322,c322,@vallady ; Valentina Reneff-Olson ; c322,,gray,0,,774992057.021,,,FE 14mm F1.8 GM,100,14 mm,ƒ / 2.5,1/640 sec,6336 x 9504,,DA,,,Westfield Century City,,,,,,2025-07-23,2026-05-14T09:48:33
/Volumes/dataLib/Pictures/Images/2025/2025-08/2025-08-26/_SUH4806.ARW,/Volumes/dataLib/Pictures/Images/2025/2025-08/2025-08-26,_SUH4806.ARW,_SUH4806,ARW,RAW,73EA4A10-160D-4D5A-B24A-42C409C608E5,c323,c323,@vallady ; Valentina Reneff-Olson ; c323,,gray,0,,777929016.135,,,FE 14mm F1.8 GM,100,14 mm,ƒ / 1.8,1/800 sec,6336 x 9504,,DA,,,Walt Disney Concert Hall,,,,,,2025-08-26,2026-05-14T09:48:33
/Volumes/dataLib/Pictures/Images/2025/2025-08/2025-08-26/_SUH4951.ARW,/Volumes/dataLib/Pictures/Images/2025/2025-08/2025-08-26,_SUH4951.ARW,_SUH4951,ARW,RAW,91841C03-19CB-4823-A119-61C9158367F2,c324,c324,@vallady ; Valentina Reneff-Olson ; c324 ; g002,,gray,0,,777929942.311,,,FE 24-70mm F2.8 GM II,100,24 mm,ƒ / 2.8,1/320 sec,6336 x 9504,,DA,,,Walt Disney Concert Hall,,,,,,2025-08-26,2026-05-14T09:48:33
/Volumes/dataLib/Pictures/Images/2025/2025-08/2025-08-26/_SUH4968.ARW,/Volumes/dataLib/Pictures/Images/2025/2025-08/2025-08-26,_SUH4968.ARW,_SUH4968,ARW,RAW,17623F45-669C-4D32-B23C-45EB111A5FBE,c325,c325,@vallady ; Valentina Reneff-Olson ; c325 ; g001,,gray,0,,777930189.467,,,FE 24-70mm F2.8 GM II,125,49 mm,ƒ / 2.8,1/250 sec,6336 x 9504,,DA,,,Walt Disney Concert Hall,,,,,,2025-08-26,2026-05-14T09:48:33
