source_path,source_dir,file_name,file_stem,file_extension,file_format,photo_uuid,candidate_keys,primary_candidate_key,all_keywords,rating,label_color,pick_status,copy_name,capture_time,camera_make,camera_model,lens,iso,focal_length,aperture,shutter_speed,width,height,orientation,gps_latitude,gps_longitude,location,sublocation,city,state,country,iso_country_code,folder_name,exported_at
/Volumes/dataLib/Pictures/Images/2017/2017-07/2017-07-01/DSC02683.ARW,/Volumes/dataLib/Pictures/Images/2017/2017-07/2017-07-01,DSC02683.ARW,DSC02683,ARW,RAW,789BA71B-87C2-4248-BBDB-AC91C7B1DC68,c001,c001,c001,,gray,0,,520656926,,,FE 85mm F1.4 GM,100,85 mm,ƒ / 1.4,1/2000 sec,5304 x 7952,,DA,,,,,,,,,2017-07-01,2026-05-14T09:48:33
/Volumes/dataLib/Pictures/Images/2017/2017-07/2017-07-01/DSC02690.ARW,/Volumes/dataLib/Pictures/Images/2017/2017-07/2017-07-01,DSC02690.ARW,DSC02690,ARW,RAW,3510BC92-C9FD-4E3D-A9B8-13707B1F55C4,c001,c001,c001,,gray,0,,520656952,,,FE 85mm F1.4 GM,100,85 mm,ƒ / 1.4,1/2000 sec,5304 x 7952,,DA,,,,,,,,,2017-07-01,2026-05-14T09:48:33
/Volumes/dataLib/Pictures/Images/2017/2017-07/2017-07-01/DSC02739.ARW,/Volumes/dataLib/Pictures/Images/2017/2017-07/2017-07-01,DSC02739.ARW,DSC02739,ARW,RAW,59C52145-0826-4F87-837B-ACE4027DED71,c001,c001,c001,,gray,0,,520657157,,,FE 85mm F1.4 GM,100,85 mm,ƒ / 1.4,1/1000 sec,5304 x 7952,,DA,,,,,,,,,2017-07-01,2026-05-14T09:48:33
/Volumes/dataLib/Pictures/Images/2017/2017-07/2017-07-01/DSC02785.ARW,/Volumes/dataLib/Pictures/Images/2017/2017-07/2017-07-01,DSC02785.ARW,DSC02785,ARW,RAW,DC440A48-7F57-42EB-B712-9A5E7B556153,c002,c002,c002 ; g032,,gray,0,,520658130,,,FE 85mm F1.4 GM,100,85 mm,ƒ / 1.4,1/1250 sec,5304 x 7952,,DA,,,,,,,,,2017-07-01,2026-05-14T09:48:33
/Volumes/dataLib/Pictures/Images/2017/2017-07/2017-07-01/DSC02786.ARW,/Volumes/dataLib/Pictures/Images/2017/2017-07/2017-07-01,DSC02786.ARW,DSC02786,ARW,RAW,07A05999-5D98-4C21-A3E5-F2B338760B48,c002,c002,c002 ; g032,,gray,0,,520658132,,,FE 85mm F1.4 GM,100,85 mm,ƒ / 1.4,1/1250 sec,5304 x 7952,,DA,,,,,,,,,2017-07-01,2026-05-14T09:48:33
/Volumes/dataLib/Pictures/Images/2017/2017-07/2017-07-01/DSC02789.ARW,/Volumes/dataLib/Pictures/Images/2017/2017-07/2017-07-01,DSC02789.ARW,DSC02789,ARW,RAW,6D060F96-2F9D-4F7B-8EA7-F54C54FC7848,c002,c002,c002 ; g032,1,green,0,,520658143,,,FE 85mm F1.4 GM,100,85 mm,ƒ / 1.4,1/1250 sec,5304 x 7952,,DA,,,,,,,,,2017-07-01,2026-05-14T09:48:33
/Volumes/dataLib/Pictures/Images/2017/2017-07/2017-07-24/DSC06865.ARW,/Volumes/dataLib/Pictures/Images/2017/2017-07/2017-07-24,DSC06865.ARW,DSC06865,ARW,RAW,CB64FA18-569B-4C1E-A782-93DC1D556ED8,c003,c003,c003,,gray,0,,522633281,,,FE 85mm F1.4 GM,100,85 mm,ƒ / 1.4,1/200 sec,5304 x 7952,,DA,,,,,,,,,2017-07-24,2026-05-14T09:48:33
/Volumes/dataLib/Pictures/Images/2017/2017-07/2017-07-24/DSC06866.ARW,/Volumes/dataLib/Pictures/Images/2017/2017-07/2017-07-24,DSC06866.ARW,DSC06866,ARW,RAW,7FF37594-6828-452E-ABB0-7ED7C07B8B8A,c003,c003,c003,,gray,0,,522633285,,,FE 85mm F1.4 GM,100,85 mm,ƒ / 1.4,1/200 sec,5304 x 7952,,DA,,,,,,,,,2017-07-24,2026-05-14T09:48:33
/Volumes/dataLib/Pictures/Images/2017/2017-07/2017-07-24/DSC06895.ARW,/Volumes/dataLib/Pictures/Images/2017/2017-07/2017-07-24,DSC06895.ARW,DSC06895,ARW,RAW,F951C15C-69C1-4C7E-8839-DAA3619EC016,c003,c003,c003,,gray,0,,522633488,,,FE 85mm F1.4 GM,100,85 mm,ƒ / 1.4,1/250 sec,5304 x 7952,,DA,,,,,,,,,2017-07-24,2026-05-14T09:48:33
/Volumes/dataLib/Pictures/Images/2017/2017-08/2017-08-20/DSC08280.ARW,/Volumes/dataLib/Pictures/Images/2017/2017-08/2017-08-20,DSC08280.ARW,DSC08280,ARW,RAW,D897AFAE-C856-409D-B32A-4E6659CB1986,c004,c004,c004,,gray,0,,524972652,,,FE 85mm F1.4 GM,100,85 mm,ƒ / 1.4,1/160 sec,5304 x 7952,,DA,,,,,,,,,2017-08-20,2026-05-14T09:48:33
/Volumes/dataLib/Pictures/Images/2017/2017-08/2017-08-20/DSC08281.ARW,/Volumes/dataLib/Pictures/Images/2017/2017-08/2017-08-20,DSC08281.ARW,DSC08281,ARW,RAW,D06E029C-6174-4B92-B377-5878899BC7CE,c004,c004,c004,,gray,0,,524972655,,,FE 85mm F1.4 GM,100,85 mm,ƒ / 1.4,1/250 sec,5304 x 7952,,DA,,,,,,,,,2017-08-20,2026-05-14T09:48:33
/Volumes/dataLib/Pictures/Images/2017/2017-08/2017-08-20/DSC08283.ARW,/Volumes/dataLib/Pictures/Images/2017/2017-08/2017-08-20,DSC08283.ARW,DSC08283,ARW,RAW,4CE0FA40-5532-4D42-874A-25994F336063,c004,c004,c004,,gray,0,,524972661,,,FE 85mm F1.4 GM,100,85 mm,ƒ / 1.4,1/200 sec,5304 x 7952,,DA,,,,,,,,,2017-08-20,2026-05-14T09:48:33
/Volumes/dataLib/Pictures/Images/2017/2017-10/2017-10-12/DSC04449.ARW,/Volumes/dataLib/Pictures/Images/2017/2017-10/2017-10-12,DSC04449.ARW,DSC04449,ARW,RAW,21E64BE2-1F53-491A-A8B2-8D63A52C4C83,c005,c005,c005,,gray,0,,529541508,,,FE 85mm F1.4 GM,160,85 mm,ƒ / 1.6,1/250 sec,5304 x 7952,,DA,,,,,,,,,2017-10-12,2026-05-14T09:48:33
/Volumes/dataLib/Pictures/Images/2017/2017-10/2017-10-12/DSC04450.ARW,/Volumes/dataLib/Pictures/Images/2017/2017-10/2017-10-12,DSC04450.ARW,DSC04450,ARW,RAW,45E38D2A-8C31-44BA-9303-D8D4F19738E2,c005,c005,c005,,gray,0,,529541510,,,FE 85mm F1.4 GM,160,85 mm,ƒ / 1.6,1/250 sec,5304 x 7952,,DA,,,,,,,,,2017-10-12,2026-05-14T09:48:33
/Volumes/dataLib/Pictures/Images/2017/2017-10/2017-10-12/DSC04478.ARW,/Volumes/dataLib/Pictures/Images/2017/2017-10/2017-10-12,DSC04478.ARW,DSC04478,ARW,RAW,6614EFFD-D89F-4365-833D-D9D91DEF8E45,c005,c005,c005,,gray,0,,529541585,,,FE 85mm F1.4 GM,160,85 mm,ƒ / 1.6,1/250 sec,5304 x 7952,,DA,,,,,,,,,2017-10-12,2026-05-14T09:48:33
/Volumes/dataLib/Pictures/Images/2017/2017-10/2017-10-12/DSC04710.ARW,/Volumes/dataLib/Pictures/Images/2017/2017-10/2017-10-12,DSC04710.ARW,DSC04710,ARW,RAW,4D0876AA-0926-4E95-9231-D3AA9D726E65,c006,c006,c006,,gray,0,,529542491,,,FE 85mm F1.4 GM,100,85 mm,ƒ / 1.6,1/250 sec,5304 x 7952,,DA,,,,,,,,,2017-10-12,2026-05-14T09:48:33
/Volumes/dataLib/Pictures/Images/2017/2017-10/2017-10-12/DSC04714.ARW,/Volumes/dataLib/Pictures/Images/2017/2017-10/2017-10-12,DSC04714.ARW,DSC04714,ARW,RAW,10525089-3B5C-4B10-AB78-A9711C0F3480,c006,c006,c006,,gray,0,,529542498,,,FE 85mm F1.4 GM,100,85 mm,ƒ / 1.6,1/250 sec,5304 x 7952,,DA,,,,,,,,,2017-10-12,2026-05-14T09:48:33
/Volumes/dataLib/Pictures/Images/2017/2017-10/2017-10-12/DSC04784.ARW,/Volumes/dataLib/Pictures/Images/2017/2017-10/2017-10-12,DSC04784.ARW,DSC04784,ARW,RAW,8F39D680-B72F-415E-AC4D-AC2CED90C588,c006,c006,c006,,gray,0,,529542887,,,FE 85mm F1.4 GM,160,85 mm,ƒ / 1.6,1/250 sec,5304 x 7952,,DA,,,,,,,,,2017-10-12,2026-05-14T09:48:33
/Volumes/dataLib/Pictures/Images/2017/2017-10/2017-10-12/DSC04805.ARW,/Volumes/dataLib/Pictures/Images/2017/2017-10/2017-10-12,DSC04805.ARW,DSC04805,ARW,RAW,6F5D9C9A-5F17-4AA3-88B8-286F0C2ABBAB,c007,c007,c007,,gray,0,,529542978,,,FE 85mm F1.4 GM,160,85 mm,ƒ / 1.6,1/250 sec,5304 x 7952,,DA,,,,,,,,,2017-10-12,2026-05-14T09:48:33
/Volumes/dataLib/Pictures/Images/2017/2017-10/2017-10-12/DSC04808.ARW,/Volumes/dataLib/Pictures/Images/2017/2017-10/2017-10-12,DSC04808.ARW,DSC04808,ARW,RAW,2174A85C-4C87-4E10-BC39-D16655A07348,c007,c007,c007,,gray,0,,529542986,,,FE 85mm F1.4 GM,160,85 mm,ƒ / 1.6,1/250 sec,5304 x 7952,,DA,,,,,,,,,2017-10-12,2026-05-14T09:48:33
/Volumes/dataLib/Pictures/Images/2017/2017-10/2017-10-12/DSC04810.ARW,/Volumes/dataLib/Pictures/Images/2017/2017-10/2017-10-12,DSC04810.ARW,DSC04810,ARW,RAW,F2757C17-2B45-4A4A-96C1-EA8629A6C97F,c007,c007,c007,,gray,0,,529542990,,,FE 85mm F1.4 GM,160,85 mm,ƒ / 1.6,1/250 sec,5304 x 7952,,DA,,,,,,,,,2017-10-12,2026-05-14T09:48:33
/Volumes/dataLib/Pictures/Images/2017/2017-10/2017-10-12/DSC04926.ARW,/Volumes/dataLib/Pictures/Images/2017/2017-10/2017-10-12,DSC04926.ARW,DSC04926,ARW,RAW,032F9E32-CF3B-4E43-AF1E-7C53E6222423,c008,c008,c008,,gray,0,,529543844,,,FE 85mm F1.4 GM,100,85 mm,ƒ / 1.4,1/640 sec,5304 x 7952,,DA,,,,,,,,,2017-10-12,2026-05-14T09:48:33
/Volumes/dataLib/Pictures/Images/2017/2017-10/2017-10-12/DSC05028.ARW,/Volumes/dataLib/Pictures/Images/2017/2017-10/2017-10-12,DSC05028.ARW,DSC05028,ARW,RAW,119779BB-279F-4F43-96B4-D6706AB47966,c008,c008,c008,,gray,0,,529544299,,,FE 85mm F1.4 GM,100,85 mm,ƒ / 1.4,1/640 sec,5304 x 7952,,DA,,,,,,,,,2017-10-12,2026-05-14T09:48:33
/Volumes/dataLib/Pictures/Images/2017/2017-10/2017-10-12/DSC05093.ARW,/Volumes/dataLib/Pictures/Images/2017/2017-10/2017-10-12,DSC05093.ARW,DSC05093,ARW,RAW,5A0FBD05-97B8-40E3-8F00-B0FF999A98FE,c008,c008,c008,,gray,0,,529544669,,,FE 70-200mm F2.8 GM OSS,160,198 mm,ƒ / 2.8,1/250 sec,5304 x 7952,,DA,,,,,,,,,2017-10-12,2026-05-14T09:48:33
/Volumes/dataLib/Pictures/Images/2017/2017-10/2017-10-12/DSC05146.ARW,/Volumes/dataLib/Pictures/Images/2017/2017-10/2017-10-12,DSC05146.ARW,DSC05146,ARW,RAW,7B434064-09DF-40CA-BCB1-24F3DF790E1A,c009,c009,c009,,gray,0,,529544981,,,FE 70-200mm F2.8 GM OSS,250,198 mm,ƒ / 2.8,1/250 sec,5304 x 7952,,DA,,,,,,,,,2017-10-12,2026-05-14T09:48:33
/Volumes/dataLib/Pictures/Images/2017/2017-10/2017-10-12/DSC05285.ARW,/Volumes/dataLib/Pictures/Images/2017/2017-10/2017-10-12,DSC05285.ARW,DSC05285,ARW,RAW,41AD718D-0EC1-4DC0-8290-08C4F6FE12BE,c009,c009,c009,,gray,0,,529545977,,,FE 70-200mm F2.8 GM OSS,100,198 mm,ƒ / 2.8,1/250 sec,5304 x 7952,,DA,,,,,,,,,2017-10-12,2026-05-14T09:48:33
/Volumes/dataLib/Pictures/Images/2017/2017-10/2017-10-12/DSC05372.ARW,/Volumes/dataLib/Pictures/Images/2017/2017-10/2017-10-12,DSC05372.ARW,DSC05372,ARW,RAW,659A8191-F76D-447A-8D24-CDA56072D570,c009,c009,c009,,gray,0,,529546262,,,FE 70-200mm F2.8 GM OSS,100,198 mm,ƒ / 2.8,1/250 sec,5304 x 7952,,DA,,,,,,,,,2017-10-12,2026-05-14T09:48:33
/Volumes/dataLib/Pictures/Images/2017/2017-10/2017-10-12/DSC05482.ARW,/Volumes/dataLib/Pictures/Images/2017/2017-10/2017-10-12,DSC05482.ARW,DSC05482,ARW,RAW,331BA75C-468D-4C00-A6C0-13AE06ADDCC5,c010,c010,c010,,gray,0,,529547469,,,FE 85mm F1.4 GM,100,85 mm,ƒ / 1.4,1/500 sec,5304 x 7952,,DA,,,,,,,,,2017-10-12,2026-05-14T09:48:33
/Volumes/dataLib/Pictures/Images/2017/2017-10/2017-10-12/DSC05529.ARW,/Volumes/dataLib/Pictures/Images/2017/2017-10/2017-10-12,DSC05529.ARW,DSC05529,ARW,RAW,2C9E91D7-D5F7-48C1-AC53-CC4B741D9F1E,c010,c010,c010,,gray,0,,529547600,,,FE 85mm F1.4 GM,100,85 mm,ƒ / 1.4,1/640 sec,5304 x 7952,,DA,,,,,,,,,2017-10-12,2026-05-14T09:48:33
/Volumes/dataLib/Pictures/Images/2017/2017-10/2017-10-12/DSC05550.ARW,/Volumes/dataLib/Pictures/Images/2017/2017-10/2017-10-12,DSC05550.ARW,DSC05550,ARW,RAW,14FE2A15-FF4A-49AD-ADE0-AFDDCA4FD227,c010,c010,c010,,gray,0,,529547655,,,FE 85mm F1.4 GM,100,85 mm,ƒ / 1.4,1/640 sec,5304 x 7952,,DA,,,,,,,,,2017-10-12,2026-05-14T09:48:33
/Volumes/dataLib/Pictures/Images/2017/2017-10/2017-10-12/DSC05635.ARW,/Volumes/dataLib/Pictures/Images/2017/2017-10/2017-10-12,DSC05635.ARW,DSC05635,ARW,RAW,B90CAE05-F04A-4116-918F-9B325D02F4D4,c011,c011,c011,,gray,0,,529548195,,,FE 85mm F1.4 GM,100,85 mm,ƒ / 1.4,1/500 sec,5304 x 7952,,DA,,,,,,,,,2017-10-12,2026-05-14T09:48:33
/Volumes/dataLib/Pictures/Images/2017/2017-10/2017-10-12/DSC05643.ARW,/Volumes/dataLib/Pictures/Images/2017/2017-10/2017-10-12,DSC05643.ARW,DSC05643,ARW,RAW,C26FEE05-7DD7-482C-9914-61FD6D5DA0D7,c011,c011,c011,,gray,0,,529548208,,,FE 85mm F1.4 GM,100,85 mm,ƒ / 1.4,1/500 sec,5304 x 7952,,DA,,,,,,,,,2017-10-12,2026-05-14T09:48:33
/Volumes/dataLib/Pictures/Images/2017/2017-10/2017-10-12/DSC05651.ARW,/Volumes/dataLib/Pictures/Images/2017/2017-10/2017-10-12,DSC05651.ARW,DSC05651,ARW,RAW,791326BB-8198-47A5-9620-28F73495600D,c011,c011,c011,,gray,0,,529548226,,,FE 85mm F1.4 GM,100,85 mm,ƒ / 1.4,1/500 sec,5304 x 7952,,DA,,,,,,,,,2017-10-12,2026-05-14T09:48:33
/Volumes/dataLib/Pictures/Images/2017/2017-10/2017-10-12/DSC05723.ARW,/Volumes/dataLib/Pictures/Images/2017/2017-10/2017-10-12,DSC05723.ARW,DSC05723,ARW,RAW,61D30584-DBDF-48E8-B7BC-85AE0790C9F9,c012,c012,c012,,gray,0,,529548483,,,FE 85mm F1.4 GM,100,85 mm,ƒ / 1.4,1/640 sec,5304 x 7952,,DA,,,,,,,,,2017-10-12,2026-05-14T09:48:33
/Volumes/dataLib/Pictures/Images/2017/2017-10/2017-10-12/DSC05738.ARW,/Volumes/dataLib/Pictures/Images/2017/2017-10/2017-10-12,DSC05738.ARW,DSC05738,ARW,RAW,091E4586-F854-4BF7-B4BC-8CF73451BF67,c012,c012,c012,,gray,0,,529548539,,,FE 85mm F1.4 GM,100,85 mm,ƒ / 1.4,1/800 sec,5304 x 7952,,DA,,,,,,,,,2017-10-12,2026-05-14T09:48:33
/Volumes/dataLib/Pictures/Images/2017/2017-10/2017-10-12/DSC05765.ARW,/Volumes/dataLib/Pictures/Images/2017/2017-10/2017-10-12,DSC05765.ARW,DSC05765,ARW,RAW,0E0B4AE0-BD53-4D86-9F2C-AF634BFE7E37,c012,c012,c012,,gray,0,,529548619,,,FE 85mm F1.4 GM,100,85 mm,ƒ / 1.4,1/320 sec,5304 x 7952,,DA,,,,,,,,,2017-10-12,2026-05-14T09:48:33
/Volumes/dataLib/Pictures/Images/2017/2017-10/2017-10-12/DSC05779.ARW,/Volumes/dataLib/Pictures/Images/2017/2017-10/2017-10-12,DSC05779.ARW,DSC05779,ARW,RAW,AD7D9F3E-BECD-41CE-982E-D11B72B6120A,c013,c013,c013,,gray,0,,529549629,,,FE 85mm F1.4 GM,100,85 mm,ƒ / 1.4,1/640 sec,5304 x 7952,,DA,,,,,,,,,2017-10-12,2026-05-14T09:48:33
/Volumes/dataLib/Pictures/Images/2017/2017-10/2017-10-12/DSC05780.ARW,/Volumes/dataLib/Pictures/Images/2017/2017-10/2017-10-12,DSC05780.ARW,DSC05780,ARW,RAW,C0F802CB-00A9-4396-998A-9B1BA8989F1A,c013,c013,c013,,gray,0,,529549630,,,FE 85mm F1.4 GM,100,85 mm,ƒ / 1.4,1/640 sec,5304 x 7952,,DA,,,,,,,,,2017-10-12,2026-05-14T09:48:33
/Volumes/dataLib/Pictures/Images/2017/2017-10/2017-10-12/DSC05816.ARW,/Volumes/dataLib/Pictures/Images/2017/2017-10/2017-10-12,DSC05816.ARW,DSC05816,ARW,RAW,4D7E7F40-5D3B-447E-939A-E986301EA04D,c013,c013,c013,,gray,0,,529549749,,,FE 85mm F1.4 GM,100,85 mm,ƒ / 1.4,1/640 sec,5304 x 7952,,DA,,,,,,,,,2017-10-12,2026-05-14T09:48:33
/Volumes/dataLib/Pictures/Images/2017/2017-10/2017-10-12/DSC05933.ARW,/Volumes/dataLib/Pictures/Images/2017/2017-10/2017-10-12,DSC05933.ARW,DSC05933,ARW,RAW,D9C8BDF2-1344-4E43-8CAC-1F8909788B1D,c014,c014,c014,,gray,0,,529550571,,,FE 85mm F1.4 GM,100,85 mm,ƒ / 1.4,1/500 sec,5304 x 7952,,DA,,,,,,,,,2017-10-12,2026-05-14T09:48:33
/Volumes/dataLib/Pictures/Images/2017/2017-10/2017-10-12/DSC05934.ARW,/Volumes/dataLib/Pictures/Images/2017/2017-10/2017-10-12,DSC05934.ARW,DSC05934,ARW,RAW,4A0696C9-C1B0-4E84-86A0-524E5BB8875B,c014,c014,c014,,gray,0,,529550573,,,FE 85mm F1.4 GM,100,85 mm,ƒ / 1.4,1/500 sec,5304 x 7952,,DA,,,,,,,,,2017-10-12,2026-05-14T09:48:33
/Volumes/dataLib/Pictures/Images/2017/2017-10/2017-10-12/DSC06061.ARW,/Volumes/dataLib/Pictures/Images/2017/2017-10/2017-10-12,DSC06061.ARW,DSC06061,ARW,RAW,B2600645-02A7-438D-8953-D079FA5875DF,c014,c014,c014,,gray,0,,529551038,,,FE 85mm F1.4 GM,160,85 mm,ƒ / 1.4,1/250 sec,5304 x 7952,,DA,,,,,,,,,2017-10-12,2026-05-14T09:48:33
/Volumes/dataLib/Pictures/Images/2017/2017-10/2017-10-12/DSC06095.ARW,/Volumes/dataLib/Pictures/Images/2017/2017-10/2017-10-12,DSC06095.ARW,DSC06095,ARW,RAW,2C368C8B-FBA6-4FFB-BCBD-5DBB262D0610,c015,c015,c015 ; g029,,gray,0,,529551698,,,FE 85mm F1.4 GM,1000,85 mm,ƒ / 1.4,1/250 sec,5304 x 7952,,DA,,,,,,,,,2017-10-12,2026-05-14T09:48:33
/Volumes/dataLib/Pictures/Images/2017/2017-10/2017-10-12/DSC06123.ARW,/Volumes/dataLib/Pictures/Images/2017/2017-10/2017-10-12,DSC06123.ARW,DSC06123,ARW,RAW,DF683DAA-A3BA-409F-ABDF-50778EB3E9FD,c015,c015,c015 ; g029,,gray,0,,529551762,,,FE 85mm F1.4 GM,1250,85 mm,ƒ / 1.4,1/250 sec,5304 x 7952,,DA,,,,,,,,,2017-10-12,2026-05-14T09:48:33
/Volumes/dataLib/Pictures/Images/2017/2017-10/2017-10-12/DSC06167.ARW,/Volumes/dataLib/Pictures/Images/2017/2017-10/2017-10-12,DSC06167.ARW,DSC06167,ARW,RAW,C297B642-0682-4E3B-8BCC-FA9ECBC67EB8,c015,c015,c015 ; g029,,gray,0,,529551854,,,FE 85mm F1.4 GM,1250,85 mm,ƒ / 1.4,1/250 sec,5304 x 7952,,DA,,,,,,,,,2017-10-12,2026-05-14T09:48:33
/Volumes/dataLib/Pictures/Images/2017/2017-11/2017-11-11/DSC02094.ARW,/Volumes/dataLib/Pictures/Images/2017/2017-11/2017-11-11,DSC02094.ARW,DSC02094,ARW,RAW,6FB9122E-1230-47F0-B517-C82A47C8063E,c016,c016,c016,,gray,0,,532133351,,,FE 85mm F1.4 GM,100,85 mm,ƒ / 2.0,1/500 sec,5304 x 7952,,DA,,,,,,,,,2017-11-11,2026-05-14T09:48:33
/Volumes/dataLib/Pictures/Images/2017/2017-11/2017-11-11/DSC02114.ARW,/Volumes/dataLib/Pictures/Images/2017/2017-11/2017-11-11,DSC02114.ARW,DSC02114,ARW,RAW,F449CAF3-FAB4-4167-95B7-F41C9DA6E031,c016,c016,c016,,gray,0,,532133517,,,FE 85mm F1.4 GM,100,85 mm,ƒ / 2.0,1/400 sec,5304 x 7952,,DA,,,,,,,,,2017-11-11,2026-05-14T09:48:33
/Volumes/dataLib/Pictures/Images/2017/2017-11/2017-11-11/DSC02163.ARW,/Volumes/dataLib/Pictures/Images/2017/2017-11/2017-11-11,DSC02163.ARW,DSC02163,ARW,RAW,42B05696-93F3-4B5E-8D1D-028BAD2475A3,c016,c016,c016,,gray,0,,532133673,,,FE 85mm F1.4 GM,100,85 mm,ƒ / 2.2,1/320 sec,5304 x 7952,,DA,,,,,,,,,2017-11-11,2026-05-14T09:48:33
/Volumes/dataLib/Pictures/Images/2017/2017-11/2017-11-11/DSC02211.ARW,/Volumes/dataLib/Pictures/Images/2017/2017-11/2017-11-11,DSC02211.ARW,DSC02211,ARW,RAW,4BDAC068-D0CD-4C62-B75E-6E0407A14909,c017,c017,c017,,gray,0,,532134343,,,FE 85mm F1.4 GM,100,85 mm,ƒ / 2.2,1/400 sec,5304 x 7952,,DA,,,,,,,,,2017-11-11,2026-05-14T09:48:33
/Volumes/dataLib/Pictures/Images/2017/2017-11/2017-11-11/DSC02213.ARW,/Volumes/dataLib/Pictures/Images/2017/2017-11/2017-11-11,DSC02213.ARW,DSC02213,ARW,RAW,4DA92152-BA34-4310-95B0-27BAA06F5E1B,c017,c017,c017,,gray,0,,532134357,,,FE 85mm F1.4 GM,100,85 mm,ƒ / 1.4,1/1000 sec,5304 x 7952,,DA,,,,,,,,,2017-11-11,2026-05-14T09:48:33
/Volumes/dataLib/Pictures/Images/2017/2017-11/2017-11-11/DSC02230.ARW,/Volumes/dataLib/Pictures/Images/2017/2017-11/2017-11-11,DSC02230.ARW,DSC02230,ARW,RAW,0CBD2207-E81B-4989-B690-B903F33E83B6,c017,c017,c017,,gray,0,,532134401,,,FE 85mm F1.4 GM,100,85 mm,ƒ / 1.4,1/1000 sec,5304 x 7952,,DA,,,,,,,,,2017-11-11,2026-05-14T09:48:33
/Volumes/dataLib/Pictures/Images/2017/2017-11/2017-11-11/DSC02302.ARW,/Volumes/dataLib/Pictures/Images/2017/2017-11/2017-11-11,DSC02302.ARW,DSC02302,ARW,RAW,5BEBE3AA-EE21-4D7E-956C-A1DD6F44C808,c018,c018,c018,,gray,0,,532135181,,,FE 85mm F1.4 GM,100,85 mm,ƒ / 1.4,1/640 sec,5304 x 7952,,DA,,,,,,,,,2017-11-11,2026-05-14T09:48:33
/Volumes/dataLib/Pictures/Images/2017/2017-11/2017-11-11/DSC02335.ARW,/Volumes/dataLib/Pictures/Images/2017/2017-11/2017-11-11,DSC02335.ARW,DSC02335,ARW,RAW,D11455E3-3E71-498C-A027-338A620942F9,c018,c018,c018,,gray,0,,532135262,,,FE 85mm F1.4 GM,100,85 mm,ƒ / 1.4,1/640 sec,5304 x 7952,,DA,,,,,,,,,2017-11-11,2026-05-14T09:48:33
/Volumes/dataLib/Pictures/Images/2017/2017-11/2017-11-11/DSC02345.ARW,/Volumes/dataLib/Pictures/Images/2017/2017-11/2017-11-11,DSC02345.ARW,DSC02345,ARW,RAW,A836562C-E08B-4CD4-A1A6-60D96097FBF5,c018,c018,c018,,gray,0,,532135279,,,FE 85mm F1.4 GM,100,85 mm,ƒ / 1.4,1/640 sec,5304 x 7952,,DA,,,,,,,,,2017-11-11,2026-05-14T09:48:33
/Volumes/dataLib/Pictures/Images/2017/2017-11/2017-11-11/DSC02382.ARW,/Volumes/dataLib/Pictures/Images/2017/2017-11/2017-11-11,DSC02382.ARW,DSC02382,ARW,RAW,3F1B302C-E1E1-41D9-B419-BB699B208884,c019,c019,c019,,gray,0,,532136140,,,FE 85mm F1.4 GM,100,85 mm,ƒ / 1.4,1/320 sec,5304 x 7952,,DA,,,,,,,,,2017-11-11,2026-05-14T09:48:33
/Volumes/dataLib/Pictures/Images/2017/2017-11/2017-11-11/DSC02395.ARW,/Volumes/dataLib/Pictures/Images/2017/2017-11/2017-11-11,DSC02395.ARW,DSC02395,ARW,RAW,4D57BAFB-A4AB-4ADC-9422-8CFB0704D819,c019,c019,c019,,gray,0,,532136164,,,FE 85mm F1.4 GM,100,85 mm,ƒ / 1.4,1/400 sec,5304 x 7952,,DA,,,,,,,,,2017-11-11,2026-05-14T09:48:33
/Volumes/dataLib/Pictures/Images/2017/2017-11/2017-11-11/DSC02398.ARW,/Volumes/dataLib/Pictures/Images/2017/2017-11/2017-11-11,DSC02398.ARW,DSC02398,ARW,RAW,0ACD4643-B098-43E8-9A73-8C8D131A1F5D,c019,c019,c019,,gray,0,,532136174,,,FE 85mm F1.4 GM,100,85 mm,ƒ / 1.4,1/400 sec,5304 x 7952,,DA,,,,,,,,,2017-11-11,2026-05-14T09:48:33
/Volumes/dataLib/Pictures/Images/2017/2017-11/2017-11-11/DSC02402.ARW,/Volumes/dataLib/Pictures/Images/2017/2017-11/2017-11-11,DSC02402.ARW,DSC02402,ARW,RAW,45301BFE-FB12-4101-B7FA-77CBD93A7CAE,c020,c020,c020,,gray,0,,532136191,,,FE 85mm F1.4 GM,100,85 mm,ƒ / 1.4,1/400 sec,5304 x 7952,,DA,,,,,,,,,2017-11-11,2026-05-14T09:48:33
/Volumes/dataLib/Pictures/Images/2017/2017-11/2017-11-11/DSC02404.ARW,/Volumes/dataLib/Pictures/Images/2017/2017-11/2017-11-11,DSC02404.ARW,DSC02404,ARW,RAW,61721701-66C1-4A4A-8FE7-9D8FCFA719E6,c020,c020,c020,,gray,0,,532136239,,,FE 85mm F1.4 GM,100,85 mm,ƒ / 1.4,1/400 sec,5304 x 7952,,DA,,,,,,,,,2017-11-11,2026-05-14T09:48:33
/Volumes/dataLib/Pictures/Images/2017/2017-11/2017-11-11/DSC02412.ARW,/Volumes/dataLib/Pictures/Images/2017/2017-11/2017-11-11,DSC02412.ARW,DSC02412,ARW,RAW,06021BC1-8498-4DED-AEDC-2E6FD4A96AD4,c020,c020,c020,,gray,0,,532136254,,,FE 85mm F1.4 GM,100,85 mm,ƒ / 1.4,1/400 sec,5304 x 7952,,DA,,,,,,,,,2017-11-11,2026-05-14T09:48:33
/Volumes/dataLib/Pictures/Images/2017/2017-11/2017-11-11/DSC02462.ARW,/Volumes/dataLib/Pictures/Images/2017/2017-11/2017-11-11,DSC02462.ARW,DSC02462,ARW,RAW,A46663EB-598E-4140-926A-D686FD8303E0,c021,c021,c021,,gray,0,,532136986,,,FE 85mm F1.4 GM,100,85 mm,ƒ / 1.6,1/500 sec,5304 x 7952,,DA,,,,,,,,,2017-11-11,2026-05-14T09:48:33
/Volumes/dataLib/Pictures/Images/2017/2017-11/2017-11-11/DSC02517.ARW,/Volumes/dataLib/Pictures/Images/2017/2017-11/2017-11-11,DSC02517.ARW,DSC02517,ARW,RAW,378F3485-5FED-4F80-BC37-8B71FF01DE10,c021,c021,c021,,gray,0,,532137206,,,FE 85mm F1.4 GM,100,85 mm,ƒ / 1.6,1/500 sec,5304 x 7952,,DA,,,,,,,,,2017-11-11,2026-05-14T09:48:33
/Volumes/dataLib/Pictures/Images/2017/2017-11/2017-11-11/DSC02531.ARW,/Volumes/dataLib/Pictures/Images/2017/2017-11/2017-11-11,DSC02531.ARW,DSC02531,ARW,RAW,69AF1D6D-0B91-453D-B0C0-63915AC1FEB9,c021,c021,c021,,gray,0,,532137238,,,FE 85mm F1.4 GM,100,85 mm,ƒ / 1.6,1/500 sec,5304 x 7952,,DA,,,,,,,,,2017-11-11,2026-05-14T09:48:33
/Volumes/dataLib/Pictures/Images/2017/2017-11/2017-11-11/DSC02553.ARW,/Volumes/dataLib/Pictures/Images/2017/2017-11/2017-11-11,DSC02553.ARW,DSC02553,ARW,RAW,3A38D042-E3EF-4E09-A3D9-E6870C109B2A,c022,c022,c022,,gray,0,,532139153,,,FE 85mm F1.4 GM,100,85 mm,ƒ / 1.6,1/320 sec,5304 x 7952,,DA,,,,,,,,,2017-11-11,2026-05-14T09:48:33
/Volumes/dataLib/Pictures/Images/2017/2017-11/2017-11-11/DSC02572.ARW,/Volumes/dataLib/Pictures/Images/2017/2017-11/2017-11-11,DSC02572.ARW,DSC02572,ARW,RAW,1D088826-288D-4BE7-B292-9050D625E9F4,c022,c022,c022,,gray,0,,532139267,,,FE 85mm F1.4 GM,100,85 mm,ƒ / 1.6,1/320 sec,5304 x 7952,,DA,,,,,,,,,2017-11-11,2026-05-14T09:48:33
/Volumes/dataLib/Pictures/Images/2017/2017-11/2017-11-11/DSC02580.ARW,/Volumes/dataLib/Pictures/Images/2017/2017-11/2017-11-11,DSC02580.ARW,DSC02580,ARW,RAW,008C31EA-E164-4DD3-B183-265E439984EF,c022,c022,c022,,gray,0,,532139282,,,FE 85mm F1.4 GM,100,85 mm,ƒ / 1.6,1/320 sec,5304 x 7952,,DA,,,,,,,,,2017-11-11,2026-05-14T09:48:33
/Volumes/dataLib/Pictures/Images/2017/2017-11/2017-11-11/DSC02647.ARW,/Volumes/dataLib/Pictures/Images/2017/2017-11/2017-11-11,DSC02647.ARW,DSC02647,ARW,RAW,7C7CDEB9-CA48-47BE-AF0E-02E39254CC85,c023,c023,c023,,gray,0,,532139501,,,FE 85mm F1.4 GM,100,85 mm,ƒ / 1.6,1/400 sec,5304 x 7952,,DA,,,,,,,,,2017-11-11,2026-05-14T09:48:33
/Volumes/dataLib/Pictures/Images/2017/2017-11/2017-11-11/DSC02665.ARW,/Volumes/dataLib/Pictures/Images/2017/2017-11/2017-11-11,DSC02665.ARW,DSC02665,ARW,RAW,A137AACC-0F32-46EE-87D2-DE39C9BD383C,c023,c023,c023,,gray,0,,532139526,,,FE 85mm F1.4 GM,100,85 mm,ƒ / 1.6,1/400 sec,5304 x 7952,,DA,,,,,,,,,2017-11-11,2026-05-14T09:48:33
/Volumes/dataLib/Pictures/Images/2017/2017-11/2017-11-11/DSC02696.ARW,/Volumes/dataLib/Pictures/Images/2017/2017-11/2017-11-11,DSC02696.ARW,DSC02696,ARW,RAW,001C85E4-AB46-424B-9AB8-4A89964B8A0D,c023,c023,c023,,gray,0,,532139596,,,FE 85mm F1.4 GM,100,85 mm,ƒ / 1.6,1/400 sec,5304 x 7952,,DA,,,,,,,,,2017-11-11,2026-05-14T09:48:33
/Volumes/dataLib/Pictures/Images/2017/2017-11/2017-11-19/DSC04152.ARW,/Volumes/dataLib/Pictures/Images/2017/2017-11/2017-11-19,DSC04152.ARW,DSC04152,ARW,RAW,1E510EF9-EC46-426F-ABBD-B8688BB4A172,c024,c024,c024,,gray,0,,532830319,,,FE 85mm F1.4 GM,100,85 mm,ƒ / 1.4,1/800 sec,5304 x 7952,,DA,,,,,,,,,2017-11-19,2026-05-14T09:48:33
/Volumes/dataLib/Pictures/Images/2017/2017-11/2017-11-19/DSC04153.ARW,/Volumes/dataLib/Pictures/Images/2017/2017-11/2017-11-19,DSC04153.ARW,DSC04153,ARW,RAW,62C2F04C-4F84-454F-9851-3028B92C2E03,c024,c024,c024,,gray,0,,532830323,,,FE 85mm F1.4 GM,100,85 mm,ƒ / 1.4,1/800 sec,5304 x 7952,,DA,,,,,,,,,2017-11-19,2026-05-14T09:48:33
/Volumes/dataLib/Pictures/Images/2017/2017-11/2017-11-19/DSC04162.ARW,/Volumes/dataLib/Pictures/Images/2017/2017-11/2017-11-19,DSC04162.ARW,DSC04162,ARW,RAW,1EE39341-2788-417C-827A-CED11A2C8F6D,c024,c024,c024,,gray,0,,532830347,,,FE 85mm F1.4 GM,100,85 mm,ƒ / 1.4,1/800 sec,5304 x 7952,,DA,,,,,,,,,2017-11-19,2026-05-14T09:48:33
/Volumes/dataLib/Pictures/Images/2018/2018-01/2018-01-21/DSC09022.ARW,/Volumes/dataLib/Pictures/Images/2018/2018-01/2018-01-21,DSC09022.ARW,DSC09022,ARW,RAW,34E1AC53-9618-420F-BCD8-145DABEA8F92,c025,c025,c025,,gray,0,,538251435,,,FE 85mm F1.4 GM,100,85 mm,ƒ / 1.4,1/640 sec,5304 x 7952,,DA,,,,,,,,,2018-01-21,2026-05-14T09:48:33
/Volumes/dataLib/Pictures/Images/2018/2018-01/2018-01-21/DSC09071.ARW,/Volumes/dataLib/Pictures/Images/2018/2018-01/2018-01-21,DSC09071.ARW,DSC09071,ARW,RAW,C352DDB2-C777-4711-B8E0-E87759C9B36E,c025,c025,c025,,gray,0,,538251692,,,FE 85mm F1.4 GM,100,85 mm,ƒ / 1.4,1/640 sec,5304 x 7952,,DA,,,,,,,,,2018-01-21,2026-05-14T09:48:33
/Volumes/dataLib/Pictures/Images/2018/2018-01/2018-01-21/DSC09075.ARW,/Volumes/dataLib/Pictures/Images/2018/2018-01/2018-01-21,DSC09075.ARW,DSC09075,ARW,RAW,0C30F971-5A3C-4F1D-BFF7-5072B888B51A,c025,c025,c025,,gray,0,,538251705,,,FE 85mm F1.4 GM,100,85 mm,ƒ / 1.4,1/500 sec,5304 x 7952,,DA,,,,,,,,,2018-01-21,2026-05-14T09:48:33
/Volumes/dataLib/Pictures/Images/2018/2018-01/2018-01-21/DSC09216.ARW,/Volumes/dataLib/Pictures/Images/2018/2018-01/2018-01-21,DSC09216.ARW,DSC09216,ARW,RAW,C2D734A2-EF33-4C8D-9744-59615CA9DFFA,c026,c026,c026 ; g038,,gray,0,,538253163,,,FE 85mm F1.4 GM,100,85 mm,ƒ / 1.4,1/800 sec,5304 x 7952,,DA,,,,,,,,,2018-01-21,2026-05-14T09:48:33
/Volumes/dataLib/Pictures/Images/2018/2018-01/2018-01-21/DSC09224.ARW,/Volumes/dataLib/Pictures/Images/2018/2018-01/2018-01-21,DSC09224.ARW,DSC09224,ARW,RAW,220415D6-358C-467A-B10E-FB34A8DEF981,c026,c026,c026 ; g038,,gray,0,,538253180,,,FE 85mm F1.4 GM,100,85 mm,ƒ / 1.4,1/800 sec,5304 x 7952,,DA,,,,,,,,,2018-01-21,2026-05-14T09:48:33
/Volumes/dataLib/Pictures/Images/2018/2018-01/2018-01-21/DSC09275.ARW,/Volumes/dataLib/Pictures/Images/2018/2018-01/2018-01-21,DSC09275.ARW,DSC09275,ARW,RAW,9B4B9377-8802-4A6B-BEA3-5B94A445DCBA,c026,c026,c026 ; g038,,gray,0,,538253803,,,FE 85mm F1.4 GM,100,85 mm,ƒ / 1.4,1/5000 sec,5304 x 7952,,DA,,,,,,,,,2018-01-21,2026-05-14T09:48:33
/Volumes/dataLib/Pictures/Images/2018/2018-01/2018-01-21/DSC09322.ARW,/Volumes/dataLib/Pictures/Images/2018/2018-01/2018-01-21,DSC09322.ARW,DSC09322,ARW,RAW,43FB8DB6-10DD-4940-88B4-083F812D1DF0,c027,c027,c027,,gray,0,,538255036,,,FE 85mm F1.4 GM,100,85 mm,ƒ / 2.0,1/3200 sec,5304 x 7952,,DA,,,,,,,,,2018-01-21,2026-05-14T09:48:33
/Volumes/dataLib/Pictures/Images/2018/2018-01/2018-01-21/DSC09390.ARW,/Volumes/dataLib/Pictures/Images/2018/2018-01/2018-01-21,DSC09390.ARW,DSC09390,ARW,RAW,0C64159F-C64C-4CC6-9D7B-DE513AAD4F8D,c027,c027,c027,,gray,0,,538255415,,,FE 85mm F1.4 GM,100,85 mm,ƒ / 2.0,1/8000 sec,5304 x 7952,,DA,,,,,,,,,2018-01-21,2026-05-14T09:48:33
/Volumes/dataLib/Pictures/Images/2018/2018-01/2018-01-21/DSC09395.ARW,/Volumes/dataLib/Pictures/Images/2018/2018-01/2018-01-21,DSC09395.ARW,DSC09395,ARW,RAW,BC47C668-C05D-4AAD-A5A8-4B381BBD2077,c027,c027,c027,,gray,0,,538255431,,,FE 85mm F1.4 GM,100,85 mm,ƒ / 2.0,1/8000 sec,5304 x 7952,,DA,,,,,,,,,2018-01-21,2026-05-14T09:48:33
/Volumes/dataLib/Pictures/Images/2018/2018-01/2018-01-21/DSC09440.ARW,/Volumes/dataLib/Pictures/Images/2018/2018-01/2018-01-21,DSC09440.ARW,DSC09440,ARW,RAW,93C18772-DB8F-46CF-B252-FC80AE937C2D,c028,c028,c028,,gray,0,,538256059,,,FE 85mm F1.4 GM,100,85 mm,ƒ / 2.0,1/1600 sec,5304 x 7952,,DA,,,,,,,,,2018-01-21,2026-05-14T09:48:33
/Volumes/dataLib/Pictures/Images/2018/2018-01/2018-01-21/DSC09533.ARW,/Volumes/dataLib/Pictures/Images/2018/2018-01/2018-01-21,DSC09533.ARW,DSC09533,ARW,RAW,18D6BA22-8F9A-4B1D-8B5E-1BEA52C2A83E,c028,c028,c028,,gray,0,,538257177,,,FE 35mm F1.4 ZA,100,35 mm,ƒ / 1.4,1/2500 sec,5304 x 7952,,DA,,,,,,,,,2018-01-21,2026-05-14T09:48:33
/Volumes/dataLib/Pictures/Images/2018/2018-01/2018-01-21/DSC09559.ARW,/Volumes/dataLib/Pictures/Images/2018/2018-01/2018-01-21,DSC09559.ARW,DSC09559,ARW,RAW,0DF073D5-7C44-4B42-9830-645C8348A7C1,c028,c028,c028,,gray,0,,538257237,,,FE 35mm F1.4 ZA,100,35 mm,ƒ / 1.4,1/2500 sec,5304 x 7952,,DA,,,,,,,,,2018-01-21,2026-05-14T09:48:33
/Volumes/dataLib/Pictures/Images/2018/2018-01/2018-01-21/DSC09632.ARW,/Volumes/dataLib/Pictures/Images/2018/2018-01/2018-01-21,DSC09632.ARW,DSC09632,ARW,RAW,8E5C491A-1192-4FD1-B7CF-981E7F609390,c029,c029,c029,,gray,0,,538257736,,,FE 55mm F1.8 ZA,100,55 mm,ƒ / 1.8,1/2500 sec,5304 x 7952,,DA,,,,,,,,,2018-01-21,2026-05-14T09:48:33
/Volumes/dataLib/Pictures/Images/2018/2018-01/2018-01-21/DSC09637.ARW,/Volumes/dataLib/Pictures/Images/2018/2018-01/2018-01-21,DSC09637.ARW,DSC09637,ARW,RAW,8ECAA149-D443-4F70-996C-D2D1E80D2B3F,c029,c029,c029,,gray,0,,538257748,,,FE 55mm F1.8 ZA,100,55 mm,ƒ / 1.8,1/2500 sec,5304 x 7952,,DA,,,,,,,,,2018-01-21,2026-05-14T09:48:33
/Volumes/dataLib/Pictures/Images/2018/2018-01/2018-01-21/DSC09668.ARW,/Volumes/dataLib/Pictures/Images/2018/2018-01/2018-01-21,DSC09668.ARW,DSC09668,ARW,RAW,2F74C275-3C30-4FAA-AC29-1B88E3FAAD58,c029,c029,c029,,gray,0,,538257830,,,FE 55mm F1.8 ZA,100,55 mm,ƒ / 1.8,1/2500 sec,5304 x 7952,,DA,,,,,,,,,2018-01-21,2026-05-14T09:48:33
/Volumes/dataLib/Pictures/Images/2018/2018-02/2018-02-02/DSC00503.ARW,/Volumes/dataLib/Pictures/Images/2018/2018-02/2018-02-02,DSC00503.ARW,DSC00503,ARW,RAW,5CE288C2-F357-4E2E-97B9-B9DC081EBBFE,c030,c030,c030,,gray,0,,539309774,,,FE 35mm F1.4 ZA,250,35 mm,ƒ / 1.4,1/250 sec,5304 x 7952,,DA,,,,,,,,,2018-02-02,2026-05-14T09:48:33
/Volumes/dataLib/Pictures/Images/2018/2018-02/2018-02-02/DSC00507.ARW,/Volumes/dataLib/Pictures/Images/2018/2018-02/2018-02-02,DSC00507.ARW,DSC00507,ARW,RAW,32315AC0-68EB-43FC-BD4F-DAB0DE639BB6,c030,c030,c030,,gray,0,,539309780,,,FE 35mm F1.4 ZA,250,35 mm,ƒ / 1.4,1/250 sec,5304 x 7952,,DA,,,,,,,,,2018-02-02,2026-05-14T09:48:33
/Volumes/dataLib/Pictures/Images/2018/2018-02/2018-02-02/DSC00509.ARW,/Volumes/dataLib/Pictures/Images/2018/2018-02/2018-02-02,DSC00509.ARW,DSC00509,ARW,RAW,8FC90BF8-F53E-4843-AFAC-8D5EFCC74601,c030,c030,c030,,gray,0,,539309786,,,FE 35mm F1.4 ZA,250,35 mm,ƒ / 1.4,1/250 sec,5304 x 7952,,DA,,,,,,,,,2018-02-02,2026-05-14T09:48:33
/Volumes/dataLib/Pictures/Images/2018/2018-02/2018-02-28/DSC06507.ARW,/Volumes/dataLib/Pictures/Images/2018/2018-02/2018-02-28,DSC06507.ARW,DSC06507,ARW,RAW,651D2B5B-74DF-4B0B-A08F-BDB0103F6EEB,c031,c031,c031 ; g040,,gray,0,,541548082,,,FE 35mm F1.4 ZA,100,35 mm,ƒ / 2.0,1/3200 sec,5304 x 7952,,DA,,,,,,,,,2018-02-28,2026-05-14T09:48:33
/Volumes/dataLib/Pictures/Images/2018/2018-02/2018-02-28/DSC06528.ARW,/Volumes/dataLib/Pictures/Images/2018/2018-02/2018-02-28,DSC06528.ARW,DSC06528,ARW,RAW,582F5CA5-BC00-4506-BD86-8B3A32C32596,c031,c031,c031 ; g040,,gray,0,,541548125,,,FE 35mm F1.4 ZA,100,35 mm,ƒ / 2.0,1/3200 sec,5304 x 7952,,DA,,,,,,,,,2018-02-28,2026-05-14T09:48:33
/Volumes/dataLib/Pictures/Images/2018/2018-02/2018-02-28/DSC06541.ARW,/Volumes/dataLib/Pictures/Images/2018/2018-02/2018-02-28,DSC06541.ARW,DSC06541,ARW,RAW,B080993D-816E-42F0-8DC5-82C2FE9D44CC,c031,c031,c031 ; g040,1,green,0,,541548165,,,FE 35mm F1.4 ZA,100,35 mm,ƒ / 2.0,1/4000 sec,5304 x 7952,,DA,,,,,,,,,2018-02-28,2026-05-14T09:48:33
/Volumes/dataLib/Pictures/Images/2018/2018-02/2018-02-28/DSC06578.ARW,/Volumes/dataLib/Pictures/Images/2018/2018-02/2018-02-28,DSC06578.ARW,DSC06578,ARW,RAW,1EA42D21-9834-4C2E-A8D9-FADF33D0028E,c032,c032,c032,,gray,0,,541548725,,,FE 35mm F1.4 ZA,100,35 mm,ƒ / 2.0,1/8000 sec,5304 x 7952,,DA,,,,,,,,,2018-02-28,2026-05-14T09:48:33
/Volumes/dataLib/Pictures/Images/2018/2018-02/2018-02-28/DSC06628.ARW,/Volumes/dataLib/Pictures/Images/2018/2018-02/2018-02-28,DSC06628.ARW,DSC06628,ARW,RAW,0BFE02CE-263B-4AE6-B28B-8DD16F483FB5,c032,c032,c032,,gray,0,,541548938,,,FE 35mm F1.4 ZA,100,35 mm,ƒ / 2.0,1/5000 sec,5304 x 7952,,DA,,,,,,,,,2018-02-28,2026-05-14T09:48:33
/Volumes/dataLib/Pictures/Images/2018/2018-02/2018-02-28/DSC06650.ARW,/Volumes/dataLib/Pictures/Images/2018/2018-02/2018-02-28,DSC06650.ARW,DSC06650,ARW,RAW,255308AB-A865-48E4-ADCA-36C58027D2E4,c032,c032,c032,,gray,0,,541549067,,,FE 35mm F1.4 ZA,100,35 mm,ƒ / 2.0,1/5000 sec,5304 x 7952,,DA,,,,,,,,,2018-02-28,2026-05-14T09:48:33
/Volumes/dataLib/Pictures/Images/2018/2018-05/2018-05-22/DSC00410.ARW,/Volumes/dataLib/Pictures/Images/2018/2018-05/2018-05-22,DSC00410.ARW,DSC00410,ARW,RAW,F81018CF-6D58-480F-9649-258AD6E7A6C5,c033,c033,c033,,gray,0,,548722570,,,FE 85mm F1.4 GM,100,85 mm,ƒ / 1.4,1/1000 sec,5304 x 7952,,DA,,,,,,,,,2018-05-22,2026-05-14T09:48:33
/Volumes/dataLib/Pictures/Images/2018/2018-05/2018-05-22/DSC00436.ARW,/Volumes/dataLib/Pictures/Images/2018/2018-05/2018-05-22,DSC00436.ARW,DSC00436,ARW,RAW,C7DBD64F-9A44-42A5-8378-A6126543D8B6,c033,c033,c033,,gray,0,,548722748,,,FE 85mm F1.4 GM,100,85 mm,ƒ / 2.0,1/500 sec,5304 x 7952,,DA,,,,,,,,,2018-05-22,2026-05-14T09:48:33
/Volumes/dataLib/Pictures/Images/2018/2018-05/2018-05-22/DSC00452.ARW,/Volumes/dataLib/Pictures/Images/2018/2018-05/2018-05-22,DSC00452.ARW,DSC00452,ARW,RAW,838B5DBF-8513-4DFD-B4E4-BFA91F0EB5C8,c033,c033,c033,,gray,0,,548723157,,,FE 85mm F1.4 GM,100,85 mm,ƒ / 1.4,1/1000 sec,5304 x 7952,,DA,,,,,,,,,2018-05-22,2026-05-14T09:48:33
/Volumes/dataLib/Pictures/Images/2018/2018-06/2018-06-10/DSC04486.ARW,/Volumes/dataLib/Pictures/Images/2018/2018-06/2018-06-10,DSC04486.ARW,DSC04486,ARW,RAW,0A864B0E-8F9C-46C4-8D09-F253B30892B7,c034,c034,c034 ; g023,,gray,0,,550374475,,,FE 35mm F1.4 ZA,100,35 mm,ƒ / 1.4,1/3200 sec,5304 x 7952,,DA,,,,,,,,,2018-06-10,2026-05-14T09:48:33
/Volumes/dataLib/Pictures/Images/2018/2018-06/2018-06-10/DSC04509.ARW,/Volumes/dataLib/Pictures/Images/2018/2018-06/2018-06-10,DSC04509.ARW,DSC04509,ARW,RAW,DE2D5E64-FB7D-484F-8452-6E517B8ED275,c034,c034,c034 ; g023,,gray,0,,550374506,,,FE 35mm F1.4 ZA,100,35 mm,ƒ / 1.4,1/3200 sec,5304 x 7952,,DA,,,,,,,,,2018-06-10,2026-05-14T09:48:33
/Volumes/dataLib/Pictures/Images/2018/2018-06/2018-06-10/DSC04529.ARW,/Volumes/dataLib/Pictures/Images/2018/2018-06/2018-06-10,DSC04529.ARW,DSC04529,ARW,RAW,3C92186A-0EC4-4010-9420-65AAB6FC4E8A,c034,c034,c034 ; g023,,gray,0,,550374525,,,FE 35mm F1.4 ZA,100,35 mm,ƒ / 1.4,1/3200 sec,5304 x 7952,,DA,,,,,,,,,2018-06-10,2026-05-14T09:48:33
/Volumes/dataLib/Pictures/Images/2018/2018-06/2018-06-10/DSC04543.ARW,/Volumes/dataLib/Pictures/Images/2018/2018-06/2018-06-10,DSC04543.ARW,DSC04543,ARW,RAW,1596127C-708E-4546-B88D-E0B3CAC8200C,c035,c035,c035,,gray,0,,550374746,,,FE 35mm F1.4 ZA,100,35 mm,ƒ / 1.4,1/3200 sec,5304 x 7952,,DA,,,,,,,,,2018-06-10,2026-05-14T09:48:33
/Volumes/dataLib/Pictures/Images/2018/2018-06/2018-06-10/DSC04550.ARW,/Volumes/dataLib/Pictures/Images/2018/2018-06/2018-06-10,DSC04550.ARW,DSC04550,ARW,RAW,895C1102-D24D-47F8-82E7-218406B1B2CD,c035,c035,c035,,gray,0,,550374762,,,FE 35mm F1.4 ZA,100,35 mm,ƒ / 1.4,1/3200 sec,5304 x 7952,,DA,,,,,,,,,2018-06-10,2026-05-14T09:48:33
/Volumes/dataLib/Pictures/Images/2018/2018-06/2018-06-10/DSC04561.ARW,/Volumes/dataLib/Pictures/Images/2018/2018-06/2018-06-10,DSC04561.ARW,DSC04561,ARW,RAW,6B51FFA4-5C79-4AFD-A69C-DFA606F54CC9,c035,c035,c035,,gray,0,,550374777,,,FE 35mm F1.4 ZA,100,35 mm,ƒ / 1.4,1/3200 sec,5304 x 7952,,DA,,,,,,,,,2018-06-10,2026-05-14T09:48:33
/Volumes/dataLib/Pictures/Images/2018/2018-06/2018-06-10/DSC04579.ARW,/Volumes/dataLib/Pictures/Images/2018/2018-06/2018-06-10,DSC04579.ARW,DSC04579,ARW,RAW,F9E44030-771A-45DF-90A9-3394F1764751,c036,c036,c036,,gray,0,,550375089,,,FE 50mm F1.4 ZA,100,50 mm,ƒ / 1.4,1/800 sec,5304 x 7952,,DA,,,,,,,,,2018-06-10,2026-05-14T09:48:33
/Volumes/dataLib/Pictures/Images/2018/2018-06/2018-06-10/DSC04595.ARW,/Volumes/dataLib/Pictures/Images/2018/2018-06/2018-06-10,DSC04595.ARW,DSC04595,ARW,RAW,0028DFDD-F64F-46C6-98C6-0D704B32C960,c036,c036,c036,,gray,0,,550375139,,,FE 50mm F1.4 ZA,100,50 mm,ƒ / 1.4,1/800 sec,5304 x 7952,,DA,,,,,,,,,2018-06-10,2026-05-14T09:48:33
/Volumes/dataLib/Pictures/Images/2018/2018-06/2018-06-10/DSC04599.ARW,/Volumes/dataLib/Pictures/Images/2018/2018-06/2018-06-10,DSC04599.ARW,DSC04599,ARW,RAW,35CEB953-4219-4F08-91AC-BB76355B1F34,c036,c036,c036,,gray,0,,550375152,,,FE 50mm F1.4 ZA,100,50 mm,ƒ / 1.4,1/800 sec,5304 x 7952,,DA,,,,,,,,,2018-06-10,2026-05-14T09:48:33
/Volumes/dataLib/Pictures/Images/2018/2018-06/2018-06-10/DSC04613.ARW,/Volumes/dataLib/Pictures/Images/2018/2018-06/2018-06-10,DSC04613.ARW,DSC04613,ARW,RAW,0A241436-C594-4E2B-930F-ACA974F4A7DD,c037,c037,c037,,gray,0,,550375312,,,FE 50mm F1.4 ZA,100,50 mm,ƒ / 1.4,1/1250 sec,5304 x 7952,,DA,,,,,,,,,2018-06-10,2026-05-14T09:48:33
/Volumes/dataLib/Pictures/Images/2018/2018-06/2018-06-10/DSC04620.ARW,/Volumes/dataLib/Pictures/Images/2018/2018-06/2018-06-10,DSC04620.ARW,DSC04620,ARW,RAW,EE712CE3-F93C-48DB-8B2B-66D335FB5E09,c037,c037,c037,,gray,0,,550375338,,,FE 50mm F1.4 ZA,100,50 mm,ƒ / 1.4,1/1250 sec,5304 x 7952,,DA,,,,,,,,,2018-06-10,2026-05-14T09:48:33
/Volumes/dataLib/Pictures/Images/2018/2018-06/2018-06-10/DSC04621.ARW,/Volumes/dataLib/Pictures/Images/2018/2018-06/2018-06-10,DSC04621.ARW,DSC04621,ARW,RAW,A486BFEE-E7D9-4253-A0C6-95F007C6FC75,c037,c037,c037,,gray,0,,550375340,,,FE 50mm F1.4 ZA,100,50 mm,ƒ / 1.4,1/1250 sec,5304 x 7952,,DA,,,,,,,,,2018-06-10,2026-05-14T09:48:33
/Volumes/dataLib/Pictures/Images/2018/2018-06/2018-06-26/DSC06411.ARW,/Volumes/dataLib/Pictures/Images/2018/2018-06/2018-06-26,DSC06411.ARW,DSC06411,ARW,RAW,F66841F7-7E41-4A44-83D8-A800F9F255F8,c038,c038,c038,,gray,0,,551758717,,,FE 50mm F1.4 ZA,100,50 mm,ƒ / 1.4,1/400 sec,5304 x 7952,,DA,,,,,,,,,2018-06-26,2026-05-14T09:48:33
/Volumes/dataLib/Pictures/Images/2018/2018-06/2018-06-26/DSC06481.ARW,/Volumes/dataLib/Pictures/Images/2018/2018-06/2018-06-26,DSC06481.ARW,DSC06481,ARW,RAW,D13E9019-530C-4CC3-8BF0-4420EE238619,c038,c038,c038,,gray,0,,551758820,,,FE 50mm F1.4 ZA,100,50 mm,ƒ / 1.4,1/400 sec,5304 x 7952,,DA,,,,,,,,,2018-06-26,2026-05-14T09:48:33
/Volumes/dataLib/Pictures/Images/2018/2018-06/2018-06-26/DSC06487.ARW,/Volumes/dataLib/Pictures/Images/2018/2018-06/2018-06-26,DSC06487.ARW,DSC06487,ARW,RAW,60B89747-2B00-4FF4-A635-E92BBD2C2DCD,c038,c038,c038,,gray,0,,551758836,,,FE 50mm F1.4 ZA,100,50 mm,ƒ / 1.4,1/800 sec,5304 x 7952,,DA,,,,,,,,,2018-06-26,2026-05-14T09:48:33
/Volumes/dataLib/Pictures/Images/2018/2018-07/2018-07-29/DSC08972.ARW,/Volumes/dataLib/Pictures/Images/2018/2018-07/2018-07-29,DSC08972.ARW,DSC08972,ARW,RAW,CFFCA142-E64C-40BE-BBB6-6D4317EA57A9,c039,c039,c039,,gray,0,,554604585,,,FE 50mm F1.4 ZA,100,50 mm,ƒ / 1.4,1/2500 sec,7952 x 5304,,AB,,,,,,,,,2018-07-29,2026-05-14T09:48:33
/Volumes/dataLib/Pictures/Images/2018/2018-07/2018-07-29/DSC08984.ARW,/Volumes/dataLib/Pictures/Images/2018/2018-07/2018-07-29,DSC08984.ARW,DSC08984,ARW,RAW,852BF784-777C-4CFA-AC2F-00303F69DA17,c039,c039,c039,,gray,0,,554604765,,,FE 50mm F1.4 ZA,100,50 mm,ƒ / 1.4,1/2500 sec,5304 x 7952,,DA,,,,,,,,,2018-07-29,2026-05-14T09:48:33
/Volumes/dataLib/Pictures/Images/2018/2018-07/2018-07-29/DSC08991.ARW,/Volumes/dataLib/Pictures/Images/2018/2018-07/2018-07-29,DSC08991.ARW,DSC08991,ARW,RAW,93EF335F-6253-420E-85C7-4E15623FCC97,c039,c039,c039,,gray,0,,554604776,,,FE 50mm F1.4 ZA,100,50 mm,ƒ / 1.4,1/2500 sec,5304 x 7952,,DA,,,,,,,,,2018-07-29,2026-05-14T09:48:33
/Volumes/dataLib/Pictures/Images/2018/2018-07/2018-07-29/DSC09027.ARW,/Volumes/dataLib/Pictures/Images/2018/2018-07/2018-07-29,DSC09027.ARW,DSC09027,ARW,RAW,302FC37C-6DB8-4DB2-9E67-B847986D6AD3,c040,c040,c040,,gray,0,,554605925,,,FE 50mm F1.4 ZA,100,50 mm,ƒ / 1.4,1/1000 sec,5304 x 7952,,DA,,,,,,,,,2018-07-29,2026-05-14T09:48:33
/Volumes/dataLib/Pictures/Images/2018/2018-07/2018-07-29/DSC09033.ARW,/Volumes/dataLib/Pictures/Images/2018/2018-07/2018-07-29,DSC09033.ARW,DSC09033,ARW,RAW,D6449409-4C74-4559-9D90-02F2519837E4,c040,c040,c040,,gray,0,,554605945,,,FE 50mm F1.4 ZA,100,50 mm,ƒ / 1.4,1/1000 sec,5304 x 7952,,DA,,,,,,,,,2018-07-29,2026-05-14T09:48:33
/Volumes/dataLib/Pictures/Images/2018/2018-07/2018-07-29/DSC09053.ARW,/Volumes/dataLib/Pictures/Images/2018/2018-07/2018-07-29,DSC09053.ARW,DSC09053,ARW,RAW,85085891-F4E5-4B22-B9C6-1CC8E8FED18F,c040,c040,c040,,gray,0,,554606107,,,FE 50mm F1.4 ZA,100,50 mm,ƒ / 1.4,1/800 sec,5304 x 7952,,DA,,,,,,,,,2018-07-29,2026-05-14T09:48:33
/Volumes/dataLib/Pictures/Images/2018/2018-08/2018-08-06/DSC00595.ARW,/Volumes/dataLib/Pictures/Images/2018/2018-08/2018-08-06,DSC00595.ARW,DSC00595,ARW,RAW,F6BE91CD-C76B-43CA-BEEB-77D9783B6071,c041,c041,c041,,gray,0,,555293593,,,FE 85mm F1.4 GM,100,85 mm,ƒ / 1.4,1/800 sec,5304 x 7952,,DA,,,,,,,,,2018-08-06,2026-05-14T09:48:33
/Volumes/dataLib/Pictures/Images/2018/2018-08/2018-08-06/DSC00606.ARW,/Volumes/dataLib/Pictures/Images/2018/2018-08/2018-08-06,DSC00606.ARW,DSC00606,ARW,RAW,0DDADFFD-7CAA-4023-91D8-A3E47D6A61D5,c041,c041,c041,,gray,0,,555293610,,,FE 85mm F1.4 GM,100,85 mm,ƒ / 1.4,1/800 sec,5304 x 7952,,DA,,,,,,,,,2018-08-06,2026-05-14T09:48:33
/Volumes/dataLib/Pictures/Images/2018/2018-08/2018-08-06/DSC00709.ARW,/Volumes/dataLib/Pictures/Images/2018/2018-08/2018-08-06,DSC00709.ARW,DSC00709,ARW,RAW,27E8184D-7A43-469D-BD2A-70C443CE3632,c041,c041,c041,,gray,0,,555293802,,,FE 85mm F1.4 GM,100,85 mm,ƒ / 1.4,1/800 sec,5304 x 7952,,DA,,,,,,,,,2018-08-06,2026-05-14T09:48:33
/Volumes/dataLib/Pictures/Images/2018/2018-08/2018-08-06/DSC00749.ARW,/Volumes/dataLib/Pictures/Images/2018/2018-08/2018-08-06,DSC00749.ARW,DSC00749,ARW,RAW,2C0157F2-0899-48EB-8EE9-7B9EB6F2BC38,c042,c042,c042 ; g039,,gray,0,,555294168,,,FE 85mm F1.4 GM,100,85 mm,ƒ / 1.4,1/320 sec,5304 x 7952,,DA,,,,,,,,,2018-08-06,2026-05-14T09:48:33
/Volumes/dataLib/Pictures/Images/2018/2018-08/2018-08-06/DSC00760.ARW,/Volumes/dataLib/Pictures/Images/2018/2018-08/2018-08-06,DSC00760.ARW,DSC00760,ARW,RAW,2D217744-0362-4FB2-ACA5-D1EF129A7717,c042,c042,c042 ; g039,,gray,0,,555294217,,,FE 85mm F1.4 GM,100,85 mm,ƒ / 1.4,1/320 sec,5304 x 7952,,DA,,,,,,,,,2018-08-06,2026-05-14T09:48:33
/Volumes/dataLib/Pictures/Images/2018/2018-08/2018-08-06/DSC00761.ARW,/Volumes/dataLib/Pictures/Images/2018/2018-08/2018-08-06,DSC00761.ARW,DSC00761,ARW,RAW,259D3ED7-C831-493F-8EF8-71EE88E39CBB,c042,c042,c042 ; g039,,gray,0,,555294219,,,FE 85mm F1.4 GM,100,85 mm,ƒ / 1.4,1/320 sec,5304 x 7952,,DA,,,,,,,,,2018-08-06,2026-05-14T09:48:33
/Volumes/dataLib/Pictures/Images/2018/2018-08/2018-08-06/DSC00872.ARW,/Volumes/dataLib/Pictures/Images/2018/2018-08/2018-08-06,DSC00872.ARW,DSC00872,ARW,RAW,75151358-E60B-4DFC-BB93-D55209A15D33,c043,c043,c043,,gray,0,,555295891,,,FE 50mm F1.4 ZA,100,50 mm,ƒ / 1.4,1/1250 sec,5304 x 7952,,DA,,,,,,,,,2018-08-06,2026-05-14T09:48:33
/Volumes/dataLib/Pictures/Images/2018/2018-08/2018-08-06/DSC00954.ARW,/Volumes/dataLib/Pictures/Images/2018/2018-08/2018-08-06,DSC00954.ARW,DSC00954,ARW,RAW,BFED91A4-35E2-477A-8212-A975E6F46C29,c043,c043,c043,,gray,0,,555296203,,,FE 50mm F1.4 ZA,100,50 mm,ƒ / 1.4,1/1000 sec,5304 x 7952,,DA,,,,,,,,,2018-08-06,2026-05-14T09:48:33
/Volumes/dataLib/Pictures/Images/2018/2018-08/2018-08-06/DSC00964.ARW,/Volumes/dataLib/Pictures/Images/2018/2018-08/2018-08-06,DSC00964.ARW,DSC00964,ARW,RAW,E886138E-22C9-47EE-90B7-303727BF10E2,c043,c043,c043,,gray,0,,555296219,,,FE 50mm F1.4 ZA,100,50 mm,ƒ / 1.4,1/1250 sec,5304 x 7952,,DA,,,,,,,,,2018-08-06,2026-05-14T09:48:33
/Volumes/dataLib/Pictures/Images/2018/2018-08/2018-08-06/DSC01045.ARW,/Volumes/dataLib/Pictures/Images/2018/2018-08/2018-08-06,DSC01045.ARW,DSC01045,ARW,RAW,226D8526-C359-4303-A1FD-D71C99467B54,c044,c044,c044,,gray,0,,555296827,,,FE 50mm F1.4 ZA,100,50 mm,ƒ / 1.4,1/1250 sec,5304 x 7952,,DA,,,,,,,,,2018-08-06,2026-05-14T09:48:33
/Volumes/dataLib/Pictures/Images/2018/2018-08/2018-08-06/DSC01056.ARW,/Volumes/dataLib/Pictures/Images/2018/2018-08/2018-08-06,DSC01056.ARW,DSC01056,ARW,RAW,42ED9A86-38FE-4752-A16E-50B5A356AFA1,c044,c044,c044,,gray,0,,555296846,,,FE 50mm F1.4 ZA,100,50 mm,ƒ / 1.4,1/1250 sec,5304 x 7952,,DA,,,,,,,,,2018-08-06,2026-05-14T09:48:33
/Volumes/dataLib/Pictures/Images/2018/2018-08/2018-08-06/DSC01064.ARW,/Volumes/dataLib/Pictures/Images/2018/2018-08/2018-08-06,DSC01064.ARW,DSC01064,ARW,RAW,60821738-96DB-4CCA-B74B-575486449317,c044,c044,c044,,gray,0,,555296860,,,FE 50mm F1.4 ZA,100,50 mm,ƒ / 1.4,1/1250 sec,5304 x 7952,,DA,,,,,,,,,2018-08-06,2026-05-14T09:48:33
/Volumes/dataLib/Pictures/Images/2018/2018-08/2018-08-06/DSC01068.ARW,/Volumes/dataLib/Pictures/Images/2018/2018-08/2018-08-06,DSC01068.ARW,DSC01068,ARW,RAW,27FADBEC-5E78-446C-8289-D10775EDBAC3,c045,c045,c045,,gray,0,,555297088,,,FE 85mm F1.4 GM,100,85 mm,ƒ / 1.4,1/1000 sec,5304 x 7952,,DA,,,,,,,,,2018-08-06,2026-05-14T09:48:33
/Volumes/dataLib/Pictures/Images/2018/2018-08/2018-08-06/DSC01130.ARW,/Volumes/dataLib/Pictures/Images/2018/2018-08/2018-08-06,DSC01130.ARW,DSC01130,ARW,RAW,296C50DF-57A1-42A2-9DAE-065C13C1E547,c045,c045,c045,,gray,0,,555297325,,,FE 85mm F1.4 GM,100,85 mm,ƒ / 1.4,1/1000 sec,5304 x 7952,,DA,,,,,,,,,2018-08-06,2026-05-14T09:48:33
/Volumes/dataLib/Pictures/Images/2018/2018-08/2018-08-06/DSC01207.ARW,/Volumes/dataLib/Pictures/Images/2018/2018-08/2018-08-06,DSC01207.ARW,DSC01207,ARW,RAW,BCFF2825-FE48-450A-B5E2-AA50BA1C7704,c045,c045,c045,,gray,0,,555297443,,,FE 85mm F1.4 GM,100,85 mm,ƒ / 1.4,1/1000 sec,5304 x 7952,,DA,,,,,,,,,2018-08-06,2026-05-14T09:48:33
/Volumes/dataLib/Pictures/Images/2018/2018-08/2018-08-14/DSC01266.ARW,/Volumes/dataLib/Pictures/Images/2018/2018-08/2018-08-14,DSC01266.ARW,DSC01266,ARW,RAW,87C9258A-9F17-4335-BFE6-D2A30AB1AD22,c046,c046,c046,,gray,0,,555981189,,,FE 85mm F1.4 GM,100,85 mm,ƒ / 1.4,1/1600 sec,5304 x 7952,,DA,,,,,,,,,2018-08-14,2026-05-14T09:48:33
/Volumes/dataLib/Pictures/Images/2018/2018-08/2018-08-14/DSC01296-2.ARW,/Volumes/dataLib/Pictures/Images/2018/2018-08/2018-08-14,DSC01296-2.ARW,DSC01296-2,ARW,RAW,2D8D6C97-2D8D-459B-949F-1CFD2439BBC7,c046,c046,c046,,gray,0,,555981344,,,FE 85mm F1.4 GM,100,85 mm,ƒ / 1.4,1/1600 sec,5304 x 7952,,DA,,,,,,,,,2018-08-14,2026-05-14T09:48:33
/Volumes/dataLib/Pictures/Images/2018/2018-08/2018-08-14/DSC01313.ARW,/Volumes/dataLib/Pictures/Images/2018/2018-08/2018-08-14,DSC01313.ARW,DSC01313,ARW,RAW,3E12BA01-0965-4ACC-AA40-FC98AF116F91,c046,c046,c046,,gray,0,,555981435,,,FE 85mm F1.4 GM,100,85 mm,ƒ / 1.4,1/1600 sec,5304 x 7952,,DA,,,,,,,,,2018-08-14,2026-05-14T09:48:33
/Volumes/dataLib/Pictures/Images/2018/2018-08/2018-08-14/DSC01358.ARW,/Volumes/dataLib/Pictures/Images/2018/2018-08/2018-08-14,DSC01358.ARW,DSC01358,ARW,RAW,ADCA49D2-1BD5-4907-8BE1-D6A29A809935,c047,c047,c047,,gray,0,,555981712,,,FE 85mm F1.4 GM,100,85 mm,ƒ / 1.4,1/2000 sec,5304 x 7952,,DA,,,,,,,,,2018-08-14,2026-05-14T09:48:33
/Volumes/dataLib/Pictures/Images/2018/2018-08/2018-08-14/DSC01367.ARW,/Volumes/dataLib/Pictures/Images/2018/2018-08/2018-08-14,DSC01367.ARW,DSC01367,ARW,RAW,DA90AA72-C358-46FB-8C94-E5CC64865988,c047,c047,c047,,gray,0,,555981738,,,FE 85mm F1.4 GM,100,85 mm,ƒ / 1.4,1/1600 sec,5304 x 7952,,DA,,,,,,,,,2018-08-14,2026-05-14T09:48:33
/Volumes/dataLib/Pictures/Images/2018/2018-08/2018-08-14/DSC01374.ARW,/Volumes/dataLib/Pictures/Images/2018/2018-08/2018-08-14,DSC01374.ARW,DSC01374,ARW,RAW,DBBC4C3F-CC66-4581-A2C9-7C19AAE85493,c047,c047,c047,,gray,0,,555981765,,,FE 85mm F1.4 GM,100,85 mm,ƒ / 1.4,1/1600 sec,5304 x 7952,,DA,,,,,,,,,2018-08-14,2026-05-14T09:48:33
/Volumes/dataLib/Pictures/Images/2018/2018-08/2018-08-14/DSC01394.ARW,/Volumes/dataLib/Pictures/Images/2018/2018-08/2018-08-14,DSC01394.ARW,DSC01394,ARW,RAW,C831CFB6-314C-43EE-A798-8383C4728560,c048,c048,c048,,gray,0,,555982374,,,FE 85mm F1.4 GM,100,85 mm,ƒ / 1.4,1/1600 sec,5304 x 7952,,DA,,,,,,,,,2018-08-14,2026-05-14T09:48:33
/Volumes/dataLib/Pictures/Images/2018/2018-08/2018-08-14/DSC01426.ARW,/Volumes/dataLib/Pictures/Images/2018/2018-08/2018-08-14,DSC01426.ARW,DSC01426,ARW,RAW,D0C6211B-C588-446E-890C-8899C77E05ED,c048,c048,c048,,gray,0,,555982569,,,FE 85mm F1.4 GM,100,85 mm,ƒ / 1.4,1/2000 sec,7952 x 5304,,AB,,,,,,,,,2018-08-14,2026-05-14T09:48:33
/Volumes/dataLib/Pictures/Images/2018/2018-08/2018-08-14/DSC01495.ARW,/Volumes/dataLib/Pictures/Images/2018/2018-08/2018-08-14,DSC01495.ARW,DSC01495,ARW,RAW,4991F960-2C03-434B-9F0F-80887B4B6D36,c048,c048,c048,,gray,0,,555983128,,,FE 85mm F1.4 GM,100,85 mm,ƒ / 1.6,1/2500 sec,5304 x 7952,,DA,,,,,,,,,2018-08-14,2026-05-14T09:48:33
/Volumes/dataLib/Pictures/Images/2018/2018-08/2018-08-14/DSC01519.ARW,/Volumes/dataLib/Pictures/Images/2018/2018-08/2018-08-14,DSC01519.ARW,DSC01519,ARW,RAW,18F16AD3-39E7-4FF6-A053-57DF6DB24D63,c049,c049,c049,,gray,0,,555984579,,,FE 85mm F1.4 GM,250,85 mm,ƒ / 4.0,1/250 sec,5304 x 7952,,DA,,,,,,,,,2018-08-14,2026-05-14T09:48:33
/Volumes/dataLib/Pictures/Images/2018/2018-08/2018-08-14/DSC01542.ARW,/Volumes/dataLib/Pictures/Images/2018/2018-08/2018-08-14,DSC01542.ARW,DSC01542,ARW,RAW,798CC67D-AFF2-4EA7-98F2-D595184AA03C,c049,c049,c049,,gray,0,,555984789,,,FE 85mm F1.4 GM,100,85 mm,ƒ / 1.8,1/800 sec,5304 x 7952,,DA,,,,,,,,,2018-08-14,2026-05-14T09:48:33
/Volumes/dataLib/Pictures/Images/2018/2018-08/2018-08-14/DSC01550.ARW,/Volumes/dataLib/Pictures/Images/2018/2018-08/2018-08-14,DSC01550.ARW,DSC01550,ARW,RAW,92009501-00A8-4DE7-ADE8-EB3CF3874F4A,c049,c049,c049,,gray,0,,555984800,,,FE 85mm F1.4 GM,100,85 mm,ƒ / 1.8,1/800 sec,5304 x 7952,,DA,,,,,,,,,2018-08-14,2026-05-14T09:48:33
/Volumes/dataLib/Pictures/Images/2018/2018-08/2018-08-14/DSC01575.ARW,/Volumes/dataLib/Pictures/Images/2018/2018-08/2018-08-14,DSC01575.ARW,DSC01575,ARW,RAW,225FE98E-AA4E-4C83-964B-C02051CD2792,c050,c050,c050,,gray,0,,555985219,,,FE 85mm F1.4 GM,100,85 mm,ƒ / 1.8,1/1000 sec,5304 x 7952,,DA,,,,,,,,,2018-08-14,2026-05-14T09:48:33
/Volumes/dataLib/Pictures/Images/2018/2018-08/2018-08-14/DSC01577-2.ARW,/Volumes/dataLib/Pictures/Images/2018/2018-08/2018-08-14,DSC01577-2.ARW,DSC01577-2,ARW,RAW,BADD1949-4F4E-4277-BEC5-AFCBA0CBD5F8,c050,c050,c050,,gray,0,,555985237,,,FE 85mm F1.4 GM,100,85 mm,ƒ / 1.8,1/1000 sec,5304 x 7952,,DA,,,,,,,,,2018-08-14,2026-05-14T09:48:33
/Volumes/dataLib/Pictures/Images/2018/2018-08/2018-08-14/DSC01584.ARW,/Volumes/dataLib/Pictures/Images/2018/2018-08/2018-08-14,DSC01584.ARW,DSC01584,ARW,RAW,A909137B-803C-476F-B3F5-C201A24333F8,c050,c050,c050,,gray,0,,555985249,,,FE 85mm F1.4 GM,100,85 mm,ƒ / 1.8,1/1000 sec,5304 x 7952,,DA,,,,,,,,,2018-08-14,2026-05-14T09:48:33
/Volumes/dataLib/Pictures/Images/2018/2018-08/2018-08-14/DSC01620.ARW,/Volumes/dataLib/Pictures/Images/2018/2018-08/2018-08-14,DSC01620.ARW,DSC01620,ARW,RAW,26F9E9E3-A0FE-4538-A326-59239822C73F,c051,c051,c051,,gray,0,,555985580,,,FE 85mm F1.4 GM,100,85 mm,ƒ / 1.8,1/1000 sec,5304 x 7952,,DA,,,,,,,,,2018-08-14,2026-05-14T09:48:33
/Volumes/dataLib/Pictures/Images/2018/2018-08/2018-08-14/DSC01625.ARW,/Volumes/dataLib/Pictures/Images/2018/2018-08/2018-08-14,DSC01625.ARW,DSC01625,ARW,RAW,115E0AD2-CD02-45C1-892D-B72B6ED1B9D7,c051,c051,c051,,gray,0,,555985625,,,FE 85mm F1.4 GM,100,85 mm,ƒ / 1.8,1/1000 sec,5304 x 7952,,DA,,,,,,,,,2018-08-14,2026-05-14T09:48:33
/Volumes/dataLib/Pictures/Images/2018/2018-08/2018-08-14/DSC01637.ARW,/Volumes/dataLib/Pictures/Images/2018/2018-08/2018-08-14,DSC01637.ARW,DSC01637,ARW,RAW,CDD73E12-9B66-4DA9-8171-16F6129D8ED0,c051,c051,c051,,gray,0,,555985659,,,FE 85mm F1.4 GM,100,85 mm,ƒ / 1.8,1/1000 sec,5304 x 7952,,DA,,,,,,,,,2018-08-14,2026-05-14T09:48:33
/Volumes/dataLib/Pictures/Images/2018/2018-08/2018-08-14/DSC01669.ARW,/Volumes/dataLib/Pictures/Images/2018/2018-08/2018-08-14,DSC01669.ARW,DSC01669,ARW,RAW,46D371F3-F72A-4F74-BFA6-032E2795BDD9,c052,c052,c052,,gray,0,,555986630,,,FE 85mm F1.4 GM,100,85 mm,ƒ / 1.4,1/250 sec,5304 x 7952,,DA,,,,,,,,,2018-08-14,2026-05-14T09:48:33
/Volumes/dataLib/Pictures/Images/2018/2018-08/2018-08-14/DSC01670.ARW,/Volumes/dataLib/Pictures/Images/2018/2018-08/2018-08-14,DSC01670.ARW,DSC01670,ARW,RAW,D0C9428F-86E1-4BC1-930B-13C7763D623D,c052,c052,c052,,gray,0,,555986631,,,FE 85mm F1.4 GM,100,85 mm,ƒ / 1.4,1/250 sec,5304 x 7952,,DA,,,,,,,,,2018-08-14,2026-05-14T09:48:33
/Volumes/dataLib/Pictures/Images/2018/2018-08/2018-08-14/DSC01681.ARW,/Volumes/dataLib/Pictures/Images/2018/2018-08/2018-08-14,DSC01681.ARW,DSC01681,ARW,RAW,2F6C7159-25A5-4399-A809-E03DAB80BEB9,c052,c052,c052,,gray,0,,555986651,,,FE 85mm F1.4 GM,100,85 mm,ƒ / 1.4,1/250 sec,5304 x 7952,,DA,,,,,,,,,2018-08-14,2026-05-14T09:48:33
/Volumes/dataLib/Pictures/Images/2018/2018-08/2018-08-14/DSC01731.ARW,/Volumes/dataLib/Pictures/Images/2018/2018-08/2018-08-14,DSC01731.ARW,DSC01731,ARW,RAW,0C26579D-1AC0-45C4-B2CB-50DA89C6F329,c053,c053,c053,,gray,0,,555986853,,,FE 85mm F1.4 GM,100,85 mm,ƒ / 1.4,1/250 sec,5304 x 7952,,DA,,,,,,,,,2018-08-14,2026-05-14T09:48:33
/Volumes/dataLib/Pictures/Images/2018/2018-08/2018-08-14/DSC01763.ARW,/Volumes/dataLib/Pictures/Images/2018/2018-08/2018-08-14,DSC01763.ARW,DSC01763,ARW,RAW,5E2E8BA8-3601-4DA2-9391-15947667D53F,c053,c053,c053,,gray,0,,555986901,,,FE 85mm F1.4 GM,100,85 mm,ƒ / 1.4,1/250 sec,5304 x 7952,,DA,,,,,,,,,2018-08-14,2026-05-14T09:48:33
/Volumes/dataLib/Pictures/Images/2018/2018-08/2018-08-14/DSC01782.ARW,/Volumes/dataLib/Pictures/Images/2018/2018-08/2018-08-14,DSC01782.ARW,DSC01782,ARW,RAW,CEBE354A-15A4-48DA-A5A8-6F105B8D12F6,c053,c053,c053,,gray,0,,555986919,,,FE 85mm F1.4 GM,100,85 mm,ƒ / 1.4,1/250 sec,5304 x 7952,,DA,,,,,,,,,2018-08-14,2026-05-14T09:48:33
/Volumes/dataLib/Pictures/Images/2018/2018-08/2018-08-14/DSC01818.ARW,/Volumes/dataLib/Pictures/Images/2018/2018-08/2018-08-14,DSC01818.ARW,DSC01818,ARW,RAW,5C5E51E0-434D-4046-8A28-95AC395AC06A,c054,c054,c054,,gray,0,,555987846,,,FE 85mm F1.4 GM,100,85 mm,ƒ / 1.4,1/1250 sec,5304 x 7952,,DA,,,,,,,,,2018-08-14,2026-05-14T09:48:33
/Volumes/dataLib/Pictures/Images/2018/2018-08/2018-08-14/DSC01838.ARW,/Volumes/dataLib/Pictures/Images/2018/2018-08/2018-08-14,DSC01838.ARW,DSC01838,ARW,RAW,9D659D91-07AD-4981-803B-0994DE8AA4AE,c054,c054,c054,,gray,0,,555988322,,,FE 85mm F1.4 GM,100,85 mm,ƒ / 1.4,1/1250 sec,5304 x 7952,,DA,,,,,,,,,2018-08-14,2026-05-14T09:48:33
/Volumes/dataLib/Pictures/Images/2018/2018-08/2018-08-14/DSC01897.ARW,/Volumes/dataLib/Pictures/Images/2018/2018-08/2018-08-14,DSC01897.ARW,DSC01897,ARW,RAW,485A0CC2-5A50-4812-907B-7FDC9E113DE3,c054,c054,c054,,gray,0,,555988466,,,FE 85mm F1.4 GM,100,85 mm,ƒ / 1.4,1/1000 sec,5304 x 7952,,DA,,,,,,,,,2018-08-14,2026-05-14T09:48:33
/Volumes/dataLib/Pictures/Images/2018/2018-09/2018-09-02/DSC03257.ARW,/Volumes/dataLib/Pictures/Images/2018/2018-09/2018-09-02,DSC03257.ARW,DSC03257,ARW,RAW,F455A14D-C217-46C9-A7E4-D222A6862E6A,c055,c055,c055,,gray,0,,557625297,,,FE 50mm F1.4 ZA,100,50 mm,ƒ / 1.4,1/320 sec,5304 x 7952,,DA,,,,,,,,,2018-09-02,2026-05-14T09:48:33
/Volumes/dataLib/Pictures/Images/2018/2018-09/2018-09-02/DSC03259.ARW,/Volumes/dataLib/Pictures/Images/2018/2018-09/2018-09-02,DSC03259.ARW,DSC03259,ARW,RAW,55309754-B7B3-4AE2-A218-34B0E979CA11,c055,c055,c055,,gray,0,,557625304,,,FE 50mm F1.4 ZA,100,50 mm,ƒ / 1.4,1/320 sec,5304 x 7952,,DA,,,,,,,,,2018-09-02,2026-05-14T09:48:33
/Volumes/dataLib/Pictures/Images/2018/2018-09/2018-09-02/DSC03262.ARW,/Volumes/dataLib/Pictures/Images/2018/2018-09/2018-09-02,DSC03262.ARW,DSC03262,ARW,RAW,BB0C5151-C129-4ACA-90EC-50EF39982BC2,c055,c055,c055,,gray,0,,557625314,,,FE 50mm F1.4 ZA,100,50 mm,ƒ / 1.4,1/320 sec,5304 x 7952,,DA,,,,,,,,,2018-09-02,2026-05-14T09:48:33
/Volumes/dataLib/Pictures/Images/2018/2018-09/2018-09-02/DSC03273.ARW,/Volumes/dataLib/Pictures/Images/2018/2018-09/2018-09-02,DSC03273.ARW,DSC03273,ARW,RAW,4044455C-C9C0-4016-A6A9-2B4D4A55C892,c056,c056,c056,,gray,0,,557625739,,,FE 35mm F1.4 ZA,320,35 mm,ƒ / 1.4,1/250 sec,5304 x 7952,,DA,,,,,,,,,2018-09-02,2026-05-14T09:48:33
/Volumes/dataLib/Pictures/Images/2018/2018-09/2018-09-02/DSC03296.ARW,/Volumes/dataLib/Pictures/Images/2018/2018-09/2018-09-02,DSC03296.ARW,DSC03296,ARW,RAW,9961E353-E997-4B75-98B1-0EB20AD96800,c056,c056,c056,,gray,0,,557625800,,,FE 35mm F1.4 ZA,250,35 mm,ƒ / 1.4,1/250 sec,5304 x 7952,,DA,,,,,,,,,2018-09-02,2026-05-14T09:48:33
/Volumes/dataLib/Pictures/Images/2018/2018-09/2018-09-02/DSC03305.ARW,/Volumes/dataLib/Pictures/Images/2018/2018-09/2018-09-02,DSC03305.ARW,DSC03305,ARW,RAW,5B42A8FF-E5C6-41FF-A765-D1F0F479603A,c056,c056,c056,,gray,0,,557625815,,,FE 35mm F1.4 ZA,250,35 mm,ƒ / 1.4,1/250 sec,5304 x 7952,,DA,,,,,,,,,2018-09-02,2026-05-14T09:48:33
/Volumes/dataLib/Pictures/Images/2018/2018-09/2018-09-02/DSC03436.ARW,/Volumes/dataLib/Pictures/Images/2018/2018-09/2018-09-02,DSC03436.ARW,DSC03436,ARW,RAW,3DB40456-0F5D-429C-83D2-F2BE67E2DAAE,c057,c057,@theetr1n1ty ; c057,,gray,0,,557627599,,,FE 50mm F1.4 ZA,100,50 mm,ƒ / 1.4,1/640 sec,5304 x 7952,,DA,,,,,,,,,2018-09-02,2026-05-14T09:48:33
/Volumes/dataLib/Pictures/Images/2018/2018-09/2018-09-02/DSC03438.ARW,/Volumes/dataLib/Pictures/Images/2018/2018-09/2018-09-02,DSC03438.ARW,DSC03438,ARW,RAW,A8E40170-5F09-4310-BE76-E3C7543D42E4,c057,c057,@theetr1n1ty ; c057,,gray,0,,557627606,,,FE 50mm F1.4 ZA,100,50 mm,ƒ / 1.4,1/640 sec,5304 x 7952,,DA,,,,,,,,,2018-09-02,2026-05-14T09:48:33
/Volumes/dataLib/Pictures/Images/2018/2018-09/2018-09-02/DSC03444.ARW,/Volumes/dataLib/Pictures/Images/2018/2018-09/2018-09-02,DSC03444.ARW,DSC03444,ARW,RAW,6C9B951D-DA79-4455-A949-CCECAA52C795,c057,c057,@theetr1n1ty ; c057,,gray,0,,557627624,,,FE 50mm F1.4 ZA,100,50 mm,ƒ / 1.4,1/640 sec,5304 x 7952,,DA,,,,,,,,,2018-09-02,2026-05-14T09:48:33
/Volumes/dataLib/Pictures/Images/2018/2018-09/2018-09-02/DSC03448.ARW,/Volumes/dataLib/Pictures/Images/2018/2018-09/2018-09-02,DSC03448.ARW,DSC03448,ARW,RAW,2943F3F6-E6AC-4EA5-877B-87757FC9B2FA,c058,c058,@theetr1n1ty ; c058,,gray,0,,557627712,,,FE 50mm F1.4 ZA,100,50 mm,ƒ / 1.4,1/800 sec,7952 x 5304,,AB,,,,,,,,,2018-09-02,2026-05-14T09:48:33
/Volumes/dataLib/Pictures/Images/2018/2018-09/2018-09-02/DSC03461.ARW,/Volumes/dataLib/Pictures/Images/2018/2018-09/2018-09-02,DSC03461.ARW,DSC03461,ARW,RAW,23445202-080F-40EF-A672-41DD75C78185,c058,c058,@theetr1n1ty ; c058,,gray,0,,557627781,,,FE 50mm F1.4 ZA,100,50 mm,ƒ / 1.4,1/1000 sec,7952 x 5304,,AB,,,,,,,,,2018-09-02,2026-05-14T09:48:33
/Volumes/dataLib/Pictures/Images/2018/2018-09/2018-09-02/DSC03463.ARW,/Volumes/dataLib/Pictures/Images/2018/2018-09/2018-09-02,DSC03463.ARW,DSC03463,ARW,RAW,4F3957B1-DBCA-4FB7-885A-795AB4FBC84F,c058,c058,@theetr1n1ty ; c058,,gray,0,,557627784,,,FE 50mm F1.4 ZA,100,50 mm,ƒ / 1.4,1/1000 sec,7952 x 5304,,AB,,,,,,,,,2018-09-02,2026-05-14T09:48:33
/Volumes/dataLib/Pictures/Images/2018/2018-09/2018-09-02/DSC03484.ARW,/Volumes/dataLib/Pictures/Images/2018/2018-09/2018-09-02,DSC03484.ARW,DSC03484,ARW,RAW,5598ECEC-C4EA-4802-BF2D-D9F9E0FE4D6B,c059,c059,@theetr1n1ty ; c059,,gray,0,,557627906,,,FE 50mm F1.4 ZA,100,50 mm,ƒ / 1.4,1/1000 sec,5304 x 7952,,DA,,,,,,,,,2018-09-02,2026-05-14T09:48:33
/Volumes/dataLib/Pictures/Images/2018/2018-09/2018-09-02/DSC03489.ARW,/Volumes/dataLib/Pictures/Images/2018/2018-09/2018-09-02,DSC03489.ARW,DSC03489,ARW,RAW,EF488201-D2C4-4C54-BDBA-407582BC68CD,c059,c059,@theetr1n1ty ; c059,,gray,0,,557627930,,,FE 50mm F1.4 ZA,100,50 mm,ƒ / 1.4,1/1000 sec,5304 x 7952,,DA,,,,,,,,,2018-09-02,2026-05-14T09:48:33
/Volumes/dataLib/Pictures/Images/2018/2018-09/2018-09-02/DSC03528.ARW,/Volumes/dataLib/Pictures/Images/2018/2018-09/2018-09-02,DSC03528.ARW,DSC03528,ARW,RAW,9A8BF9C0-D546-4812-98F3-B17D4A71072D,c059,c059,@theetr1n1ty ; c059,,gray,0,,557628139,,,FE 50mm F1.4 ZA,100,50 mm,ƒ / 2.0,1/500 sec,5304 x 7952,,DA,,,,,,,,,2018-09-02,2026-05-14T09:48:33
/Volumes/dataLib/Pictures/Images/2018/2018-09/2018-09-15/DSC05426.ARW,/Volumes/dataLib/Pictures/Images/2018/2018-09/2018-09-15,DSC05426.ARW,DSC05426,ARW,RAW,B45ECB02-00B2-4F8A-9D2A-F5441452C51F,c060,c060,c060,,gray,0,,558744414,,,FE 50mm F1.4 ZA,100,50 mm,ƒ / 1.4,1/250 sec,5304 x 7952,,DA,,,,,,,,,2018-09-15,2026-05-14T09:48:33
/Volumes/dataLib/Pictures/Images/2018/2018-09/2018-09-15/DSC05439.ARW,/Volumes/dataLib/Pictures/Images/2018/2018-09/2018-09-15,DSC05439.ARW,DSC05439,ARW,RAW,08CC28C7-A1D8-4A3D-B6C4-975948543683,c060,c060,c060,,gray,0,,558744453,,,FE 50mm F1.4 ZA,100,50 mm,ƒ / 1.4,1/250 sec,5304 x 7952,,DA,,,,,,,,,2018-09-15,2026-05-14T09:48:33
/Volumes/dataLib/Pictures/Images/2018/2018-09/2018-09-15/DSC05480.ARW,/Volumes/dataLib/Pictures/Images/2018/2018-09/2018-09-15,DSC05480.ARW,DSC05480,ARW,RAW,F2476E40-8401-409C-BDAD-C78991D66CCC,c060,c060,c060,,gray,0,,558744613,,,FE 50mm F1.4 ZA,500,50 mm,ƒ / 2.8,1/250 sec,5304 x 7952,,DA,,,,,,,,,2018-09-15,2026-05-14T09:48:33
/Volumes/dataLib/Pictures/Images/2018/2018-09/2018-09-15/DSC05557.ARW,/Volumes/dataLib/Pictures/Images/2018/2018-09/2018-09-15,DSC05557.ARW,DSC05557,ARW,RAW,16B321D7-7FA3-4904-88F8-BEA432B7AE03,c061,c061,c061,,gray,0,,558745186,,,FE 50mm F1.4 ZA,200,50 mm,ƒ / 1.8,1/250 sec,5304 x 7952,,DA,,,,,,,,,2018-09-15,2026-05-14T09:48:33
/Volumes/dataLib/Pictures/Images/2018/2018-09/2018-09-15/DSC05585.ARW,/Volumes/dataLib/Pictures/Images/2018/2018-09/2018-09-15,DSC05585.ARW,DSC05585,ARW,RAW,A3FB8727-0D78-4B0A-9075-BF1D0F081816,c061,c061,c061,,gray,0,,558745257,,,FE 50mm F1.4 ZA,200,50 mm,ƒ / 1.8,1/250 sec,5304 x 7952,,DA,,,,,,,,,2018-09-15,2026-05-14T09:48:33
/Volumes/dataLib/Pictures/Images/2018/2018-09/2018-09-15/DSC05608.ARW,/Volumes/dataLib/Pictures/Images/2018/2018-09/2018-09-15,DSC05608.ARW,DSC05608,ARW,RAW,F786288D-8EF7-4CCE-AC8E-5B3FC2F1AFB5,c061,c061,c061,,gray,0,,558745322,,,FE 50mm F1.4 ZA,250,50 mm,ƒ / 1.8,1/250 sec,5304 x 7952,,DA,,,,,,,,,2018-09-15,2026-05-14T09:48:33
/Volumes/dataLib/Pictures/Images/2018/2018-09/2018-09-15/DSC05732.ARW,/Volumes/dataLib/Pictures/Images/2018/2018-09/2018-09-15,DSC05732.ARW,DSC05732,ARW,RAW,AD42856D-2ED9-45DE-9EA5-0AC1EE5F767E,c062,c062,c062,,gray,0,,558746507,,,FE 35mm F1.4 ZA,100,35 mm,ƒ / 1.4,1/250 sec,5304 x 7952,,DA,,,,,,,,,2018-09-15,2026-05-14T09:48:33
/Volumes/dataLib/Pictures/Images/2018/2018-09/2018-09-15/DSC05803.ARW,/Volumes/dataLib/Pictures/Images/2018/2018-09/2018-09-15,DSC05803.ARW,DSC05803,ARW,RAW,6E653A6C-667C-46D9-AEB4-42A800777C69,c062,c062,c062,,gray,0,,558746677,,,FE 35mm F1.4 ZA,100,35 mm,ƒ / 1.4,1/250 sec,5304 x 7952,,DA,,,,,,,,,2018-09-15,2026-05-14T09:48:33
/Volumes/dataLib/Pictures/Images/2018/2018-09/2018-09-15/DSC05808.ARW,/Volumes/dataLib/Pictures/Images/2018/2018-09/2018-09-15,DSC05808.ARW,DSC05808,ARW,RAW,843D689D-E067-4733-B562-B9CDE60EC0B9,c062,c062,c062,,gray,0,,558746682,,,FE 35mm F1.4 ZA,100,35 mm,ƒ / 1.4,1/250 sec,5304 x 7952,,DA,,,,,,,,,2018-09-15,2026-05-14T09:48:33
/Volumes/dataLib/Pictures/Images/2018/2018-09/2018-09-15/DSC05871.ARW,/Volumes/dataLib/Pictures/Images/2018/2018-09/2018-09-15,DSC05871.ARW,DSC05871,ARW,RAW,455C945F-55D5-43CA-AFA2-A4C8E94864DA,c063,c063,c063,,gray,0,,558747429,,,FE 50mm F1.4 ZA,400,50 mm,ƒ / 2.5,1/250 sec,5304 x 7952,,DA,,,,,,,,,2018-09-15,2026-05-14T09:48:33
/Volumes/dataLib/Pictures/Images/2018/2018-09/2018-09-15/DSC05872.ARW,/Volumes/dataLib/Pictures/Images/2018/2018-09/2018-09-15,DSC05872.ARW,DSC05872,ARW,RAW,7FE90354-D4E9-495D-9252-BA61DF49E079,c063,c063,c063,,gray,0,,558747431,,,FE 50mm F1.4 ZA,400,50 mm,ƒ / 2.5,1/250 sec,5304 x 7952,,DA,,,,,,,,,2018-09-15,2026-05-14T09:48:33
/Volumes/dataLib/Pictures/Images/2018/2018-09/2018-09-15/DSC05881.ARW,/Volumes/dataLib/Pictures/Images/2018/2018-09/2018-09-15,DSC05881.ARW,DSC05881,ARW,RAW,AE2DD1E7-8845-4360-AF1C-BEBA1F674E61,c063,c063,c063,,gray,0,,558747453,,,FE 50mm F1.4 ZA,400,50 mm,ƒ / 2.5,1/250 sec,5304 x 7952,,DA,,,,,,,,,2018-09-15,2026-05-14T09:48:33
/Volumes/dataLib/Pictures/Images/2018/2018-09/2018-09-15/DSC05942.ARW,/Volumes/dataLib/Pictures/Images/2018/2018-09/2018-09-15,DSC05942.ARW,DSC05942,ARW,RAW,AAE2EFD2-3E5F-49FA-9EF1-17FFB9A43A9C,c064,c064,c064,,gray,0,,558747831,,,FE 50mm F1.4 ZA,400,50 mm,ƒ / 2.5,1/250 sec,5304 x 7952,,DA,,,,,,,,,2018-09-15,2026-05-14T09:48:33
/Volumes/dataLib/Pictures/Images/2018/2018-09/2018-09-15/DSC05955.ARW,/Volumes/dataLib/Pictures/Images/2018/2018-09/2018-09-15,DSC05955.ARW,DSC05955,ARW,RAW,E0CF4EAA-15AB-4849-89FA-FDAE94B86211,c064,c064,c064,,gray,0,,558747921,,,FE 50mm F1.4 ZA,400,50 mm,ƒ / 2.5,1/250 sec,5304 x 7952,,DA,,,,,,,,,2018-09-15,2026-05-14T09:48:33
/Volumes/dataLib/Pictures/Images/2018/2018-09/2018-09-15/DSC05958.ARW,/Volumes/dataLib/Pictures/Images/2018/2018-09/2018-09-15,DSC05958.ARW,DSC05958,ARW,RAW,D83D479F-9C24-46E2-AFF3-7A9CAA650E4D,c064,c064,c064,,gray,0,,558747997,,,FE 50mm F1.4 ZA,320,50 mm,ƒ / 2.5,1/250 sec,5304 x 7952,,DA,,,,,,,,,2018-09-15,2026-05-14T09:48:33
/Volumes/dataLib/Pictures/Images/2018/2018-09/2018-09-15/DSC06038.ARW,/Volumes/dataLib/Pictures/Images/2018/2018-09/2018-09-15,DSC06038.ARW,DSC06038,ARW,RAW,A21F3B1A-5589-4AB8-ABE4-95B635BB09AF,c065,c065,c065,,gray,0,,558748773,,,FE 50mm F1.4 ZA,1000,50 mm,ƒ / 2.5,1/250 sec,5304 x 7952,,DA,,,,,,,,,2018-09-15,2026-05-14T09:48:33
/Volumes/dataLib/Pictures/Images/2018/2018-09/2018-09-15/DSC06049.ARW,/Volumes/dataLib/Pictures/Images/2018/2018-09/2018-09-15,DSC06049.ARW,DSC06049,ARW,RAW,65A6882A-A528-4208-8F52-A1BC16A30631,c065,c065,c065,,gray,0,,558748824,,,FE 50mm F1.4 ZA,1000,50 mm,ƒ / 2.5,1/250 sec,5304 x 7952,,DA,,,,,,,,,2018-09-15,2026-05-14T09:48:33
/Volumes/dataLib/Pictures/Images/2018/2018-09/2018-09-15/DSC06119.ARW,/Volumes/dataLib/Pictures/Images/2018/2018-09/2018-09-15,DSC06119.ARW,DSC06119,ARW,RAW,DC1D488C-0FF6-44AA-A565-567399709B5B,c065,c065,c065,,gray,0,,558749106,,,FE 50mm F1.4 ZA,500,50 mm,ƒ / 1.6,1/250 sec,5304 x 7952,,DA,,,,,,,,,2018-09-15,2026-05-14T09:48:33
/Volumes/dataLib/Pictures/Images/2018/2018-09/2018-09-15/DSC06216.ARW,/Volumes/dataLib/Pictures/Images/2018/2018-09/2018-09-15,DSC06216.ARW,DSC06216,ARW,RAW,71F931A5-244F-4C12-9559-A1F0BC2BC515,c066,c066,c066,,gray,0,,558750619,,,FE 85mm F1.4 GM,1250,85 mm,ƒ / 1.8,1/250 sec,5304 x 7952,,DA,,,,,,,,,2018-09-15,2026-05-14T09:48:33
/Volumes/dataLib/Pictures/Images/2018/2018-09/2018-09-15/DSC06257.ARW,/Volumes/dataLib/Pictures/Images/2018/2018-09/2018-09-15,DSC06257.ARW,DSC06257,ARW,RAW,056CB3F8-E4DD-42AE-80F8-0F62D5947384,c066,c066,c066,,gray,0,,558750893,,,FE 50mm F1.4 ZA,800,50 mm,ƒ / 1.8,1/250 sec,5304 x 7952,,DA,,,,,,,,,2018-09-15,2026-05-14T09:48:33
/Volumes/dataLib/Pictures/Images/2018/2018-09/2018-09-15/DSC06262.ARW,/Volumes/dataLib/Pictures/Images/2018/2018-09/2018-09-15,DSC06262.ARW,DSC06262,ARW,RAW,A653D810-11A0-418A-B939-E6F7ED929AD6,c066,c066,c066,,gray,0,,558750903,,,FE 50mm F1.4 ZA,1000,50 mm,ƒ / 1.8,1/250 sec,5304 x 7952,,DA,,,,,,,,,2018-09-15,2026-05-14T09:48:33
/Volumes/dataLib/Pictures/Images/2018/2018-09/2018-09-21/DSC06511.ARW,/Volumes/dataLib/Pictures/Images/2018/2018-09/2018-09-21,DSC06511.ARW,DSC06511,ARW,RAW,C75BB727-9CFE-427A-AF62-0D499552F03A,c067,c067,c067,,gray,0,,559247083,,,FE 50mm F1.4 ZA,100,50 mm,ƒ / 2.2,1/5000 sec,7952 x 5304,,AB,,,,,,,,,2018-09-21,2026-05-14T09:48:33
/Volumes/dataLib/Pictures/Images/2018/2018-09/2018-09-21/DSC06567.ARW,/Volumes/dataLib/Pictures/Images/2018/2018-09/2018-09-21,DSC06567.ARW,DSC06567,ARW,RAW,19328038-428F-478F-9BD7-73B46F7CEC01,c067,c067,c067,,gray,0,,559247974,,,FE 50mm F1.4 ZA,100,50 mm,ƒ / 2.2,1/3200 sec,7952 x 5304,,AB,,,,,,,,,2018-09-21,2026-05-14T09:48:33
/Volumes/dataLib/Pictures/Images/2018/2018-09/2018-09-21/DSC06661.ARW,/Volumes/dataLib/Pictures/Images/2018/2018-09/2018-09-21,DSC06661.ARW,DSC06661,ARW,RAW,4D50FE6B-8DFF-4C23-9EC7-B62812CC2026,c067,c067,c067,,gray,0,,559248661,,,FE 50mm F1.4 ZA,100,50 mm,ƒ / 2.2,1/3200 sec,7952 x 5304,,AB,,,,,,,,,2018-09-21,2026-05-14T09:48:33
/Volumes/dataLib/Pictures/Images/2018/2018-09/2018-09-21/DSC06767.ARW,/Volumes/dataLib/Pictures/Images/2018/2018-09/2018-09-21,DSC06767.ARW,DSC06767,ARW,RAW,5C166613-B4F7-4EBC-A7AD-52EC7F63E120,c068,c068,c068,,gray,0,,559256934,,,FE 50mm F1.4 ZA,100,50 mm,ƒ / 2.2,1/500 sec,5304 x 7952,,DA,,,,,,,,,2018-09-21,2026-05-14T09:48:33
/Volumes/dataLib/Pictures/Images/2018/2018-09/2018-09-21/DSC06843.ARW,/Volumes/dataLib/Pictures/Images/2018/2018-09/2018-09-21,DSC06843.ARW,DSC06843,ARW,RAW,DA2DABED-9A21-4A92-B5E0-E55A9CC9BCD7,c068,c068,c068,,gray,0,,559257806,,,FE 35mm F1.4 ZA,100,35 mm,ƒ / 2.2,1/400 sec,5304 x 7952,,DA,,,,,,,,,2018-09-21,2026-05-14T09:48:33
/Volumes/dataLib/Pictures/Images/2018/2018-09/2018-09-21/DSC06853.ARW,/Volumes/dataLib/Pictures/Images/2018/2018-09/2018-09-21,DSC06853.ARW,DSC06853,ARW,RAW,B695842D-3191-46D2-9CC9-E9E0F8ACCEB8,c068,c068,c068,,gray,0,,559257866,,,FE 35mm F1.4 ZA,100,35 mm,ƒ / 2.2,1/400 sec,5304 x 7952,,DA,,,,,,,,,2018-09-21,2026-05-14T09:48:33
/Volumes/dataLib/Pictures/Images/2018/2018-09/2018-09-27/DSC07679.ARW,/Volumes/dataLib/Pictures/Images/2018/2018-09/2018-09-27,DSC07679.ARW,DSC07679,ARW,RAW,4A902C5B-D5ED-4737-8C62-83AA65F8ED05,c069,c069,c069,,gray,0,,559784152,,,FE 50mm F1.4 ZA,100,50 mm,ƒ / 2.0,1/400 sec,5304 x 7952,,DA,,,,,,,,,2018-09-27,2026-05-14T09:48:33
/Volumes/dataLib/Pictures/Images/2018/2018-09/2018-09-27/DSC07680.ARW,/Volumes/dataLib/Pictures/Images/2018/2018-09/2018-09-27,DSC07680.ARW,DSC07680,ARW,RAW,29230F8A-00F9-4B73-AC18-F52DCC60E978,c069,c069,c069,,gray,0,,559784166,,,FE 50mm F1.4 ZA,100,50 mm,ƒ / 2.0,1/400 sec,5304 x 7952,,DA,,,,,,,,,2018-09-27,2026-05-14T09:48:33
/Volumes/dataLib/Pictures/Images/2018/2018-09/2018-09-27/DSC07690.ARW,/Volumes/dataLib/Pictures/Images/2018/2018-09/2018-09-27,DSC07690.ARW,DSC07690,ARW,RAW,22D3B0F6-8F2A-44C8-BC1F-D84CBAC99447,c069,c069,c069,,gray,0,,559784235,,,FE 50mm F1.4 ZA,100,50 mm,ƒ / 2.0,1/400 sec,5304 x 7952,,DA,,,,,,,,,2018-09-27,2026-05-14T09:48:33
/Volumes/dataLib/Pictures/Images/2018/2018-09/2018-09-27/DSC07739.ARW,/Volumes/dataLib/Pictures/Images/2018/2018-09/2018-09-27,DSC07739.ARW,DSC07739,ARW,RAW,7ACA4A60-B3D5-40F7-B8A9-EDDFA54638F0,c070,c070,c070,,gray,0,,559784768,,,FE 50mm F1.4 ZA,100,50 mm,ƒ / 2.0,1/250 sec,5304 x 7952,,DA,,,,,,,,,2018-09-27,2026-05-14T09:48:33
/Volumes/dataLib/Pictures/Images/2018/2018-09/2018-09-27/DSC07749.ARW,/Volumes/dataLib/Pictures/Images/2018/2018-09/2018-09-27,DSC07749.ARW,DSC07749,ARW,RAW,F2DB2747-BD38-4647-8768-55AF8EB29FC3,c070,c070,c070,,gray,0,,559784872,,,FE 50mm F1.4 ZA,100,50 mm,ƒ / 2.0,1/250 sec,5304 x 7952,,DA,,,,,,,,,2018-09-27,2026-05-14T09:48:33
/Volumes/dataLib/Pictures/Images/2018/2018-09/2018-09-27/DSC07815.ARW,/Volumes/dataLib/Pictures/Images/2018/2018-09/2018-09-27,DSC07815.ARW,DSC07815,ARW,RAW,B643A363-8999-4BA2-B9A7-8E4369807491,c070,c070,c070,,gray,0,,559785384,,,FE 50mm F1.4 ZA,100,50 mm,ƒ / 2.0,1/320 sec,5304 x 7952,,DA,,,,,,,,,2018-09-27,2026-05-14T09:48:33
/Volumes/dataLib/Pictures/Images/2018/2018-09/2018-09-27/DSC07868.ARW,/Volumes/dataLib/Pictures/Images/2018/2018-09/2018-09-27,DSC07868.ARW,DSC07868,ARW,RAW,59492E4A-757B-4F9E-A8D3-E5CC288FBD88,c071,c071,c071,,gray,0,,559785796,,,FE 50mm F1.4 ZA,100,50 mm,ƒ / 2.0,1/250 sec,5304 x 7952,,DA,,,,,,,,,2018-09-27,2026-05-14T09:48:33
/Volumes/dataLib/Pictures/Images/2018/2018-09/2018-09-27/DSC07869.ARW,/Volumes/dataLib/Pictures/Images/2018/2018-09/2018-09-27,DSC07869.ARW,DSC07869,ARW,RAW,E1CAAC3D-3617-48B3-9611-2D62D37E85FC,c071,c071,c071,,gray,0,,559785833,,,FE 50mm F1.4 ZA,100,50 mm,ƒ / 2.0,1/250 sec,5304 x 7952,,DA,,,,,,,,,2018-09-27,2026-05-14T09:48:33
/Volumes/dataLib/Pictures/Images/2018/2018-09/2018-09-27/DSC07877.ARW,/Volumes/dataLib/Pictures/Images/2018/2018-09/2018-09-27,DSC07877.ARW,DSC07877,ARW,RAW,2EA0AD28-99AA-49A4-AF27-3904B8F3548E,c071,c071,c071,,gray,0,,559785855,,,FE 50mm F1.4 ZA,100,50 mm,ƒ / 2.0,1/250 sec,5304 x 7952,,DA,,,,,,,,,2018-09-27,2026-05-14T09:48:33
/Volumes/dataLib/Pictures/Images/2018/2018-09/2018-09-27/DSC07902.ARW,/Volumes/dataLib/Pictures/Images/2018/2018-09/2018-09-27,DSC07902.ARW,DSC07902,ARW,RAW,177E15D5-2BCA-4207-AA4B-C84575B9BD4B,c072,c072,c072,,gray,0,,559786374,,,FE 35mm F1.4 ZA,500,35 mm,ƒ / 2.0,1/250 sec,5304 x 7952,,DA,,,,,,,,,2018-09-27,2026-05-14T09:48:33
/Volumes/dataLib/Pictures/Images/2018/2018-09/2018-09-27/DSC07920.ARW,/Volumes/dataLib/Pictures/Images/2018/2018-09/2018-09-27,DSC07920.ARW,DSC07920,ARW,RAW,E57367DD-38DC-4902-911C-EA4B8771D441,c072,c072,c072,,gray,0,,559786461,,,FE 35mm F1.4 ZA,500,35 mm,ƒ / 2.0,1/250 sec,5304 x 7952,,DA,,,,,,,,,2018-09-27,2026-05-14T09:48:33
/Volumes/dataLib/Pictures/Images/2018/2018-09/2018-09-27/DSC07931.ARW,/Volumes/dataLib/Pictures/Images/2018/2018-09/2018-09-27,DSC07931.ARW,DSC07931,ARW,RAW,1F16A402-2C87-46FE-B5E9-15E589C39095,c072,c072,c072,,gray,0,,559786503,,,FE 35mm F1.4 ZA,500,35 mm,ƒ / 2.0,1/250 sec,5304 x 7952,,DA,,,,,,,,,2018-09-27,2026-05-14T09:48:33
/Volumes/dataLib/Pictures/Images/2018/2018-09/2018-09-27/DSC07967.ARW,/Volumes/dataLib/Pictures/Images/2018/2018-09/2018-09-27,DSC07967.ARW,DSC07967,ARW,RAW,302D83E8-6912-460B-9D80-A21C6018801D,c073,c073,c073,,gray,0,,559786999,,,FE 50mm F1.4 ZA,400,50 mm,ƒ / 2.2,1/250 sec,5304 x 7952,,DA,,,,,,,,,2018-09-27,2026-05-14T09:48:33
/Volumes/dataLib/Pictures/Images/2018/2018-09/2018-09-27/DSC08072.ARW,/Volumes/dataLib/Pictures/Images/2018/2018-09/2018-09-27,DSC08072.ARW,DSC08072,ARW,RAW,57C9E950-283C-4D86-9F3F-8DED83935E7F,c073,c073,c073,,gray,0,,559787189,,,FE 50mm F1.4 ZA,320,50 mm,ƒ / 2.2,1/250 sec,5304 x 7952,,DA,,,,,,,,,2018-09-27,2026-05-14T09:48:33
/Volumes/dataLib/Pictures/Images/2018/2018-09/2018-09-27/DSC08119.ARW,/Volumes/dataLib/Pictures/Images/2018/2018-09/2018-09-27,DSC08119.ARW,DSC08119,ARW,RAW,5C27FB5F-02FA-446B-8E80-4DA25F3C3F7C,c073,c073,c073,,gray,0,,559787475,,,FE 50mm F1.4 ZA,250,50 mm,ƒ / 2.2,1/250 sec,5304 x 7952,,DA,,,,,,,,,2018-09-27,2026-05-14T09:48:33
/Volumes/dataLib/Pictures/Images/2018/2018-10/2018-10-28/DSC00379.ARW,/Volumes/dataLib/Pictures/Images/2018/2018-10/2018-10-28,DSC00379.ARW,DSC00379,ARW,RAW,8D4202A4-0225-4F6B-915B-436D2D3AB0B1,c074,c074,c074,,gray,0,,562459878,,,24mm F1.4 DG HSM | Art 018,250,24 mm,ƒ / 2.5,1/250 sec,5304 x 7952,,DA,,,,,,,,,2018-10-28,2026-05-14T09:48:33
/Volumes/dataLib/Pictures/Images/2018/2018-10/2018-10-28/DSC00430.ARW,/Volumes/dataLib/Pictures/Images/2018/2018-10/2018-10-28,DSC00430.ARW,DSC00430,ARW,RAW,FC2A43BA-1156-4581-8163-77A9EF2C1293,c074,c074,c074,,gray,0,,562460084,,,24mm F1.4 DG HSM | Art 018,125,24 mm,ƒ / 2.5,1/250 sec,5304 x 7952,,DA,,,,,,,,,2018-10-28,2026-05-14T09:48:33
/Volumes/dataLib/Pictures/Images/2018/2018-10/2018-10-28/DSC00433.ARW,/Volumes/dataLib/Pictures/Images/2018/2018-10/2018-10-28,DSC00433.ARW,DSC00433,ARW,RAW,6028A53B-3F18-41F7-B5DF-81243E6FC978,c074,c074,c074,,gray,0,,562460087,,,24mm F1.4 DG HSM | Art 018,125,24 mm,ƒ / 2.5,1/250 sec,5304 x 7952,,DA,,,,,,,,,2018-10-28,2026-05-14T09:48:33
/Volumes/dataLib/Pictures/Images/2018/2018-10/2018-10-28/DSC00650.ARW,/Volumes/dataLib/Pictures/Images/2018/2018-10/2018-10-28,DSC00650.ARW,DSC00650,ARW,RAW,6F28D7AE-E740-4C9C-9617-B73BAE92CD68,c075,c075,c075,,gray,0,,562461179,,,24mm F1.4 DG HSM | Art 018,100,24 mm,ƒ / 2.0,1/250 sec,5304 x 7952,,DA,,,,,,,,,2018-10-28,2026-05-14T09:48:33
/Volumes/dataLib/Pictures/Images/2018/2018-10/2018-10-28/DSC00694.ARW,/Volumes/dataLib/Pictures/Images/2018/2018-10/2018-10-28,DSC00694.ARW,DSC00694,ARW,RAW,DBD99724-61CF-448F-BE9B-536677B3FFAB,c075,c075,c075,,gray,0,,562461215,,,24mm F1.4 DG HSM | Art 018,100,24 mm,ƒ / 2.0,1/250 sec,5304 x 7952,,DA,,,,,,,,,2018-10-28,2026-05-14T09:48:33
/Volumes/dataLib/Pictures/Images/2018/2018-10/2018-10-28/DSC00712.ARW,/Volumes/dataLib/Pictures/Images/2018/2018-10/2018-10-28,DSC00712.ARW,DSC00712,ARW,RAW,95C20110-4C90-4027-BCE0-B8F40CEDE55D,c075,c075,c075,,gray,0,,562461235,,,24mm F1.4 DG HSM | Art 018,100,24 mm,ƒ / 2.0,1/250 sec,5304 x 7952,,DA,,,,,,,,,2018-10-28,2026-05-14T09:48:33
/Volumes/dataLib/Pictures/Images/2018/2018-11/2018-11-06/DSC03067.ARW,/Volumes/dataLib/Pictures/Images/2018/2018-11/2018-11-06,DSC03067.ARW,DSC03067,ARW,RAW,E9C2C4A0-26A8-4DDF-9C82-FCD09282BDA2,c076,c076,c076,,gray,0,,563238736,,,FE 50mm F1.4 ZA,320,50 mm,ƒ / 2.0,1/250 sec,5304 x 7952,,DA,,,,,,,,,2018-11-06,2026-05-14T09:48:33
/Volumes/dataLib/Pictures/Images/2018/2018-11/2018-11-06/DSC03073.ARW,/Volumes/dataLib/Pictures/Images/2018/2018-11/2018-11-06,DSC03073.ARW,DSC03073,ARW,RAW,CC254973-97B1-43EB-91B5-A952355D10E8,c076,c076,c076,,gray,0,,563238745,,,FE 50mm F1.4 ZA,250,50 mm,ƒ / 2.0,1/250 sec,5304 x 7952,,DA,,,,,,,,,2018-11-06,2026-05-14T09:48:33
/Volumes/dataLib/Pictures/Images/2018/2018-11/2018-11-06/DSC03088.ARW,/Volumes/dataLib/Pictures/Images/2018/2018-11/2018-11-06,DSC03088.ARW,DSC03088,ARW,RAW,A8702B39-BA00-4D57-B581-9CD5E4F7E85F,c076,c076,c076,,gray,0,,563238789,,,FE 50mm F1.4 ZA,320,50 mm,ƒ / 2.2,1/250 sec,5304 x 7952,,DA,,,,,,,,,2018-11-06,2026-05-14T09:48:33
/Volumes/dataLib/Pictures/Images/2018/2018-11/2018-11-06/DSC03109.ARW,/Volumes/dataLib/Pictures/Images/2018/2018-11/2018-11-06,DSC03109.ARW,DSC03109,ARW,RAW,777D4F91-75F3-4C4F-B8A6-4FBB45A00B65,c077,c077,c077,,gray,0,,563238933,,,FE 50mm F1.4 ZA,320,50 mm,ƒ / 2.2,1/250 sec,5304 x 7952,,DA,,,,,,,,,2018-11-06,2026-05-14T09:48:33
/Volumes/dataLib/Pictures/Images/2018/2018-11/2018-11-06/DSC03111.ARW,/Volumes/dataLib/Pictures/Images/2018/2018-11/2018-11-06,DSC03111.ARW,DSC03111,ARW,RAW,77DC4181-0927-46FC-B155-1440A0682959,c077,c077,c077,,gray,0,,563238936,,,FE 50mm F1.4 ZA,320,50 mm,ƒ / 2.2,1/250 sec,5304 x 7952,,DA,,,,,,,,,2018-11-06,2026-05-14T09:48:33
/Volumes/dataLib/Pictures/Images/2018/2018-11/2018-11-06/DSC03112.ARW,/Volumes/dataLib/Pictures/Images/2018/2018-11/2018-11-06,DSC03112.ARW,DSC03112,ARW,RAW,F6950BC0-80B6-47F7-8173-29BC3D934523,c077,c077,c077,,gray,0,,563238936,,,FE 50mm F1.4 ZA,320,50 mm,ƒ / 2.2,1/250 sec,5304 x 7952,,DA,,,,,,,,,2018-11-06,2026-05-14T09:48:33
/Volumes/dataLib/Pictures/Images/2018/2018-11/2018-11-06/DSC03142.ARW,/Volumes/dataLib/Pictures/Images/2018/2018-11/2018-11-06,DSC03142.ARW,DSC03142,ARW,RAW,C131F241-FF6F-45EF-96A5-00A5DD06FAFE,c078,c078,c078,,gray,0,,563239034,,,FE 50mm F1.4 ZA,320,50 mm,ƒ / 2.2,1/250 sec,5304 x 7952,,DA,,,,,,,,,2018-11-06,2026-05-14T09:48:33
/Volumes/dataLib/Pictures/Images/2018/2018-11/2018-11-06/DSC03144.ARW,/Volumes/dataLib/Pictures/Images/2018/2018-11/2018-11-06,DSC03144.ARW,DSC03144,ARW,RAW,BB68F8EE-3359-49E6-B0C6-6A119B086E53,c078,c078,c078,,gray,0,,563239037,,,FE 50mm F1.4 ZA,320,50 mm,ƒ / 2.2,1/250 sec,5304 x 7952,,DA,,,,,,,,,2018-11-06,2026-05-14T09:48:33
/Volumes/dataLib/Pictures/Images/2018/2018-11/2018-11-06/DSC03154.ARW,/Volumes/dataLib/Pictures/Images/2018/2018-11/2018-11-06,DSC03154.ARW,DSC03154,ARW,RAW,98618D69-8BF9-42E1-A4B5-A19E7BA5359F,c078,c078,c078,,gray,0,,563239056,,,FE 50mm F1.4 ZA,320,50 mm,ƒ / 2.2,1/250 sec,5304 x 7952,,DA,,,,,,,,,2018-11-06,2026-05-14T09:48:33
/Volumes/dataLib/Pictures/Images/2018/2018-11/2018-11-06/DSC03310.ARW,/Volumes/dataLib/Pictures/Images/2018/2018-11/2018-11-06,DSC03310.ARW,DSC03310,ARW,RAW,84098E69-8763-4B63-B512-9041BC1B3847,c079,c079,c079,,gray,0,,563239968,,,FE 50mm F1.4 ZA,200,50 mm,ƒ / 2.2,1/250 sec,5304 x 7952,,DA,,,,,,,,,2018-11-06,2026-05-14T09:48:33
/Volumes/dataLib/Pictures/Images/2018/2018-11/2018-11-06/DSC03318.ARW,/Volumes/dataLib/Pictures/Images/2018/2018-11/2018-11-06,DSC03318.ARW,DSC03318,ARW,RAW,66C6CECA-2232-4B9E-91C5-757B2A11692A,c079,c079,c079,,gray,0,,563239973,,,FE 50mm F1.4 ZA,200,50 mm,ƒ / 2.2,1/250 sec,5304 x 7952,,DA,,,,,,,,,2018-11-06,2026-05-14T09:48:33
/Volumes/dataLib/Pictures/Images/2018/2018-11/2018-11-06/DSC03360.ARW,/Volumes/dataLib/Pictures/Images/2018/2018-11/2018-11-06,DSC03360.ARW,DSC03360,ARW,RAW,860557F7-D931-4E0E-B3C9-C9F05E8D9790,c079,c079,c079,,gray,0,,563240010,,,FE 50mm F1.4 ZA,200,50 mm,ƒ / 2.2,1/250 sec,5304 x 7952,,DA,,,,,,,,,2018-11-06,2026-05-14T09:48:33
/Volumes/dataLib/Pictures/Images/2018/2018-11/2018-11-06/DSC03407.ARW,/Volumes/dataLib/Pictures/Images/2018/2018-11/2018-11-06,DSC03407.ARW,DSC03407,ARW,RAW,F4146585-6D50-4367-BFE0-3A1828983DC6,c080,c080,c080,,gray,0,,563242135,,,FE 50mm F1.4 ZA,100,50 mm,ƒ / 2.2,1/320 sec,5304 x 7952,,DA,,,,,,,,,2018-11-06,2026-05-14T09:48:33
/Volumes/dataLib/Pictures/Images/2018/2018-11/2018-11-06/DSC03419.ARW,/Volumes/dataLib/Pictures/Images/2018/2018-11/2018-11-06,DSC03419.ARW,DSC03419,ARW,RAW,F06CFF4D-AD93-4043-BA9D-4A4F7F94C5FD,c080,c080,c080,,gray,0,,563242146,,,FE 50mm F1.4 ZA,100,50 mm,ƒ / 2.2,1/320 sec,5304 x 7952,,DA,,,,,,,,,2018-11-06,2026-05-14T09:48:33
/Volumes/dataLib/Pictures/Images/2018/2018-11/2018-11-06/DSC03426.ARW,/Volumes/dataLib/Pictures/Images/2018/2018-11/2018-11-06,DSC03426.ARW,DSC03426,ARW,RAW,698B5E8A-3794-49CD-BEBD-F9D4A130AB12,c080,c080,c080,,gray,0,,563242163,,,FE 50mm F1.4 ZA,100,50 mm,ƒ / 2.2,1/250 sec,5304 x 7952,,DA,,,,,,,,,2018-11-06,2026-05-14T09:48:33
/Volumes/dataLib/Pictures/Images/2018/2018-11/2018-11-06/DSC03535.ARW,/Volumes/dataLib/Pictures/Images/2018/2018-11/2018-11-06,DSC03535.ARW,DSC03535,ARW,RAW,06D183E5-D67E-4AFA-8644-BE89775C9BD4,c081,c081,c081,,gray,0,,563242450,,,FE 50mm F1.4 ZA,100,50 mm,ƒ / 2.2,1/400 sec,5304 x 7952,,DA,,,,,,,,,2018-11-06,2026-05-14T09:48:33
/Volumes/dataLib/Pictures/Images/2018/2018-11/2018-11-06/DSC03601.ARW,/Volumes/dataLib/Pictures/Images/2018/2018-11/2018-11-06,DSC03601.ARW,DSC03601,ARW,RAW,4C19921B-9625-46F0-8190-CAADC3629DE0,c081,c081,c081,,gray,0,,563242909,,,FE 50mm F1.4 ZA,200,50 mm,ƒ / 2.2,1/250 sec,5304 x 7952,,DA,,,,,,,,,2018-11-06,2026-05-14T09:48:33
/Volumes/dataLib/Pictures/Images/2018/2018-11/2018-11-06/DSC03624.ARW,/Volumes/dataLib/Pictures/Images/2018/2018-11/2018-11-06,DSC03624.ARW,DSC03624,ARW,RAW,387D60F6-1815-4B32-A601-9C9E5C7B6925,c081,c081,c081,,gray,0,,563242930,,,FE 50mm F1.4 ZA,200,50 mm,ƒ / 2.2,1/250 sec,5304 x 7952,,DA,,,,,,,,,2018-11-06,2026-05-14T09:48:33
/Volumes/dataLib/Pictures/Images/2018/2018-11/2018-11-06/DSC03677.ARW,/Volumes/dataLib/Pictures/Images/2018/2018-11/2018-11-06,DSC03677.ARW,DSC03677,ARW,RAW,CD5DBBB5-68BA-4C74-ABFF-CC65932FF7D6,c082,c082,c082,,gray,0,,563243672,,,FE 50mm F1.4 ZA,100,50 mm,ƒ / 2.2,1/320 sec,5304 x 7952,,DA,,,,,,,,,2018-11-06,2026-05-14T09:48:33
/Volumes/dataLib/Pictures/Images/2018/2018-11/2018-11-06/DSC03688.ARW,/Volumes/dataLib/Pictures/Images/2018/2018-11/2018-11-06,DSC03688.ARW,DSC03688,ARW,RAW,3CE73843-A919-42A8-BFF8-12AF740D4F8B,c082,c082,c082,,gray,0,,563243692,,,FE 50mm F1.4 ZA,100,50 mm,ƒ / 2.2,1/320 sec,5304 x 7952,,DA,,,,,,,,,2018-11-06,2026-05-14T09:48:33
/Volumes/dataLib/Pictures/Images/2018/2018-11/2018-11-06/DSC03750.ARW,/Volumes/dataLib/Pictures/Images/2018/2018-11/2018-11-06,DSC03750.ARW,DSC03750,ARW,RAW,951EC244-1DB3-498B-92C1-D546B0653A1E,c082,c082,c082,,gray,0,,563243745,,,FE 50mm F1.4 ZA,100,50 mm,ƒ / 2.2,1/320 sec,5304 x 7952,,DA,,,,,,,,,2018-11-06,2026-05-14T09:48:33
/Volumes/dataLib/Pictures/Images/2018/2018-11/2018-11-06/DSC03851.ARW,/Volumes/dataLib/Pictures/Images/2018/2018-11/2018-11-06,DSC03851.ARW,DSC03851,ARW,RAW,89864DE7-36AC-4760-8E59-C20F66F89E9C,c083,c083,c083,,gray,0,,563244770,,,FE 85mm F1.4 GM,100,85 mm,ƒ / 2.2,1/250 sec,5304 x 7952,,DA,,,,,,,,,2018-11-06,2026-05-14T09:48:33
/Volumes/dataLib/Pictures/Images/2018/2018-11/2018-11-06/DSC03859.ARW,/Volumes/dataLib/Pictures/Images/2018/2018-11/2018-11-06,DSC03859.ARW,DSC03859,ARW,RAW,7F57FB90-FE7A-49C0-BBB4-0BE43A7D443D,c083,c083,c083,,gray,0,,563244783,,,FE 85mm F1.4 GM,100,85 mm,ƒ / 2.2,1/250 sec,5304 x 7952,,DA,,,,,,,,,2018-11-06,2026-05-14T09:48:33
/Volumes/dataLib/Pictures/Images/2018/2018-11/2018-11-06/DSC03906.ARW,/Volumes/dataLib/Pictures/Images/2018/2018-11/2018-11-06,DSC03906.ARW,DSC03906,ARW,RAW,4DA914AD-48BD-4CBE-9556-B3FEEFD89CCB,c083,c083,c083,,gray,0,,563244839,,,FE 85mm F1.4 GM,160,85 mm,ƒ / 2.2,1/250 sec,5304 x 7952,,DA,,,,,,,,,2018-11-06,2026-05-14T09:48:33
/Volumes/dataLib/Pictures/Images/2018/2018-11/2018-11-07/DSC04023.ARW,/Volumes/dataLib/Pictures/Images/2018/2018-11/2018-11-07,DSC04023.ARW,DSC04023,ARW,RAW,93B49E73-FD48-4B0F-8A44-1D728105C424,c084,c084,c084,,gray,0,,563325381,,,FE 50mm F1.4 ZA,100,50 mm,ƒ / 2.2,1/250 sec,5304 x 7952,,DA,,,,,,,,,2018-11-07,2026-05-14T09:48:33
/Volumes/dataLib/Pictures/Images/2018/2018-11/2018-11-07/DSC04119.ARW,/Volumes/dataLib/Pictures/Images/2018/2018-11/2018-11-07,DSC04119.ARW,DSC04119,ARW,RAW,65705CCA-9ED6-4AFE-BAF3-0E83E2EC15D1,c084,c084,c084,,gray,0,,563325755,,,FE 50mm F1.4 ZA,100,50 mm,ƒ / 2.2,1/250 sec,5304 x 7952,,DA,,,,,,,,,2018-11-07,2026-05-14T09:48:33
/Volumes/dataLib/Pictures/Images/2018/2018-11/2018-11-07/DSC04146.ARW,/Volumes/dataLib/Pictures/Images/2018/2018-11/2018-11-07,DSC04146.ARW,DSC04146,ARW,RAW,7E92A5C1-EE2A-4138-AF67-C8D5095C0257,c084,c084,c084,,gray,0,,563325813,,,FE 50mm F1.4 ZA,100,50 mm,ƒ / 2.2,1/250 sec,5304 x 7952,,DA,,,,,,,,,2018-11-07,2026-05-14T09:48:33
/Volumes/dataLib/Pictures/Images/2018/2018-11/2018-11-07/DSC04189.ARW,/Volumes/dataLib/Pictures/Images/2018/2018-11/2018-11-07,DSC04189.ARW,DSC04189,ARW,RAW,89CC536A-7CF3-4780-83B9-063ED18BBF6A,c085,c085,c085,,gray,0,,563330492,,,FE 50mm F1.4 ZA,100,50 mm,ƒ / 2.2,1/400 sec,5304 x 7952,,DA,,,,,,,,,2018-11-07,2026-05-14T09:48:33
/Volumes/dataLib/Pictures/Images/2018/2018-11/2018-11-07/DSC04198.ARW,/Volumes/dataLib/Pictures/Images/2018/2018-11/2018-11-07,DSC04198.ARW,DSC04198,ARW,RAW,5C2087D8-B015-4A11-960E-F9EE521F542F,c085,c085,c085,,gray,0,,563330511,,,FE 50mm F1.4 ZA,100,50 mm,ƒ / 2.2,1/320 sec,5304 x 7952,,DA,,,,,,,,,2018-11-07,2026-05-14T09:48:33
/Volumes/dataLib/Pictures/Images/2018/2018-11/2018-11-07/DSC04211.ARW,/Volumes/dataLib/Pictures/Images/2018/2018-11/2018-11-07,DSC04211.ARW,DSC04211,ARW,RAW,5BA3C9A5-1ADF-485F-A702-BF10EF69803B,c085,c085,c085,,gray,0,,563330574,,,FE 50mm F1.4 ZA,100,50 mm,ƒ / 2.2,1/250 sec,5304 x 7952,,DA,,,,,,,,,2018-11-07,2026-05-14T09:48:33
/Volumes/dataLib/Pictures/Images/2018/2018-11/2018-11-10/DSC04323.ARW,/Volumes/dataLib/Pictures/Images/2018/2018-11/2018-11-10,DSC04323.ARW,DSC04323,ARW,RAW,4BD3C638-6FFB-4DE5-8BF1-50733E8B5269,c086,c086,c086,,gray,0,,563571427,,,FE 50mm F1.4 ZA,320,50 mm,ƒ / 2.2,1/250 sec,5304 x 7952,,DA,,,,,,,,,2018-11-10,2026-05-14T09:48:33
/Volumes/dataLib/Pictures/Images/2018/2018-11/2018-11-10/DSC04328.ARW,/Volumes/dataLib/Pictures/Images/2018/2018-11/2018-11-10,DSC04328.ARW,DSC04328,ARW,RAW,174FCF0B-FF3D-44B6-884D-D212AA9B6337,c086,c086,c086,,gray,0,,563571456,,,FE 50mm F1.4 ZA,250,50 mm,ƒ / 2.2,1/250 sec,5304 x 7952,,DA,,,,,,,,,2018-11-10,2026-05-14T09:48:33
/Volumes/dataLib/Pictures/Images/2018/2018-11/2018-11-10/DSC04333.ARW,/Volumes/dataLib/Pictures/Images/2018/2018-11/2018-11-10,DSC04333.ARW,DSC04333,ARW,RAW,8CD385E6-DD1B-4906-A660-FCE42151158E,c086,c086,c086,,gray,0,,563571469,,,FE 50mm F1.4 ZA,250,50 mm,ƒ / 2.2,1/250 sec,5304 x 7952,,DA,,,,,,,,,2018-11-10,2026-05-14T09:48:33
/Volumes/dataLib/Pictures/Images/2018/2018-11/2018-11-10/DSC04391.ARW,/Volumes/dataLib/Pictures/Images/2018/2018-11/2018-11-10,DSC04391.ARW,DSC04391,ARW,RAW,3B5D44FF-3AA4-456B-B1A9-D1D50C99E43D,c087,c087,c087,,gray,0,,563572086,,,FE 50mm F1.4 ZA,250,50 mm,ƒ / 2.2,1/250 sec,5304 x 7952,,DA,,,,,,,,,2018-11-10,2026-05-14T09:48:33
/Volumes/dataLib/Pictures/Images/2018/2018-11/2018-11-10/DSC04395.ARW,/Volumes/dataLib/Pictures/Images/2018/2018-11/2018-11-10,DSC04395.ARW,DSC04395,ARW,RAW,215DBE50-AAF0-4A7B-A416-FEF60E733805,c087,c087,c087,,gray,0,,563572138,,,FE 50mm F1.4 ZA,160,50 mm,ƒ / 2.2,1/250 sec,5304 x 7952,,DA,,,,,,,,,2018-11-10,2026-05-14T09:48:33
/Volumes/dataLib/Pictures/Images/2018/2018-11/2018-11-10/DSC04396.ARW,/Volumes/dataLib/Pictures/Images/2018/2018-11/2018-11-10,DSC04396.ARW,DSC04396,ARW,RAW,12F4BDDA-A120-405E-9976-4C4CA8DD1B9D,c087,c087,c087,,gray,0,,563572141,,,FE 50mm F1.4 ZA,160,50 mm,ƒ / 2.2,1/250 sec,5304 x 7952,,DA,,,,,,,,,2018-11-10,2026-05-14T09:48:33
/Volumes/dataLib/Pictures/Images/2018/2018-11/2018-11-10/DSC04429.ARW,/Volumes/dataLib/Pictures/Images/2018/2018-11/2018-11-10,DSC04429.ARW,DSC04429,ARW,RAW,DF284FB5-9979-416D-85F0-399DF86FD387,c088,c088,c088,,gray,0,,563572487,,,FE 50mm F1.4 ZA,800,50 mm,ƒ / 2.2,1/250 sec,5304 x 7952,,DA,,,,,,,,,2018-11-10,2026-05-14T09:48:33
/Volumes/dataLib/Pictures/Images/2018/2018-11/2018-11-10/DSC04439.ARW,/Volumes/dataLib/Pictures/Images/2018/2018-11/2018-11-10,DSC04439.ARW,DSC04439,ARW,RAW,F18E15D1-EF4F-4A6E-ACF6-19FDE9A5A69F,c088,c088,c088,,gray,0,,563572647,,,FE 85mm F1.4 GM,500,85 mm,ƒ / 2.2,1/250 sec,5304 x 7952,,DA,,,,,,,,,2018-11-10,2026-05-14T09:48:33
/Volumes/dataLib/Pictures/Images/2018/2018-11/2018-11-10/DSC04451.ARW,/Volumes/dataLib/Pictures/Images/2018/2018-11/2018-11-10,DSC04451.ARW,DSC04451,ARW,RAW,823EC52F-B2D3-4B9C-BD9D-4D520759B153,c088,c088,c088,,gray,0,,563572685,,,FE 85mm F1.4 GM,500,85 mm,ƒ / 2.2,1/250 sec,5304 x 7952,,DA,,,,,,,,,2018-11-10,2026-05-14T09:48:33
/Volumes/dataLib/Pictures/Images/2018/2018-11/2018-11-10/DSC04458.ARW,/Volumes/dataLib/Pictures/Images/2018/2018-11/2018-11-10,DSC04458.ARW,DSC04458,ARW,RAW,26182F37-6F40-466F-93D2-3BF0860204A6,c089,c089,c089,,gray,0,,563572827,,,FE 85mm F1.4 GM,500,85 mm,ƒ / 2.2,1/250 sec,5304 x 7952,,DA,,,,,,,,,2018-11-10,2026-05-14T09:48:33
/Volumes/dataLib/Pictures/Images/2018/2018-11/2018-11-10/DSC04463.ARW,/Volumes/dataLib/Pictures/Images/2018/2018-11/2018-11-10,DSC04463.ARW,DSC04463,ARW,RAW,1ACBB69A-624C-48D8-A903-3B2A8228D858,c089,c089,c089,,gray,0,,563572880,,,FE 85mm F1.4 GM,400,85 mm,ƒ / 2.2,1/250 sec,5304 x 7952,,DA,,,,,,,,,2018-11-10,2026-05-14T09:48:33
/Volumes/dataLib/Pictures/Images/2018/2018-11/2018-11-10/DSC04464.ARW,/Volumes/dataLib/Pictures/Images/2018/2018-11/2018-11-10,DSC04464.ARW,DSC04464,ARW,RAW,A7DA0E08-971C-4227-A0A6-52C5F58B7E9F,c089,c089,c089,,gray,0,,563572883,,,FE 85mm F1.4 GM,400,85 mm,ƒ / 2.2,1/250 sec,5304 x 7952,,DA,,,,,,,,,2018-11-10,2026-05-14T09:48:33
/Volumes/dataLib/Pictures/Images/2018/2018-11/2018-11-10/DSC04507.ARW,/Volumes/dataLib/Pictures/Images/2018/2018-11/2018-11-10,DSC04507.ARW,DSC04507,ARW,RAW,563D898F-E36F-4456-9618-D8F890E0AF40,c090,c090,c090,,gray,0,,563573913,,,FE 85mm F1.4 GM,100,85 mm,ƒ / 2.2,1/400 sec,5304 x 7952,,DA,,,,,,,,,2018-11-10,2026-05-14T09:48:33
/Volumes/dataLib/Pictures/Images/2018/2018-11/2018-11-10/DSC04523.ARW,/Volumes/dataLib/Pictures/Images/2018/2018-11/2018-11-10,DSC04523.ARW,DSC04523,ARW,RAW,AD15AB7F-FBFE-40CC-9051-6B1E9D757D19,c090,c090,c090,,gray,0,,563574009,,,FE 85mm F1.4 GM,100,85 mm,ƒ / 2.2,1/400 sec,5304 x 7952,,DA,,,,,,,,,2018-11-10,2026-05-14T09:48:33
/Volumes/dataLib/Pictures/Images/2018/2018-11/2018-11-10/DSC04532.ARW,/Volumes/dataLib/Pictures/Images/2018/2018-11/2018-11-10,DSC04532.ARW,DSC04532,ARW,RAW,64881FFA-7A1F-4A32-A403-F1B7C023631D,c090,c090,c090,,gray,0,,563574056,,,FE 85mm F1.4 GM,100,85 mm,ƒ / 2.2,1/400 sec,5304 x 7952,,DA,,,,,,,,,2018-11-10,2026-05-14T09:48:33
/Volumes/dataLib/Pictures/Images/2018/2018-11/2018-11-10/DSC04561.ARW,/Volumes/dataLib/Pictures/Images/2018/2018-11/2018-11-10,DSC04561.ARW,DSC04561,ARW,RAW,9817F464-74DC-4A42-9762-CFDE8A3EFF3A,c091,c091,c091,,gray,0,,563574172,,,FE 85mm F1.4 GM,100,85 mm,ƒ / 2.2,1/500 sec,5304 x 7952,,DA,,,,,,,,,2018-11-10,2026-05-14T09:48:33
/Volumes/dataLib/Pictures/Images/2018/2018-11/2018-11-10/DSC04570.ARW,/Volumes/dataLib/Pictures/Images/2018/2018-11/2018-11-10,DSC04570.ARW,DSC04570,ARW,RAW,B13F5A2F-B5FF-40F4-823D-DB1B8D7D482D,c091,c091,c091,,gray,0,,563574187,,,FE 85mm F1.4 GM,100,85 mm,ƒ / 2.2,1/500 sec,5304 x 7952,,DA,,,,,,,,,2018-11-10,2026-05-14T09:48:33
/Volumes/dataLib/Pictures/Images/2018/2018-11/2018-11-10/DSC04574.ARW,/Volumes/dataLib/Pictures/Images/2018/2018-11/2018-11-10,DSC04574.ARW,DSC04574,ARW,RAW,C0490AAE-284F-468A-BBCC-E6C9E7C0A222,c091,c091,c091,,gray,0,,563574191,,,FE 85mm F1.4 GM,100,85 mm,ƒ / 2.2,1/500 sec,5304 x 7952,,DA,,,,,,,,,2018-11-10,2026-05-14T09:48:33
/Volumes/dataLib/Pictures/Images/2018/2018-11/2018-11-10/DSC04615.ARW,/Volumes/dataLib/Pictures/Images/2018/2018-11/2018-11-10,DSC04615.ARW,DSC04615,ARW,RAW,A3828DF2-DB68-4AC3-BC9A-B4183E8E9A96,c092,c092,c092,,gray,0,,563575044,,,FE 35mm F1.4 ZA,200,35 mm,ƒ / 2.2,1/250 sec,7952 x 5304,,AB,,,,,,,,,2018-11-10,2026-05-14T09:48:33
/Volumes/dataLib/Pictures/Images/2018/2018-11/2018-11-10/DSC04624.ARW,/Volumes/dataLib/Pictures/Images/2018/2018-11/2018-11-10,DSC04624.ARW,DSC04624,ARW,RAW,0D09B96A-1F0A-42A9-9E60-730897DBC2E9,c092,c092,c092,,gray,0,,563575132,,,FE 35mm F1.4 ZA,100,35 mm,ƒ / 2.2,1/320 sec,7952 x 5304,,AB,,,,,,,,,2018-11-10,2026-05-14T09:48:33
/Volumes/dataLib/Pictures/Images/2018/2018-11/2018-11-10/DSC04651.ARW,/Volumes/dataLib/Pictures/Images/2018/2018-11/2018-11-10,DSC04651.ARW,DSC04651,ARW,RAW,57A8FC1F-8EE3-479A-A0E4-6F5FB60023CC,c092,c092,c092,,gray,0,,563575393,,,FE 35mm F1.4 ZA,100,35 mm,ƒ / 1.4,1/1600 sec,7952 x 5304,,AB,,,,,,,,,2018-11-10,2026-05-14T09:48:33
/Volumes/dataLib/Pictures/Images/2018/2018-11/2018-11-10/DSC04790.ARW,/Volumes/dataLib/Pictures/Images/2018/2018-11/2018-11-10,DSC04790.ARW,DSC04790,ARW,RAW,2BF31C2D-49B2-4401-BA20-F5A696CD4EAF,c093,c093,c093,,gray,0,,563578769,,,FE 50mm F1.4 ZA,100,50 mm,ƒ / 2.2,1/1000 sec,5304 x 7952,,DA,,,,,,,,,2018-11-10,2026-05-14T09:48:33
/Volumes/dataLib/Pictures/Images/2018/2018-11/2018-11-10/DSC04800.ARW,/Volumes/dataLib/Pictures/Images/2018/2018-11/2018-11-10,DSC04800.ARW,DSC04800,ARW,RAW,9506CE7E-BEAC-478C-B0BF-2BABCD46B4F9,c093,c093,c093,,gray,0,,563578809,,,FE 50mm F1.4 ZA,100,50 mm,ƒ / 2.2,1/800 sec,5304 x 7952,,DA,,,,,,,,,2018-11-10,2026-05-14T09:48:33
/Volumes/dataLib/Pictures/Images/2018/2018-11/2018-11-10/DSC04824.ARW,/Volumes/dataLib/Pictures/Images/2018/2018-11/2018-11-10,DSC04824.ARW,DSC04824,ARW,RAW,F054F3D4-B2C7-4D1F-AA80-5E8AA6477628,c093,c093,c093,,gray,0,,563578888,,,FE 50mm F1.4 ZA,100,50 mm,ƒ / 2.2,1/800 sec,5304 x 7952,,DA,,,,,,,,,2018-11-10,2026-05-14T09:48:33
/Volumes/dataLib/Pictures/Images/2018/2018-11/2018-11-19/DSC05509.ARW,/Volumes/dataLib/Pictures/Images/2018/2018-11/2018-11-19,DSC05509.ARW,DSC05509,ARW,RAW,28D4DB89-8779-4BA6-A725-B3813D31087C,c094,c094,c094,,gray,0,,564364074,,,FE 50mm F1.4 ZA,250,50 mm,ƒ / 2.8,1/250 sec,5304 x 7952,,DA,,,,,,,,,2018-11-19,2026-05-14T09:48:33
/Volumes/dataLib/Pictures/Images/2018/2018-11/2018-11-19/DSC05638.ARW,/Volumes/dataLib/Pictures/Images/2018/2018-11/2018-11-19,DSC05638.ARW,DSC05638,ARW,RAW,853AEEC3-A1A9-4827-BDA2-8912F819DCF6,c094,c094,c094,,gray,0,,564364401,,,FE 50mm F1.4 ZA,320,50 mm,ƒ / 3.2,1/250 sec,5304 x 7952,,DA,,,,,,,,,2018-11-19,2026-05-14T09:48:33
/Volumes/dataLib/Pictures/Images/2018/2018-11/2018-11-19/DSC05755.ARW,/Volumes/dataLib/Pictures/Images/2018/2018-11/2018-11-19,DSC05755.ARW,DSC05755,ARW,RAW,0D68DBF4-29BE-4F28-9F80-B1ED53660890,c094,c094,c094,,gray,0,,564365270,,,FE 50mm F1.4 ZA,800,50 mm,ƒ / 3.2,1/250 sec,5304 x 7952,,DA,,,,,,,,,2018-11-19,2026-05-14T09:48:33
/Volumes/dataLib/Pictures/Images/2018/2018-11/2018-11-19/DSC05757.ARW,/Volumes/dataLib/Pictures/Images/2018/2018-11/2018-11-19,DSC05757.ARW,DSC05757,ARW,RAW,FBB86348-CF50-4FA8-ADDF-034C02A246E2,c095,c095,c095,,gray,0,,564365317,,,FE 50mm F1.4 ZA,800,50 mm,ƒ / 3.2,1/250 sec,5304 x 7952,,DA,,,,,,,,,2018-11-19,2026-05-14T09:48:33
/Volumes/dataLib/Pictures/Images/2018/2018-11/2018-11-19/DSC05764.ARW,/Volumes/dataLib/Pictures/Images/2018/2018-11/2018-11-19,DSC05764.ARW,DSC05764,ARW,RAW,BDAB8134-23F4-4466-AEEC-2EBF26E4512D,c095,c095,c095,,gray,0,,564365353,,,FE 50mm F1.4 ZA,1000,50 mm,ƒ / 3.2,1/250 sec,5304 x 7952,,DA,,,,,,,,,2018-11-19,2026-05-14T09:48:33
/Volumes/dataLib/Pictures/Images/2018/2018-11/2018-11-19/DSC05767.ARW,/Volumes/dataLib/Pictures/Images/2018/2018-11/2018-11-19,DSC05767.ARW,DSC05767,ARW,RAW,6EF140AF-63C4-4F91-9309-9B81984E7818,c095,c095,c095,,gray,0,,564365363,,,FE 50mm F1.4 ZA,1000,50 mm,ƒ / 3.2,1/250 sec,5304 x 7952,,DA,,,,,,,,,2018-11-19,2026-05-14T09:48:33
/Volumes/dataLib/Pictures/Images/2018/2018-11/2018-11-19/DSC05788.ARW,/Volumes/dataLib/Pictures/Images/2018/2018-11/2018-11-19,DSC05788.ARW,DSC05788,ARW,RAW,1D2F72A2-21AC-4156-9D93-C32E612E84B9,c096,c096,c096,,gray,0,,564365653,,,FE 50mm F1.4 ZA,250,50 mm,ƒ / 1.8,1/250 sec,5304 x 7952,,DA,,,,,,,,,2018-11-19,2026-05-14T09:48:33
/Volumes/dataLib/Pictures/Images/2018/2018-11/2018-11-19/DSC05832.ARW,/Volumes/dataLib/Pictures/Images/2018/2018-11/2018-11-19,DSC05832.ARW,DSC05832,ARW,RAW,1605A9FB-179F-4158-8B7C-480629CBB885,c096,c096,c096,,gray,0,,564365714,,,FE 50mm F1.4 ZA,250,50 mm,ƒ / 1.8,1/250 sec,5304 x 7952,,DA,,,,,,,,,2018-11-19,2026-05-14T09:48:33
/Volumes/dataLib/Pictures/Images/2018/2018-11/2018-11-19/DSC05835.ARW,/Volumes/dataLib/Pictures/Images/2018/2018-11/2018-11-19,DSC05835.ARW,DSC05835,ARW,RAW,F13FA545-A346-47D7-A9B9-AFDABDECE5DD,c096,c096,c096,,gray,0,,564365716,,,FE 50mm F1.4 ZA,250,50 mm,ƒ / 1.8,1/250 sec,5304 x 7952,,DA,,,,,,,,,2018-11-19,2026-05-14T09:48:33
/Volumes/dataLib/Pictures/Images/2018/2018-11/2018-11-19/DSC05845.ARW,/Volumes/dataLib/Pictures/Images/2018/2018-11/2018-11-19,DSC05845.ARW,DSC05845,ARW,RAW,02495037-E221-4E10-88B6-D8DAC9B56261,c097,c097,c097,,gray,0,,564365898,,,FE 35mm F1.4 ZA,800,35 mm,ƒ / 3.2,1/250 sec,5304 x 7952,,DA,,,,,,,,,2018-11-19,2026-05-14T09:48:33
/Volumes/dataLib/Pictures/Images/2018/2018-11/2018-11-19/DSC05847.ARW,/Volumes/dataLib/Pictures/Images/2018/2018-11/2018-11-19,DSC05847.ARW,DSC05847,ARW,RAW,E7964772-1196-4D3C-A5C3-27D4F8B534D8,c097,c097,c097,,gray,0,,564365901,,,FE 35mm F1.4 ZA,800,35 mm,ƒ / 3.2,1/250 sec,5304 x 7952,,DA,,,,,,,,,2018-11-19,2026-05-14T09:48:33
/Volumes/dataLib/Pictures/Images/2018/2018-11/2018-11-19/DSC05874.ARW,/Volumes/dataLib/Pictures/Images/2018/2018-11/2018-11-19,DSC05874.ARW,DSC05874,ARW,RAW,83B39255-4138-405B-8C53-DEC0476881CB,c097,c097,c097,,gray,0,,564366095,,,FE 35mm F1.4 ZA,1000,35 mm,ƒ / 3.2,1/250 sec,5304 x 7952,,DA,,,,,,,,,2018-11-19,2026-05-14T09:48:33
/Volumes/dataLib/Pictures/Images/2018/2018-11/2018-11-19/DSC05898.ARW,/Volumes/dataLib/Pictures/Images/2018/2018-11/2018-11-19,DSC05898.ARW,DSC05898,ARW,RAW,1C780FCC-3A24-4E39-9D84-DE8BAFF2F3EB,c098,c098,c098,,gray,0,,564366882,,,FE 85mm F1.4 GM,1000,85 mm,ƒ / 3.2,1/250 sec,5304 x 7952,,DA,,,,,,,,,2018-11-19,2026-05-14T09:48:33
/Volumes/dataLib/Pictures/Images/2018/2018-11/2018-11-19/DSC05905.ARW,/Volumes/dataLib/Pictures/Images/2018/2018-11/2018-11-19,DSC05905.ARW,DSC05905,ARW,RAW,5779FC7B-B254-4C16-B10B-D43346EFF2F3,c098,c098,c098,,gray,0,,564366904,,,FE 85mm F1.4 GM,1000,85 mm,ƒ / 3.2,1/250 sec,5304 x 7952,,DA,,,,,,,,,2018-11-19,2026-05-14T09:48:33
/Volumes/dataLib/Pictures/Images/2018/2018-11/2018-11-19/DSC05948.ARW,/Volumes/dataLib/Pictures/Images/2018/2018-11/2018-11-19,DSC05948.ARW,DSC05948,ARW,RAW,9E18253F-00A6-45AC-AFF6-4820A72F4118,c098,c098,c098,,gray,0,,564367129,,,FE 85mm F1.4 GM,1600,85 mm,ƒ / 3.2,1/250 sec,5304 x 7952,,DA,,,,,,,,,2018-11-19,2026-05-14T09:48:33
/Volumes/dataLib/Pictures/Images/2018/2018-11/2018-11-19/DSC05959.ARW,/Volumes/dataLib/Pictures/Images/2018/2018-11/2018-11-19,DSC05959.ARW,DSC05959,ARW,RAW,A5E57F3A-590E-4B3B-8C73-0366FE97E19D,c099,c099,c099,,gray,0,,564367474,,,FE 85mm F1.4 GM,2000,85 mm,ƒ / 3.2,1/250 sec,5304 x 7952,,DA,,,,,,,,,2018-11-19,2026-05-14T09:48:33
/Volumes/dataLib/Pictures/Images/2018/2018-11/2018-11-19/DSC05975.ARW,/Volumes/dataLib/Pictures/Images/2018/2018-11/2018-11-19,DSC05975.ARW,DSC05975,ARW,RAW,B78BB145-6CD3-4F76-A0C6-7D0FF80DBD0B,c099,c099,c099,,gray,0,,564367645,,,FE 85mm F1.4 GM,5000,85 mm,ƒ / 4.0,1/250 sec,5304 x 7952,,DA,,,,,,,,,2018-11-19,2026-05-14T09:48:33
/Volumes/dataLib/Pictures/Images/2018/2018-11/2018-11-19/DSC05977.ARW,/Volumes/dataLib/Pictures/Images/2018/2018-11/2018-11-19,DSC05977.ARW,DSC05977,ARW,RAW,F9C0F06C-8ABC-40DB-B770-C94224222345,c099,c099,c099,,gray,0,,564367674,,,FE 85mm F1.4 GM,5000,85 mm,ƒ / 4.0,1/250 sec,5304 x 7952,,DA,,,,,,,,,2018-11-19,2026-05-14T09:48:33
/Volumes/dataLib/Pictures/Images/2018/2018-11/2018-11-19/DSC05999.ARW,/Volumes/dataLib/Pictures/Images/2018/2018-11/2018-11-19,DSC05999.ARW,DSC05999,ARW,RAW,3FAEE5E0-01EB-4B53-9AC2-46FE16F509F8,c100,c100,c100,,gray,0,,564367875,,,FE 85mm F1.4 GM,4000,85 mm,ƒ / 4.0,1/250 sec,5304 x 7952,,DA,,,,,,,,,2018-11-19,2026-05-14T09:48:33
/Volumes/dataLib/Pictures/Images/2018/2018-11/2018-11-19/DSC06014.ARW,/Volumes/dataLib/Pictures/Images/2018/2018-11/2018-11-19,DSC06014.ARW,DSC06014,ARW,RAW,2C2F4684-9A9D-4029-9FC3-212252862C68,c100,c100,c100,,gray,0,,564368029,,,FE 85mm F1.4 GM,6400,85 mm,ƒ / 3.5,1/250 sec,5304 x 7952,,DA,,,,,,,,,2018-11-19,2026-05-14T09:48:33
/Volumes/dataLib/Pictures/Images/2018/2018-11/2018-11-19/DSC06035.ARW,/Volumes/dataLib/Pictures/Images/2018/2018-11/2018-11-19,DSC06035.ARW,DSC06035,ARW,RAW,730C0B34-EA0D-4906-A57F-2512CACE0B23,c100,c100,c100,,gray,0,,564368233,,,FE 50mm F1.4 ZA,1000,50 mm,ƒ / 1.6,1/250 sec,5304 x 7952,,DA,,,,,,,,,2018-11-19,2026-05-14T09:48:33
/Volumes/dataLib/Pictures/Images/2019/2019-01/2019-01-26/DSC01370.ARW,/Volumes/dataLib/Pictures/Images/2019/2019-01/2019-01-26,DSC01370.ARW,DSC01370,ARW,RAW,F7F7B22B-818B-4D35-8DE9-B168EEBE842E,c101,c101,c101,,gray,0,,570238954,,,FE 85mm F1.4 GM,100,85 mm,ƒ / 2.5,1/250 sec,5304 x 7952,,DA,,,,,,,,,2019-01-26,2026-05-14T09:48:33
/Volumes/dataLib/Pictures/Images/2019/2019-01/2019-01-26/DSC01411.ARW,/Volumes/dataLib/Pictures/Images/2019/2019-01/2019-01-26,DSC01411.ARW,DSC01411,ARW,RAW,49AF5FA3-05ED-439D-9A18-94EF59F12189,c101,c101,c101,,gray,0,,570239091,,,FE 85mm F1.4 GM,100,85 mm,ƒ / 2.5,1/250 sec,5304 x 7952,,DA,,,,,,,,,2019-01-26,2026-05-14T09:48:33
/Volumes/dataLib/Pictures/Images/2019/2019-01/2019-01-26/DSC01413.ARW,/Volumes/dataLib/Pictures/Images/2019/2019-01/2019-01-26,DSC01413.ARW,DSC01413,ARW,RAW,B5610E76-EFE4-4B4B-A9F9-14C6D3A1E15B,c101,c101,c101,,gray,0,,570239096,,,FE 85mm F1.4 GM,100,85 mm,ƒ / 2.5,1/250 sec,5304 x 7952,,DA,,,,,,,,,2019-01-26,2026-05-14T09:48:33
/Volumes/dataLib/Pictures/Images/2019/2019-01/2019-01-26/DSC01425.ARW,/Volumes/dataLib/Pictures/Images/2019/2019-01/2019-01-26,DSC01425.ARW,DSC01425,ARW,RAW,B41B0A95-9568-4999-8D13-06462707E75E,c102,c102,c102,,gray,0,,570239264,,,FE 85mm F1.4 GM,100,85 mm,ƒ / 2.5,1/250 sec,5304 x 7952,,DA,,,,,,,,,2019-01-26,2026-05-14T09:48:33
/Volumes/dataLib/Pictures/Images/2019/2019-01/2019-01-26/DSC01428.ARW,/Volumes/dataLib/Pictures/Images/2019/2019-01/2019-01-26,DSC01428.ARW,DSC01428,ARW,RAW,6C8A3E67-DA7E-49C9-A641-B43DE12DA58A,c102,c102,c102,,gray,0,,570239276,,,FE 85mm F1.4 GM,100,85 mm,ƒ / 2.5,1/250 sec,5304 x 7952,,DA,,,,,,,,,2019-01-26,2026-05-14T09:48:33
/Volumes/dataLib/Pictures/Images/2019/2019-01/2019-01-26/DSC01449.ARW,/Volumes/dataLib/Pictures/Images/2019/2019-01/2019-01-26,DSC01449.ARW,DSC01449,ARW,RAW,0C0E57CC-5752-464F-81D6-6EDEB9F24C5C,c102,c102,c102,,gray,0,,570239341,,,FE 85mm F1.4 GM,100,85 mm,ƒ / 2.5,1/250 sec,5304 x 7952,,DA,,,,,,,,,2019-01-26,2026-05-14T09:48:33
/Volumes/dataLib/Pictures/Images/2019/2019-01/2019-01-26/DSC01532.ARW,/Volumes/dataLib/Pictures/Images/2019/2019-01/2019-01-26,DSC01532.ARW,DSC01532,ARW,RAW,0854A25C-7E52-48F9-B478-4DA4D1C1D340,c103,c103,c103,,gray,0,,570239865,,,FE 50mm F1.4 ZA,100,50 mm,ƒ / 2.5,1/320 sec,5304 x 7952,,DA,,,,,,,,,2019-01-26,2026-05-14T09:48:33
/Volumes/dataLib/Pictures/Images/2019/2019-01/2019-01-26/DSC01534.ARW,/Volumes/dataLib/Pictures/Images/2019/2019-01/2019-01-26,DSC01534.ARW,DSC01534,ARW,RAW,ADB0991A-4500-478D-B64D-6821EF0CE73D,c103,c103,c103,,gray,0,,570239868,,,FE 50mm F1.4 ZA,100,50 mm,ƒ / 2.5,1/320 sec,5304 x 7952,,DA,,,,,,,,,2019-01-26,2026-05-14T09:48:33
/Volumes/dataLib/Pictures/Images/2019/2019-01/2019-01-26/DSC01544.ARW,/Volumes/dataLib/Pictures/Images/2019/2019-01/2019-01-26,DSC01544.ARW,DSC01544,ARW,RAW,79AB4969-6F38-473C-9E04-9E6BD5ABE845,c103,c103,c103,,gray,0,,570239897,,,FE 50mm F1.4 ZA,100,50 mm,ƒ / 2.5,1/320 sec,5304 x 7952,,DA,,,,,,,,,2019-01-26,2026-05-14T09:48:33
/Volumes/dataLib/Pictures/Images/2019/2019-02/2019-02-11/DSC01936.ARW,/Volumes/dataLib/Pictures/Images/2019/2019-02/2019-02-11,DSC01936.ARW,DSC01936,ARW,RAW,1887E10B-F307-4724-A132-5746342F5CF9,c104,c104,c104,,gray,0,,571620253,,,FE 85mm F1.4 GM,100,85 mm,ƒ / 2.5,1/250 sec,5304 x 7952,,DA,,,,,,,,,2019-02-11,2026-05-14T09:48:33
/Volumes/dataLib/Pictures/Images/2019/2019-02/2019-02-11/DSC01943.ARW,/Volumes/dataLib/Pictures/Images/2019/2019-02/2019-02-11,DSC01943.ARW,DSC01943,ARW,RAW,E899B687-4892-40DB-A700-2C4B912237B6,c104,c104,c104,,gray,0,,571620294,,,FE 85mm F1.4 GM,125,85 mm,ƒ / 2.5,1/250 sec,5304 x 7952,,DA,,,,,,,,,2019-02-11,2026-05-14T09:48:33
/Volumes/dataLib/Pictures/Images/2019/2019-02/2019-02-11/DSC01968.ARW,/Volumes/dataLib/Pictures/Images/2019/2019-02/2019-02-11,DSC01968.ARW,DSC01968,ARW,RAW,D46930ED-1B03-4EBD-9810-25E37CCC3C50,c104,c104,c104,,gray,0,,571620408,,,FE 85mm F1.4 GM,125,85 mm,ƒ / 2.5,1/250 sec,5304 x 7952,,DA,,,,,,,,,2019-02-11,2026-05-14T09:48:33
/Volumes/dataLib/Pictures/Images/2019/2019-02/2019-02-11/DSC02044.ARW,/Volumes/dataLib/Pictures/Images/2019/2019-02/2019-02-11,DSC02044.ARW,DSC02044,ARW,RAW,82EB363A-D327-462F-ADDD-14611233CA08,c105,c105,c105,,gray,0,,571621045,,,FE 85mm F1.4 GM,125,85 mm,ƒ / 2.5,1/250 sec,5304 x 7952,,DA,,,,,,,,,2019-02-11,2026-05-14T09:48:33
/Volumes/dataLib/Pictures/Images/2019/2019-02/2019-02-11/DSC02047.ARW,/Volumes/dataLib/Pictures/Images/2019/2019-02/2019-02-11,DSC02047.ARW,DSC02047,ARW,RAW,C3FD8015-8E79-4128-9916-91EEED0958E8,c105,c105,c105,,gray,0,,571621061,,,FE 85mm F1.4 GM,125,85 mm,ƒ / 2.5,1/250 sec,5304 x 7952,,DA,,,,,,,,,2019-02-11,2026-05-14T09:48:33
/Volumes/dataLib/Pictures/Images/2019/2019-02/2019-02-11/DSC02056.ARW,/Volumes/dataLib/Pictures/Images/2019/2019-02/2019-02-11,DSC02056.ARW,DSC02056,ARW,RAW,11509671-F98E-4D96-9E6E-9A8E07E51AF8,c105,c105,c105,,gray,0,,571621079,,,FE 85mm F1.4 GM,125,85 mm,ƒ / 2.5,1/250 sec,5304 x 7952,,DA,,,,,,,,,2019-02-11,2026-05-14T09:48:33
/Volumes/dataLib/Pictures/Images/2019/2019-03/2019-03-26/DSC04528.ARW,/Volumes/dataLib/Pictures/Images/2019/2019-03/2019-03-26,DSC04528.ARW,DSC04528,ARW,RAW,C375EC6B-B6A5-40AB-93FE-1F12CE2213D2,c106,c106,c106,,gray,0,,575331070,,,FE 85mm F1.4 GM,100,85 mm,ƒ / 3.2,1/800 sec,5304 x 7952,,DA,,,,,,,,,2019-03-26,2026-05-14T09:48:33
/Volumes/dataLib/Pictures/Images/2019/2019-03/2019-03-26/DSC04562.ARW,/Volumes/dataLib/Pictures/Images/2019/2019-03/2019-03-26,DSC04562.ARW,DSC04562,ARW,RAW,B732465E-63FE-4F1C-8A8B-584933E7B5A5,c106,c106,c106,,gray,0,,575331141,,,FE 85mm F1.4 GM,100,85 mm,ƒ / 3.2,1/800 sec,5304 x 7952,,DA,,,,,,,,,2019-03-26,2026-05-14T09:48:33
/Volumes/dataLib/Pictures/Images/2019/2019-03/2019-03-26/DSC04596.ARW,/Volumes/dataLib/Pictures/Images/2019/2019-03/2019-03-26,DSC04596.ARW,DSC04596,ARW,RAW,03378DFE-5714-4524-989C-50B0DCA6D279,c106,c106,c106,,gray,0,,575331298,,,FE 85mm F1.4 GM,100,85 mm,ƒ / 3.2,1/800 sec,5304 x 7952,,DA,,,,,,,,,2019-03-26,2026-05-14T09:48:33
/Volumes/dataLib/Pictures/Images/2019/2019-03/2019-03-26/DSC04754.ARW,/Volumes/dataLib/Pictures/Images/2019/2019-03/2019-03-26,DSC04754.ARW,DSC04754,ARW,RAW,B1036824-14B1-4790-BA76-A4BBEF61A505,c107,c107,c107,,gray,0,,575332335,,,FE 85mm F1.4 GM,100,85 mm,ƒ / 3.2,1/1250 sec,5304 x 7952,,DA,,,,,,,,,2019-03-26,2026-05-14T09:48:33
/Volumes/dataLib/Pictures/Images/2019/2019-03/2019-03-26/DSC04798.ARW,/Volumes/dataLib/Pictures/Images/2019/2019-03/2019-03-26,DSC04798.ARW,DSC04798,ARW,RAW,71EFD9ED-37C3-454C-AED5-BF5ED3CE6D16,c107,c107,c107,,gray,0,,575332453,,,FE 85mm F1.4 GM,100,85 mm,ƒ / 3.2,1/1250 sec,5304 x 7952,,DA,,,,,,,,,2019-03-26,2026-05-14T09:48:33
/Volumes/dataLib/Pictures/Images/2019/2019-03/2019-03-26/DSC04801.ARW,/Volumes/dataLib/Pictures/Images/2019/2019-03/2019-03-26,DSC04801.ARW,DSC04801,ARW,RAW,E750BBF6-9B55-48CF-8E08-553B646167C6,c107,c107,c107,,gray,0,,575332456,,,FE 85mm F1.4 GM,100,85 mm,ƒ / 3.2,1/1250 sec,5304 x 7952,,DA,,,,,,,,,2019-03-26,2026-05-14T09:48:33
/Volumes/dataLib/Pictures/Images/2019/2019-03/2019-03-26/DSC04836.ARW,/Volumes/dataLib/Pictures/Images/2019/2019-03/2019-03-26,DSC04836.ARW,DSC04836,ARW,RAW,DE43D9D6-0069-438C-B9C2-D98EFD745377,c108,c108,c108,,gray,0,,575333215,,,FE 85mm F1.4 GM,125,85 mm,ƒ / 3.2,1/250 sec,5304 x 7952,,DA,,,,,,,,,2019-03-26,2026-05-14T09:48:33
/Volumes/dataLib/Pictures/Images/2019/2019-03/2019-03-26/DSC04898.ARW,/Volumes/dataLib/Pictures/Images/2019/2019-03/2019-03-26,DSC04898.ARW,DSC04898,ARW,RAW,3AC9CAAE-3A9B-4793-8BEF-D958DAB3FE18,c108,c108,c108,,gray,0,,575333603,,,FE 85mm F1.4 GM,125,85 mm,ƒ / 3.2,1/250 sec,5304 x 7952,,DA,,,,,,,,,2019-03-26,2026-05-14T09:48:33
/Volumes/dataLib/Pictures/Images/2019/2019-03/2019-03-26/DSC04935.ARW,/Volumes/dataLib/Pictures/Images/2019/2019-03/2019-03-26,DSC04935.ARW,DSC04935,ARW,RAW,C122067B-9446-48CA-9CBF-A381370A2CA9,c108,c108,c108,,gray,0,,575333640,,,FE 85mm F1.4 GM,125,85 mm,ƒ / 3.2,1/250 sec,5304 x 7952,,DA,,,,,,,,,2019-03-26,2026-05-14T09:48:33
/Volumes/dataLib/Pictures/Images/2019/2019-05/2019-05-17/DSC08693.ARW,/Volumes/dataLib/Pictures/Images/2019/2019-05/2019-05-17,DSC08693.ARW,DSC08693,ARW,RAW,FD736456-21D5-4FE5-92D8-D8B1C4C455C1,c109,c109,c109,,gray,0,,579828661,,,FE 85mm F1.4 GM,100,85 mm,ƒ / 2.2,1/320 sec,5304 x 7952,,DA,,,,,,,,,2019-05-17,2026-05-14T09:48:33
/Volumes/dataLib/Pictures/Images/2019/2019-05/2019-05-17/DSC08808.ARW,/Volumes/dataLib/Pictures/Images/2019/2019-05/2019-05-17,DSC08808.ARW,DSC08808,ARW,RAW,4755C76B-B452-4FD3-88F8-E7DB137C96E5,c109,c109,c109,,gray,0,,579829366,,,FE 85mm F1.4 GM,100,85 mm,ƒ / 2.2,1/1600 sec,5304 x 7952,,DA,,,,,,,,,2019-05-17,2026-05-14T09:48:33
/Volumes/dataLib/Pictures/Images/2019/2019-05/2019-05-17/DSC08850.ARW,/Volumes/dataLib/Pictures/Images/2019/2019-05/2019-05-17,DSC08850.ARW,DSC08850,ARW,RAW,9D5ABE78-5863-4CFE-9DC7-04C0C270EB55,c109,c109,c109,,gray,0,,579829452,,,FE 85mm F1.4 GM,100,85 mm,ƒ / 4.0,1/500 sec,5304 x 7952,,DA,,,,,,,,,2019-05-17,2026-05-14T09:48:33
/Volumes/dataLib/Pictures/Images/2019/2019-05/2019-05-17/DSC08930.ARW,/Volumes/dataLib/Pictures/Images/2019/2019-05/2019-05-17,DSC08930.ARW,DSC08930,ARW,RAW,9CA14838-54E0-4083-9D7F-C67105AE0098,c110,c110,c110,,gray,0,,579830636,,,FE 85mm F1.4 GM,125,85 mm,ƒ / 4.0,1/250 sec,5304 x 7952,,DA,,,,,,,,,2019-05-17,2026-05-14T09:48:33
/Volumes/dataLib/Pictures/Images/2019/2019-05/2019-05-17/DSC08937.ARW,/Volumes/dataLib/Pictures/Images/2019/2019-05/2019-05-17,DSC08937.ARW,DSC08937,ARW,RAW,BBE6121B-CF55-46DE-A66B-73B78C57598A,c110,c110,c110,,gray,0,,579830673,,,FE 85mm F1.4 GM,125,85 mm,ƒ / 4.0,1/250 sec,5304 x 7952,,DA,,,,,,,,,2019-05-17,2026-05-14T09:48:33
/Volumes/dataLib/Pictures/Images/2019/2019-05/2019-05-17/DSC09056.ARW,/Volumes/dataLib/Pictures/Images/2019/2019-05/2019-05-17,DSC09056.ARW,DSC09056,ARW,RAW,90B95463-C463-44EF-8E19-D96CDF3569AB,c110,c110,c110,,gray,0,,579830836,,,FE 85mm F1.4 GM,125,85 mm,ƒ / 4.0,1/250 sec,5304 x 7952,,DA,,,,,,,,,2019-05-17,2026-05-14T09:48:33
/Volumes/dataLib/Pictures/Images/2019/2019-05/2019-05-17/DSC09154.ARW,/Volumes/dataLib/Pictures/Images/2019/2019-05/2019-05-17,DSC09154.ARW,DSC09154,ARW,RAW,ECDCCD0D-5933-42A9-84D8-805299848278,c111,c111,c111,,gray,0,,579831843,,,FE 85mm F1.4 GM,200,85 mm,ƒ / 2.2,1/250 sec,5304 x 7952,,DA,,,,,,,,,2019-05-17,2026-05-14T09:48:33
/Volumes/dataLib/Pictures/Images/2019/2019-05/2019-05-17/DSC09191.ARW,/Volumes/dataLib/Pictures/Images/2019/2019-05/2019-05-17,DSC09191.ARW,DSC09191,ARW,RAW,08DE4526-C7CE-4F1D-BEA9-0EA5ADD1BC7A,c111,c111,c111,,gray,0,,579831881,,,FE 85mm F1.4 GM,160,85 mm,ƒ / 2.2,1/250 sec,5304 x 7952,,DA,,,,,,,,,2019-05-17,2026-05-14T09:48:33
/Volumes/dataLib/Pictures/Images/2019/2019-05/2019-05-17/DSC09195.ARW,/Volumes/dataLib/Pictures/Images/2019/2019-05/2019-05-17,DSC09195.ARW,DSC09195,ARW,RAW,6C1EBCEA-E593-4A3A-B423-397ACFE1EB3C,c111,c111,c111,,gray,0,,579831885,,,FE 85mm F1.4 GM,160,85 mm,ƒ / 2.2,1/250 sec,5304 x 7952,,DA,,,,,,,,,2019-05-17,2026-05-14T09:48:33
/Volumes/dataLib/Pictures/Images/2019/2019-05/2019-05-17/DSC09249.ARW,/Volumes/dataLib/Pictures/Images/2019/2019-05/2019-05-17,DSC09249.ARW,DSC09249,ARW,RAW,BF59C93F-5918-4C46-93AB-5C7771479DF7,c112,c112,c112,,gray,0,,579832648,,,FE 85mm F1.4 GM,100,85 mm,ƒ / 2.2,1/1000 sec,5304 x 7952,,DA,,,,,,,,,2019-05-17,2026-05-14T09:48:33
/Volumes/dataLib/Pictures/Images/2019/2019-05/2019-05-17/DSC09266.ARW,/Volumes/dataLib/Pictures/Images/2019/2019-05/2019-05-17,DSC09266.ARW,DSC09266,ARW,RAW,B0EA814E-F040-48C8-93FA-95017E09C42B,c112,c112,c112,,gray,0,,579832672,,,FE 85mm F1.4 GM,100,85 mm,ƒ / 2.2,1/1000 sec,5304 x 7952,,DA,,,,,,,,,2019-05-17,2026-05-14T09:48:33
/Volumes/dataLib/Pictures/Images/2019/2019-05/2019-05-17/DSC09352.ARW,/Volumes/dataLib/Pictures/Images/2019/2019-05/2019-05-17,DSC09352.ARW,DSC09352,ARW,RAW,BFF768AB-3750-4006-B2DF-754810336178,c112,c112,c112,,gray,0,,579832769,,,FE 85mm F1.4 GM,100,85 mm,ƒ / 2.2,1/1000 sec,5304 x 7952,,DA,,,,,,,,,2019-05-17,2026-05-14T09:48:33
/Volumes/dataLib/Pictures/Images/2019/2019-07/2019-07-22/DSC01521.ARW,/Volumes/dataLib/Pictures/Images/2019/2019-07/2019-07-22,DSC01521.ARW,DSC01521,ARW,RAW,903B60F4-C7D9-4734-BF1B-CE892E605F81,c113,c113,c113,,gray,0,,585533700,,,FE 50mm F1.4 ZA,200,50 mm,ƒ / 2.2,1/250 sec,5304 x 7952,,DA,,,,,,,,,2019-07-22,2026-05-14T09:48:33
/Volumes/dataLib/Pictures/Images/2019/2019-07/2019-07-22/DSC01611.ARW,/Volumes/dataLib/Pictures/Images/2019/2019-07/2019-07-22,DSC01611.ARW,DSC01611,ARW,RAW,B0CADE90-3DFB-4DF0-81A1-EF199489AD29,c113,c113,c113,,gray,0,,585533990,,,FE 50mm F1.4 ZA,160,50 mm,ƒ / 2.2,1/250 sec,5304 x 7952,,DA,,,,,,,,,2019-07-22,2026-05-14T09:48:33
/Volumes/dataLib/Pictures/Images/2019/2019-07/2019-07-22/DSC01664.ARW,/Volumes/dataLib/Pictures/Images/2019/2019-07/2019-07-22,DSC01664.ARW,DSC01664,ARW,RAW,4F5824AF-5E94-41E1-AD2A-01A2EC9A0D68,c113,c113,c113,,gray,0,,585534320,,,FE 50mm F1.4 ZA,160,50 mm,ƒ / 2.2,1/250 sec,5304 x 7952,,DA,,,,,,,,,2019-07-22,2026-05-14T09:48:33
/Volumes/dataLib/Pictures/Images/2019/2019-07/2019-07-22/DSC01776.ARW,/Volumes/dataLib/Pictures/Images/2019/2019-07/2019-07-22,DSC01776.ARW,DSC01776,ARW,RAW,6113729E-CEFE-46F6-B525-3F47C7110EF6,c114,c114,c114,,gray,0,,585535154,,,FE 50mm F1.4 ZA,200,50 mm,ƒ / 2.2,1/250 sec,5304 x 7952,,DA,,,,,,,,,2019-07-22,2026-05-14T09:48:33
/Volumes/dataLib/Pictures/Images/2019/2019-07/2019-07-22/DSC01792.ARW,/Volumes/dataLib/Pictures/Images/2019/2019-07/2019-07-22,DSC01792.ARW,DSC01792,ARW,RAW,A4166A58-8D28-45B5-AB33-5C59F8352B2A,c114,c114,c114,,gray,0,,585535185,,,FE 50mm F1.4 ZA,200,50 mm,ƒ / 2.2,1/250 sec,5304 x 7952,,DA,,,,,,,,,2019-07-22,2026-05-14T09:48:33
/Volumes/dataLib/Pictures/Images/2019/2019-07/2019-07-22/DSC01803.ARW,/Volumes/dataLib/Pictures/Images/2019/2019-07/2019-07-22,DSC01803.ARW,DSC01803,ARW,RAW,1974C69C-B356-41DA-B6A6-F04F5E8CBB08,c114,c114,c114,,gray,0,,585535233,,,FE 50mm F1.4 ZA,200,50 mm,ƒ / 2.2,1/250 sec,5304 x 7952,,DA,,,,,,,,,2019-07-22,2026-05-14T09:48:33
/Volumes/dataLib/Pictures/Images/2019/2019-07/2019-07-25/DSC02563.ARW,/Volumes/dataLib/Pictures/Images/2019/2019-07/2019-07-25,DSC02563.ARW,DSC02563,ARW,RAW,A68D4AEE-C510-4D03-9B51-AF71E322C9D6,c115,c115,c115,,gray,0,,585789556,,,FE 35mm F1.4 ZA,200,35 mm,ƒ / 2.8,1/250 sec,5304 x 7952,,DA,,,,,,,,,2019-07-25,2026-05-14T09:48:33
/Volumes/dataLib/Pictures/Images/2019/2019-07/2019-07-25/DSC02617.ARW,/Volumes/dataLib/Pictures/Images/2019/2019-07/2019-07-25,DSC02617.ARW,DSC02617,ARW,RAW,DC5D70E3-1AB0-4F6A-BFEC-58BC36DBF1AB,c115,c115,c115,,gray,0,,585790492,,,FE 35mm F1.4 ZA,400,35 mm,ƒ / 2.8,1/250 sec,7952 x 5304,,AB,,,,,,,,,2019-07-25,2026-05-14T09:48:33
/Volumes/dataLib/Pictures/Images/2019/2019-07/2019-07-25/DSC02699.ARW,/Volumes/dataLib/Pictures/Images/2019/2019-07/2019-07-25,DSC02699.ARW,DSC02699,ARW,RAW,3936CF10-4681-46DD-872F-86387A0AA474,c115,c115,c115,,gray,0,,585790852,,,FE 35mm F1.4 ZA,500,35 mm,ƒ / 2.8,1/250 sec,7952 x 5304,,AB,,,,,,,,,2019-07-25,2026-05-14T09:48:33
/Volumes/dataLib/Pictures/Images/2019/2019-08/2019-08-05/DSC03583.ARW,/Volumes/dataLib/Pictures/Images/2019/2019-08/2019-08-05,DSC03583.ARW,DSC03583,ARW,RAW,DD80E4F5-9C34-4A60-9E4A-C1E5CC73A4A2,c117,c117,c117,,gray,0,,586744647,,,FE 35mm F1.4 ZA,100,35 mm,ƒ / 2.2,1/800 sec,5304 x 7952,,DA,,,,,,,,,2019-08-05,2026-05-14T09:48:33
/Volumes/dataLib/Pictures/Images/2019/2019-08/2019-08-05/DSC03641.ARW,/Volumes/dataLib/Pictures/Images/2019/2019-08/2019-08-05,DSC03641.ARW,DSC03641,ARW,RAW,8846C2BC-10B6-4B68-A4DA-C1B1EB15D3E6,c117,c117,c117,,gray,0,,586744898,,,FE 35mm F1.4 ZA,100,35 mm,ƒ / 2.2,1/640 sec,5304 x 7952,,DA,,,,,,,,,2019-08-05,2026-05-14T09:48:33
/Volumes/dataLib/Pictures/Images/2019/2019-08/2019-08-05/DSC03662.ARW,/Volumes/dataLib/Pictures/Images/2019/2019-08/2019-08-05,DSC03662.ARW,DSC03662,ARW,RAW,927D396A-FB27-4025-B1AD-F74DAD923F19,c117,c117,c117,,gray,0,,586744923,,,FE 35mm F1.4 ZA,100,35 mm,ƒ / 2.2,1/640 sec,5304 x 7952,,DA,,,,,,,,,2019-08-05,2026-05-14T09:48:33
/Volumes/dataLib/Pictures/Images/2019/2019-08/2019-08-05/DSC03668.ARW,/Volumes/dataLib/Pictures/Images/2019/2019-08/2019-08-05,DSC03668.ARW,DSC03668,ARW,RAW,53A4D712-1001-41B5-B671-E893867C8144,c118,c118,c118,,gray,0,,586745390,,,FE 50mm F1.4 ZA,100,50 mm,ƒ / 2.2,1/400 sec,7952 x 5304,,AB,,,,,,,,,2019-08-05,2026-05-14T09:48:33
/Volumes/dataLib/Pictures/Images/2019/2019-08/2019-08-05/DSC03703.ARW,/Volumes/dataLib/Pictures/Images/2019/2019-08/2019-08-05,DSC03703.ARW,DSC03703,ARW,RAW,415CB471-70FC-401A-97A7-EE8A52A1938A,c118,c118,c118,,gray,0,,586745745,,,FE 50mm F1.4 ZA,100,50 mm,ƒ / 2.2,1/800 sec,5304 x 7952,,DA,,,,,,,,,2019-08-05,2026-05-14T09:48:33
/Volumes/dataLib/Pictures/Images/2019/2019-08/2019-08-05/DSC03710.ARW,/Volumes/dataLib/Pictures/Images/2019/2019-08/2019-08-05,DSC03710.ARW,DSC03710,ARW,RAW,B702CCE0-FE71-4801-A6A3-B2F11A88C4A5,c118,c118,c118,,gray,0,,586745750,,,FE 50mm F1.4 ZA,100,50 mm,ƒ / 2.2,1/800 sec,5304 x 7952,,DA,,,,,,,,,2019-08-05,2026-05-14T09:48:33
/Volumes/dataLib/Pictures/Images/2019/2019-08/2019-08-05/DSC03731.ARW,/Volumes/dataLib/Pictures/Images/2019/2019-08/2019-08-05,DSC03731.ARW,DSC03731,ARW,RAW,6EB941CB-3A27-4F16-BEE1-46A077B257B6,c119,c119,c119,,gray,0,,586748155,,,FE 50mm F1.4 ZA,100,50 mm,ƒ / 1.8,1/3200 sec,5304 x 7952,,DA,,,,,,,,,2019-08-05,2026-05-14T09:48:33
/Volumes/dataLib/Pictures/Images/2019/2019-08/2019-08-05/DSC03735.ARW,/Volumes/dataLib/Pictures/Images/2019/2019-08/2019-08-05,DSC03735.ARW,DSC03735,ARW,RAW,4A284AD1-A9E7-4C77-BF99-45B0D3C98259,c119,c119,c119,,gray,0,,586748167,,,FE 50mm F1.4 ZA,100,50 mm,ƒ / 1.8,1/3200 sec,5304 x 7952,,DA,,,,,,,,,2019-08-05,2026-05-14T09:48:33
/Volumes/dataLib/Pictures/Images/2019/2019-08/2019-08-05/DSC03756.ARW,/Volumes/dataLib/Pictures/Images/2019/2019-08/2019-08-05,DSC03756.ARW,DSC03756,ARW,RAW,21182DC9-EA0A-47C7-B3AF-593735710CEC,c119,c119,c119,,gray,0,,586748238,,,FE 50mm F1.4 ZA,100,50 mm,ƒ / 1.8,1/3200 sec,5304 x 7952,,DA,,,,,,,,,2019-08-05,2026-05-14T09:48:33
/Volumes/dataLib/Pictures/Images/2019/2019-08/2019-08-05/DSC03797.ARW,/Volumes/dataLib/Pictures/Images/2019/2019-08/2019-08-05,DSC03797.ARW,DSC03797,ARW,RAW,CDCB326A-1929-4E9D-B925-5E76622A7E9F,c120,c120,c120,,gray,0,,586748480,,,FE 50mm F1.4 ZA,100,50 mm,ƒ / 2.5,1/320 sec,5304 x 7952,,DA,,,,,,,,,2019-08-05,2026-05-14T09:48:33
/Volumes/dataLib/Pictures/Images/2019/2019-08/2019-08-05/DSC03798.ARW,/Volumes/dataLib/Pictures/Images/2019/2019-08/2019-08-05,DSC03798.ARW,DSC03798,ARW,RAW,AEDA8654-F013-4B3E-A047-B32ABDF0AF61,c120,c120,c120,,gray,0,,586748482,,,FE 50mm F1.4 ZA,100,50 mm,ƒ / 2.5,1/320 sec,5304 x 7952,,DA,,,,,,,,,2019-08-05,2026-05-14T09:48:33
/Volumes/dataLib/Pictures/Images/2019/2019-08/2019-08-05/DSC03817.ARW,/Volumes/dataLib/Pictures/Images/2019/2019-08/2019-08-05,DSC03817.ARW,DSC03817,ARW,RAW,AB88D4AE-9A18-4FE9-8A95-85A3ED62CC16,c120,c120,c120,,gray,0,,586748620,,,FE 50mm F1.4 ZA,100,50 mm,ƒ / 1.8,1/640 sec,5304 x 7952,,DA,,,,,,,,,2019-08-05,2026-05-14T09:48:33
/Volumes/dataLib/Pictures/Images/2019/2019-08/2019-08-06/DSC04030.ARW,/Volumes/dataLib/Pictures/Images/2019/2019-08/2019-08-06,DSC04030.ARW,DSC04030,ARW,RAW,11A8ED7A-1EAB-41FC-B9F1-D55452CC35A6,c121,c121,c121,,gray,0,,586827189,,,FE 50mm F1.4 ZA,100,50 mm,ƒ / 5.6,1/80 sec,5304 x 7952,,DA,,,,,,,,,2019-08-06,2026-05-14T09:48:33
/Volumes/dataLib/Pictures/Images/2019/2019-08/2019-08-06/DSC04060.ARW,/Volumes/dataLib/Pictures/Images/2019/2019-08/2019-08-06,DSC04060.ARW,DSC04060,ARW,RAW,689692F3-3BD2-44D5-9ECB-F526464DC9B3,c121,c121,c121,,gray,0,,586827308,,,FE 50mm F1.4 ZA,100,50 mm,ƒ / 5.6,1/80 sec,5304 x 7952,,DA,,,,,,,,,2019-08-06,2026-05-14T09:48:33
/Volumes/dataLib/Pictures/Images/2019/2019-08/2019-08-06/DSC04063.ARW,/Volumes/dataLib/Pictures/Images/2019/2019-08/2019-08-06,DSC04063.ARW,DSC04063,ARW,RAW,0B77383C-EE3A-42F2-91B7-9ADAA07E62B0,c121,c121,c121,,gray,0,,586827312,,,FE 50mm F1.4 ZA,100,50 mm,ƒ / 5.6,1/80 sec,5304 x 7952,,DA,,,,,,,,,2019-08-06,2026-05-14T09:48:33
/Volumes/dataLib/Pictures/Images/2019/2019-08/2019-08-06/DSC04161.ARW,/Volumes/dataLib/Pictures/Images/2019/2019-08/2019-08-06,DSC04161.ARW,DSC04161,ARW,RAW,507F8367-68A3-44BE-B48F-F43CFAEC3C53,c122,c122,c122,,gray,0,,586828299,,,FE 85mm F1.4 GM,100,85 mm,ƒ / 1.6,1/800 sec,5304 x 7952,,DA,,,,,,,,,2019-08-06,2026-05-14T09:48:33
/Volumes/dataLib/Pictures/Images/2019/2019-08/2019-08-06/DSC04214.ARW,/Volumes/dataLib/Pictures/Images/2019/2019-08/2019-08-06,DSC04214.ARW,DSC04214,ARW,RAW,EF7807A1-DA3C-4CAD-BCB1-ED9BDA14BFE3,c122,c122,c122,,gray,0,,586828464,,,FE 85mm F1.4 GM,100,85 mm,ƒ / 1.6,1/800 sec,5304 x 7952,,DA,,,,,,,,,2019-08-06,2026-05-14T09:48:33
/Volumes/dataLib/Pictures/Images/2019/2019-08/2019-08-06/DSC04230.ARW,/Volumes/dataLib/Pictures/Images/2019/2019-08/2019-08-06,DSC04230.ARW,DSC04230,ARW,RAW,1DD77C7A-C7ED-42D1-B97F-B54696FCEE9B,c122,c122,c122,,gray,0,,586828474,,,FE 85mm F1.4 GM,100,85 mm,ƒ / 1.6,1/800 sec,5304 x 7952,,DA,,,,,,,,,2019-08-06,2026-05-14T09:48:33
/Volumes/dataLib/Pictures/Images/2019/2019-08/2019-08-06/DSC04264.ARW,/Volumes/dataLib/Pictures/Images/2019/2019-08/2019-08-06,DSC04264.ARW,DSC04264,ARW,RAW,EFE908DB-1E8E-4FF6-938D-85FDC42CC085,c123,c123,c123,,gray,0,,586833298,,,FE 50mm F1.4 ZA,100,50 mm,ƒ / 1.6,1/2000 sec,5304 x 7952,,DA,,,,,,,,,2019-08-06,2026-05-14T09:48:33
/Volumes/dataLib/Pictures/Images/2019/2019-08/2019-08-06/DSC04273.ARW,/Volumes/dataLib/Pictures/Images/2019/2019-08/2019-08-06,DSC04273.ARW,DSC04273,ARW,RAW,ABC0ED34-86D3-406A-80D1-3E112414DFF2,c123,c123,c123,,gray,0,,586833370,,,FE 50mm F1.4 ZA,100,50 mm,ƒ / 1.6,1/2000 sec,5304 x 7952,,DA,,,,,,,,,2019-08-06,2026-05-14T09:48:33
/Volumes/dataLib/Pictures/Images/2019/2019-08/2019-08-06/DSC04296.ARW,/Volumes/dataLib/Pictures/Images/2019/2019-08/2019-08-06,DSC04296.ARW,DSC04296,ARW,RAW,0E9D214C-A37C-49BB-97B6-2A590FFD4D9A,c123,c123,c123,,gray,0,,586833691,,,FE 50mm F1.4 ZA,100,50 mm,ƒ / 1.4,1/2500 sec,5304 x 7952,,DA,,,,,,,,,2019-08-06,2026-05-14T09:48:33
/Volumes/dataLib/Pictures/Images/2019/2019-08/2019-08-06/DSC04330.ARW,/Volumes/dataLib/Pictures/Images/2019/2019-08/2019-08-06,DSC04330.ARW,DSC04330,ARW,RAW,80674BCF-EEBB-48AE-9569-A528EAF89B97,c125,c125,c125,,gray,0,,586833966,,,FE 50mm F1.4 ZA,100,50 mm,ƒ / 1.4,1/1250 sec,5304 x 7952,,DA,,,,,,,,,2019-08-06,2026-05-14T09:48:33
/Volumes/dataLib/Pictures/Images/2019/2019-08/2019-08-06/DSC04349.ARW,/Volumes/dataLib/Pictures/Images/2019/2019-08/2019-08-06,DSC04349.ARW,DSC04349,ARW,RAW,E1400593-EAFD-4312-A1D5-EB7204DAC18D,c125,c125,c125,,gray,0,,586834029,,,FE 50mm F1.4 ZA,100,50 mm,ƒ / 1.4,1/1250 sec,5304 x 7952,,DA,,,,,,,,,2019-08-06,2026-05-14T09:48:33
/Volumes/dataLib/Pictures/Images/2019/2019-08/2019-08-06/DSC04350.ARW,/Volumes/dataLib/Pictures/Images/2019/2019-08/2019-08-06,DSC04350.ARW,DSC04350,ARW,RAW,6DE25918-95A5-430F-BFB5-BEB1C08080AE,c125,c125,c125,,gray,0,,586834030,,,FE 50mm F1.4 ZA,100,50 mm,ƒ / 1.4,1/1250 sec,5304 x 7952,,DA,,,,,,,,,2019-08-06,2026-05-14T09:48:33
/Volumes/dataLib/Pictures/Images/2019/2019-08/2019-08-06/DSC04354.ARW,/Volumes/dataLib/Pictures/Images/2019/2019-08/2019-08-06,DSC04354.ARW,DSC04354,ARW,RAW,24AE25B4-73FC-49C0-9177-16B5473E206F,c126,c126,c126,,gray,0,,586834297,,,FE 85mm F1.4 GM,100,85 mm,ƒ / 1.8,1/1600 sec,5304 x 7952,,DA,,,,,,,,,2019-08-06,2026-05-14T09:48:33
/Volumes/dataLib/Pictures/Images/2019/2019-08/2019-08-06/DSC04356.ARW,/Volumes/dataLib/Pictures/Images/2019/2019-08/2019-08-06,DSC04356.ARW,DSC04356,ARW,RAW,CF2393E2-9787-498F-BBEC-CD09A62BB70F,c126,c126,c126,,gray,0,,586834305,,,FE 85mm F1.4 GM,100,85 mm,ƒ / 1.8,1/1600 sec,5304 x 7952,,DA,,,,,,,,,2019-08-06,2026-05-14T09:48:33
/Volumes/dataLib/Pictures/Images/2019/2019-08/2019-08-06/DSC04367.ARW,/Volumes/dataLib/Pictures/Images/2019/2019-08/2019-08-06,DSC04367.ARW,DSC04367,ARW,RAW,91E8C96C-ECE1-4A0E-A398-46C2FD62B74A,c126,c126,c126,,gray,0,,586834363,,,FE 85mm F1.4 GM,100,85 mm,ƒ / 1.8,1/1600 sec,5304 x 7952,,DA,,,,,,,,,2019-08-06,2026-05-14T09:48:33
/Volumes/dataLib/Pictures/Images/2019/2019-09/2019-09-21/DSC05437.ARW,/Volumes/dataLib/Pictures/Images/2019/2019-09/2019-09-21,DSC05437.ARW,DSC05437,ARW,RAW,A2911901-E1ED-4B1A-9B0D-8C547C6CBA79,c127,c127,c127,,gray,0,,590803400,,,FE 50mm F1.4 ZA,125,50 mm,ƒ / 2.8,1/250 sec,7952 x 5304,,AB,,,,,,,,,2019-09-21,2026-05-14T09:48:33
/Volumes/dataLib/Pictures/Images/2019/2019-09/2019-09-21/DSC05447.ARW,/Volumes/dataLib/Pictures/Images/2019/2019-09/2019-09-21,DSC05447.ARW,DSC05447,ARW,RAW,AD273D4B-23FD-4156-8283-85F18975781F,c127,c127,c127,,gray,0,,590803429,,,FE 50mm F1.4 ZA,160,50 mm,ƒ / 2.8,1/250 sec,7952 x 5304,,AB,,,,,,,,,2019-09-21,2026-05-14T09:48:33
/Volumes/dataLib/Pictures/Images/2019/2019-09/2019-09-21/DSC05460.ARW,/Volumes/dataLib/Pictures/Images/2019/2019-09/2019-09-21,DSC05460.ARW,DSC05460,ARW,RAW,C8D1CF08-A0DE-4DD3-A1BD-7609B066BD2B,c127,c127,c127,,gray,0,,590803441,,,FE 50mm F1.4 ZA,160,50 mm,ƒ / 2.8,1/250 sec,7952 x 5304,,AB,,,,,,,,,2019-09-21,2026-05-14T09:48:33
/Volumes/dataLib/Pictures/Images/2019/2019-09/2019-09-21/DSC05471.ARW,/Volumes/dataLib/Pictures/Images/2019/2019-09/2019-09-21,DSC05471.ARW,DSC05471,ARW,RAW,0C3C11AB-86DA-465C-9E85-8599AFE69668,c128,c128,c128,,gray,0,,590804527,,,FE 85mm F1.4 GM,250,85 mm,ƒ / 3.2,1/250 sec,5304 x 7952,,DA,,,,,,,,,2019-09-21,2026-05-14T09:48:33
/Volumes/dataLib/Pictures/Images/2019/2019-09/2019-09-21/DSC05482.ARW,/Volumes/dataLib/Pictures/Images/2019/2019-09/2019-09-21,DSC05482.ARW,DSC05482,ARW,RAW,27B01507-3FDB-4E0C-82A0-A45926BE0A64,c128,c128,c128,,gray,0,,590804566,,,FE 85mm F1.4 GM,250,85 mm,ƒ / 3.2,1/250 sec,5304 x 7952,,DA,,,,,,,,,2019-09-21,2026-05-14T09:48:33
/Volumes/dataLib/Pictures/Images/2019/2019-09/2019-09-21/DSC05556.ARW,/Volumes/dataLib/Pictures/Images/2019/2019-09/2019-09-21,DSC05556.ARW,DSC05556,ARW,RAW,82F9C9EB-38EA-4D10-84A9-A5F429354128,c128,c128,c128,,gray,0,,590804788,,,FE 85mm F1.4 GM,250,85 mm,ƒ / 3.2,1/250 sec,5304 x 7952,,DA,,,,,,,,,2019-09-21,2026-05-14T09:48:33
/Volumes/dataLib/Pictures/Images/2019/2019-10/2019-10-23/DSC07090.ARW,/Volumes/dataLib/Pictures/Images/2019/2019-10/2019-10-23,DSC07090.ARW,DSC07090,ARW,RAW,7453E8B3-55C2-48A5-8683-69B74A416431,c129,c129,c129,,gray,0,,593564363,,,FE 85mm F1.4 GM,100,85 mm,ƒ / 2.2,1/2000 sec,5304 x 7952,,DA,,,,,,,,,2019-10-23,2026-05-14T09:48:33
/Volumes/dataLib/Pictures/Images/2019/2019-10/2019-10-23/DSC07098.ARW,/Volumes/dataLib/Pictures/Images/2019/2019-10/2019-10-23,DSC07098.ARW,DSC07098,ARW,RAW,A419C7DE-6AB8-48CA-BBEE-D9B2F8EDB7C2,c129,c129,c129,,gray,0,,593564470,,,FE 85mm F1.4 GM,100,85 mm,ƒ / 2.2,1/640 sec,5304 x 7952,,DA,,,,,,,,,2019-10-23,2026-05-14T09:48:33
/Volumes/dataLib/Pictures/Images/2019/2019-10/2019-10-23/DSC07122.ARW,/Volumes/dataLib/Pictures/Images/2019/2019-10/2019-10-23,DSC07122.ARW,DSC07122,ARW,RAW,48BE1E3C-20F9-46FD-8A74-2F53D347BE9F,c129,c129,c129,,gray,0,,593564574,,,FE 85mm F1.4 GM,125,85 mm,ƒ / 2.2,1/250 sec,5304 x 7952,,DA,,,,,,,,,2019-10-23,2026-05-14T09:48:33
/Volumes/dataLib/Pictures/Images/2019/2019-10/2019-10-23/DSC07150.ARW,/Volumes/dataLib/Pictures/Images/2019/2019-10/2019-10-23,DSC07150.ARW,DSC07150,ARW,RAW,FFECD2F8-8A4B-46C3-8CBF-D6420C2CD0FC,c130,c130,c130,,gray,0,,593566149,,,FE 50mm F1.4 ZA,500,50 mm,ƒ / 2.2,1/250 sec,5304 x 7952,,DA,,,,,,,,,2019-10-23,2026-05-14T09:48:33
/Volumes/dataLib/Pictures/Images/2019/2019-10/2019-10-23/DSC07186.ARW,/Volumes/dataLib/Pictures/Images/2019/2019-10/2019-10-23,DSC07186.ARW,DSC07186,ARW,RAW,65B0B28D-710E-4DAB-A099-320C67885240,c130,c130,c130,,gray,0,,593566521,,,FE 50mm F1.4 ZA,100,50 mm,ƒ / 2.2,1/320 sec,5304 x 7952,,DA,,,,,,,,,2019-10-23,2026-05-14T09:48:33
/Volumes/dataLib/Pictures/Images/2019/2019-10/2019-10-23/DSC07200.ARW,/Volumes/dataLib/Pictures/Images/2019/2019-10/2019-10-23,DSC07200.ARW,DSC07200,ARW,RAW,2E9E998D-BE28-4E34-AF76-1A91C3CA90FA,c130,c130,c130,,gray,0,,593566532,,,FE 50mm F1.4 ZA,100,50 mm,ƒ / 2.2,1/320 sec,5304 x 7952,,DA,,,,,,,,,2019-10-23,2026-05-14T09:48:33
/Volumes/dataLib/Pictures/Images/2019/2019-10/2019-10-23/DSC07214.ARW,/Volumes/dataLib/Pictures/Images/2019/2019-10/2019-10-23,DSC07214.ARW,DSC07214,ARW,RAW,1D58D55E-19E3-4A09-9661-870D03F96A8A,c131,c131,c131 ; g080,,gray,0,,593567088,,,FE 50mm F1.4 ZA,200,50 mm,ƒ / 2.2,1/250 sec,5304 x 7952,,DA,,,,,,,,,2019-10-23,2026-05-14T09:48:33
/Volumes/dataLib/Pictures/Images/2019/2019-10/2019-10-23/DSC07240.ARW,/Volumes/dataLib/Pictures/Images/2019/2019-10/2019-10-23,DSC07240.ARW,DSC07240,ARW,RAW,7805638D-C55B-475A-9B62-3B4C09A70E4F,c131,c131,c131 ; g080,,gray,0,,593567156,,,FE 50mm F1.4 ZA,125,50 mm,ƒ / 2.2,1/250 sec,5304 x 7952,,DA,,,,,,,,,2019-10-23,2026-05-14T09:48:33
/Volumes/dataLib/Pictures/Images/2019/2019-10/2019-10-23/DSC07321.ARW,/Volumes/dataLib/Pictures/Images/2019/2019-10/2019-10-23,DSC07321.ARW,DSC07321,ARW,RAW,8FEFDD78-C81B-485B-A9AF-E688FD9C831A,c131,c131,c131 ; g080,,gray,0,,593567248,,,FE 50mm F1.4 ZA,125,50 mm,ƒ / 2.2,1/250 sec,5304 x 7952,,DA,,,,,,,,,2019-10-23,2026-05-14T09:48:33
/Volumes/dataLib/Pictures/Images/2019/2019-10/2019-10-23/DSC07345.ARW,/Volumes/dataLib/Pictures/Images/2019/2019-10/2019-10-23,DSC07345.ARW,DSC07345,ARW,RAW,09A81BD5-101E-428D-B97D-2EAAB0B30833,c132,c132,c132,,gray,0,,593567331,,,FE 50mm F1.4 ZA,125,50 mm,ƒ / 2.2,1/250 sec,5304 x 7952,,DA,,,,,,,,,2019-10-23,2026-05-14T09:48:33
/Volumes/dataLib/Pictures/Images/2019/2019-10/2019-10-23/DSC07350.ARW,/Volumes/dataLib/Pictures/Images/2019/2019-10/2019-10-23,DSC07350.ARW,DSC07350,ARW,RAW,4B887B2B-76EE-49CF-B123-F3D422D7FCBF,c132,c132,c132,,gray,0,,593567359,,,FE 50mm F1.4 ZA,160,50 mm,ƒ / 2.2,1/250 sec,5304 x 7952,,DA,,,,,,,,,2019-10-23,2026-05-14T09:48:33
/Volumes/dataLib/Pictures/Images/2019/2019-10/2019-10-23/DSC07375.ARW,/Volumes/dataLib/Pictures/Images/2019/2019-10/2019-10-23,DSC07375.ARW,DSC07375,ARW,RAW,15681B2E-ED3B-4D12-B41F-9FB952067797,c132,c132,c132,,gray,0,,593567411,,,FE 50mm F1.4 ZA,125,50 mm,ƒ / 2.2,1/250 sec,5304 x 7952,,DA,,,,,,,,,2019-10-23,2026-05-14T09:48:33
/Volumes/dataLib/Pictures/Images/2019/2019-10/2019-10-23/DSC07386.ARW,/Volumes/dataLib/Pictures/Images/2019/2019-10/2019-10-23,DSC07386.ARW,DSC07386,ARW,RAW,73DB63A7-36D7-48A9-A9C2-7E2C8479E1A0,c133,c133,c133 ; g079,,gray,0,,593567821,,,FE 50mm F1.4 ZA,400,50 mm,ƒ / 2.2,1/250 sec,5304 x 7952,,DA,,,,,,,,,2019-10-23,2026-05-14T09:48:33
/Volumes/dataLib/Pictures/Images/2019/2019-10/2019-10-23/DSC07429.ARW,/Volumes/dataLib/Pictures/Images/2019/2019-10/2019-10-23,DSC07429.ARW,DSC07429,ARW,RAW,8DBDE676-524B-4924-904E-73BA29A3BA21,c133,c133,c133 ; g079,,gray,0,,593567955,,,FE 50mm F1.4 ZA,500,50 mm,ƒ / 2.2,1/250 sec,5304 x 7952,,DA,,,,,,,,,2019-10-23,2026-05-14T09:48:33
/Volumes/dataLib/Pictures/Images/2019/2019-10/2019-10-23/DSC07456.ARW,/Volumes/dataLib/Pictures/Images/2019/2019-10/2019-10-23,DSC07456.ARW,DSC07456,ARW,RAW,DF8A2868-356C-4536-92E4-BF1A334B88A1,c133,c133,c133 ; g079,,gray,0,,593568035,,,FE 50mm F1.4 ZA,500,50 mm,ƒ / 2.2,1/250 sec,5304 x 7952,,DA,,,,,,,,,2019-10-23,2026-05-14T09:48:33
/Volumes/dataLib/Pictures/Images/2019/2019-10/2019-10-26/DSC07523.ARW,/Volumes/dataLib/Pictures/Images/2019/2019-10/2019-10-26,DSC07523.ARW,DSC07523,ARW,RAW,A2A1243E-ACEB-41C9-AC49-0DDEA5D1D037,c134,c134,c134 ; g078,,gray,0,,593825212,,,FE 50mm F1.4 ZA,100,50 mm,ƒ / 2.0,1/320 sec,5304 x 7952,,DA,,,,,,,,,2019-10-26,2026-05-14T09:48:33
/Volumes/dataLib/Pictures/Images/2019/2019-10/2019-10-26/DSC07541.ARW,/Volumes/dataLib/Pictures/Images/2019/2019-10/2019-10-26,DSC07541.ARW,DSC07541,ARW,RAW,FF5F16F5-C653-46FD-9F28-F0501B98391B,c134,c134,c134 ; g078,,gray,0,,593825586,,,FE 50mm F1.4 ZA,125,50 mm,ƒ / 2.0,1/250 sec,5304 x 7952,,DA,,,,,,,,,2019-10-26,2026-05-14T09:48:33
/Volumes/dataLib/Pictures/Images/2019/2019-10/2019-10-26/DSC07549.ARW,/Volumes/dataLib/Pictures/Images/2019/2019-10/2019-10-26,DSC07549.ARW,DSC07549,ARW,RAW,239FA726-72B0-4FF8-B2E5-2EE43BE675FB,c134,c134,c134 ; g078,,gray,0,,593825608,,,FE 50mm F1.4 ZA,125,50 mm,ƒ / 2.0,1/250 sec,5304 x 7952,,DA,,,,,,,,,2019-10-26,2026-05-14T09:48:33
/Volumes/dataLib/Pictures/Images/2019/2019-10/2019-10-26/DSC07569.ARW,/Volumes/dataLib/Pictures/Images/2019/2019-10/2019-10-26,DSC07569.ARW,DSC07569,ARW,RAW,2974BEEC-0852-495F-9977-D8BB13BC8A13,c135,c135,c135,,gray,0,,593826821,,,FE 50mm F1.4 ZA,250,50 mm,ƒ / 2.0,1/250 sec,5304 x 7952,,DA,,,,,,,,,2019-10-26,2026-05-14T09:48:33
/Volumes/dataLib/Pictures/Images/2019/2019-10/2019-10-26/DSC07575.ARW,/Volumes/dataLib/Pictures/Images/2019/2019-10/2019-10-26,DSC07575.ARW,DSC07575,ARW,RAW,18CF9341-6F31-472B-B159-92639D1FA449,c135,c135,c135,,gray,0,,593826867,,,FE 50mm F1.4 ZA,250,50 mm,ƒ / 2.0,1/250 sec,5304 x 7952,,DA,,,,,,,,,2019-10-26,2026-05-14T09:48:33
/Volumes/dataLib/Pictures/Images/2019/2019-10/2019-10-26/DSC07586.ARW,/Volumes/dataLib/Pictures/Images/2019/2019-10/2019-10-26,DSC07586.ARW,DSC07586,ARW,RAW,18ACEE1A-26B9-402D-BEA7-8BDB29B6B24E,c135,c135,c135,,gray,0,,593827023,,,FE 50mm F1.4 ZA,800,50 mm,ƒ / 2.5,1/250 sec,5304 x 7952,,DA,,,,,,,,,2019-10-26,2026-05-14T09:48:33
/Volumes/dataLib/Pictures/Images/2020/2020-01/2020-01-14/DSC08458.ARW,/Volumes/dataLib/Pictures/Images/2020/2020-01/2020-01-14,DSC08458.ARW,DSC08458,ARW,RAW,C7BDEC25-B86B-4559-A46E-4F368A872133,c136,c136,c136 ; g077,,gray,0,,600728140,,,FE 50mm F1.4 ZA,200,50 mm,ƒ / 2.8,1/250 sec,5304 x 7952,,DA,,,,,,,,,2020-01-14,2026-05-14T09:48:33
/Volumes/dataLib/Pictures/Images/2020/2020-01/2020-01-14/DSC08539.ARW,/Volumes/dataLib/Pictures/Images/2020/2020-01/2020-01-14,DSC08539.ARW,DSC08539,ARW,RAW,490D3016-F00E-466E-95C5-B0E73899810D,c136,c136,c136 ; g077,,gray,0,,600728609,,,FE 50mm F1.4 ZA,320,50 mm,ƒ / 2.8,1/250 sec,5304 x 7952,,DA,,,,,,,,,2020-01-14,2026-05-14T09:48:33
/Volumes/dataLib/Pictures/Images/2020/2020-01/2020-01-14/DSC08541.ARW,/Volumes/dataLib/Pictures/Images/2020/2020-01/2020-01-14,DSC08541.ARW,DSC08541,ARW,RAW,8BB8311E-D171-4A6B-BB89-A930F6266288,c136,c136,c136 ; g077,,gray,0,,600728610,,,FE 50mm F1.4 ZA,320,50 mm,ƒ / 2.8,1/250 sec,5304 x 7952,,DA,,,,,,,,,2020-01-14,2026-05-14T09:48:33
/Volumes/dataLib/Pictures/Images/2020/2020-01/2020-01-14/DSC08612.ARW,/Volumes/dataLib/Pictures/Images/2020/2020-01/2020-01-14,DSC08612.ARW,DSC08612,ARW,RAW,9A90B525-E77A-4F78-837D-C7EF3FBDB5C7,c137,c137,c137,,gray,0,,600730782,,,FE 50mm F1.4 ZA,200,50 mm,ƒ / 2.8,1/250 sec,5304 x 7952,,DA,,,,,,,,,2020-01-14,2026-05-14T09:48:33
/Volumes/dataLib/Pictures/Images/2020/2020-01/2020-01-14/DSC08617.ARW,/Volumes/dataLib/Pictures/Images/2020/2020-01/2020-01-14,DSC08617.ARW,DSC08617,ARW,RAW,48719C81-056E-41AF-BCBD-2969BF4F3E7E,c137,c137,c137,,gray,0,,600730797,,,FE 50mm F1.4 ZA,200,50 mm,ƒ / 2.8,1/250 sec,5304 x 7952,,DA,,,,,,,,,2020-01-14,2026-05-14T09:48:33
/Volumes/dataLib/Pictures/Images/2020/2020-01/2020-01-14/DSC08673.ARW,/Volumes/dataLib/Pictures/Images/2020/2020-01/2020-01-14,DSC08673.ARW,DSC08673,ARW,RAW,59EC8E7A-0B64-4FA1-9886-5964947835D9,c137,c137,c137,,gray,0,,600730928,,,FE 50mm F1.4 ZA,200,50 mm,ƒ / 2.8,1/250 sec,5304 x 7952,,DA,,,,,,,,,2020-01-14,2026-05-14T09:48:33
/Volumes/dataLib/Pictures/Images/2020/2020-01/2020-01-14/DSC08712.ARW,/Volumes/dataLib/Pictures/Images/2020/2020-01/2020-01-14,DSC08712.ARW,DSC08712,ARW,RAW,224B1262-F115-410E-887C-2DFB1B642ED2,c138,c138,c138,,gray,0,,600732050,,,FE 50mm F1.4 ZA,200,50 mm,ƒ / 4.0,1/250 sec,5304 x 7952,,DA,,,,,,,,,2020-01-14,2026-05-14T09:48:33
/Volumes/dataLib/Pictures/Images/2020/2020-01/2020-01-14/DSC08776.ARW,/Volumes/dataLib/Pictures/Images/2020/2020-01/2020-01-14,DSC08776.ARW,DSC08776,ARW,RAW,DE2EA13B-7E7D-48DB-B8D5-A915C6F32B4D,c138,c138,c138,,gray,0,,600732115,,,FE 50mm F1.4 ZA,200,50 mm,ƒ / 4.0,1/250 sec,5304 x 7952,,DA,,,,,,,,,2020-01-14,2026-05-14T09:48:33
/Volumes/dataLib/Pictures/Images/2020/2020-01/2020-01-14/DSC08790.ARW,/Volumes/dataLib/Pictures/Images/2020/2020-01/2020-01-14,DSC08790.ARW,DSC08790,ARW,RAW,24D1A196-F67F-40B4-A44F-E2C84440D248,c138,c138,c138,,gray,0,,600732124,,,FE 50mm F1.4 ZA,200,50 mm,ƒ / 4.0,1/250 sec,5304 x 7952,,DA,,,,,,,,,2020-01-14,2026-05-14T09:48:33
/Volumes/dataLib/Pictures/Images/2020/2020-02/2020-02-09/DSC09563.ARW,/Volumes/dataLib/Pictures/Images/2020/2020-02/2020-02-09,DSC09563.ARW,DSC09563,ARW,RAW,2719D852-195C-42B0-A71F-5D59ED8BFF25,c139,c139,c139 ; g076,,gray,0,,602990456,,,FE 85mm F1.4 GM,200,85 mm,ƒ / 2.8,1/250 sec,5304 x 7952,,DA,,,,,,,,,2020-02-09,2026-05-14T09:48:33
/Volumes/dataLib/Pictures/Images/2020/2020-02/2020-02-09/DSC09574.ARW,/Volumes/dataLib/Pictures/Images/2020/2020-02/2020-02-09,DSC09574.ARW,DSC09574,ARW,RAW,0A053A49-B35A-4CE3-ABA3-A73908990C3C,c139,c139,c139 ; g076,,gray,0,,602990520,,,FE 85mm F1.4 GM,250,85 mm,ƒ / 2.8,1/250 sec,5304 x 7952,,DA,,,,,,,,,2020-02-09,2026-05-14T09:48:33
/Volumes/dataLib/Pictures/Images/2020/2020-02/2020-02-09/DSC09623.ARW,/Volumes/dataLib/Pictures/Images/2020/2020-02/2020-02-09,DSC09623.ARW,DSC09623,ARW,RAW,B8C0DB80-68ED-48C4-9D97-2DDF8F72C83E,c139,c139,c139,,gray,0,,602990809,,,FE 85mm F1.4 GM,200,85 mm,ƒ / 2.8,1/250 sec,5304 x 7952,,DA,,,,,,,,,2020-02-09,2026-05-14T09:48:33
/Volumes/dataLib/Pictures/Images/2020/2020-02/2020-02-09/DSC09651.ARW,/Volumes/dataLib/Pictures/Images/2020/2020-02/2020-02-09,DSC09651.ARW,DSC09651,ARW,RAW,1D41F3FD-F101-49D3-B847-0824738B7F79,c140,c140,c140,,gray,0,,602991219,,,FE 85mm F1.4 GM,800,85 mm,ƒ / 2.5,1/250 sec,5304 x 7952,,DA,,,,,,,,,2020-02-09,2026-05-14T09:48:33
/Volumes/dataLib/Pictures/Images/2020/2020-02/2020-02-09/DSC09653.ARW,/Volumes/dataLib/Pictures/Images/2020/2020-02/2020-02-09,DSC09653.ARW,DSC09653,ARW,RAW,C9694BFF-B7BC-4463-A92D-8EF42C758E4D,c140,c140,c140,,gray,0,,602991220,,,FE 85mm F1.4 GM,800,85 mm,ƒ / 2.5,1/250 sec,5304 x 7952,,DA,,,,,,,,,2020-02-09,2026-05-14T09:48:33
/Volumes/dataLib/Pictures/Images/2020/2020-02/2020-02-09/DSC09683.ARW,/Volumes/dataLib/Pictures/Images/2020/2020-02/2020-02-09,DSC09683.ARW,DSC09683,ARW,RAW,2C5E7503-61EE-4782-ABDF-F1EFC3AF8600,c140,c140,c140,,gray,0,,602991240,,,FE 85mm F1.4 GM,800,85 mm,ƒ / 2.5,1/250 sec,5304 x 7952,,DA,,,,,,,,,2020-02-09,2026-05-14T09:48:33
/Volumes/dataLib/Pictures/Images/2020/2020-03/2020-03-15/DSC03048.arw,/Volumes/dataLib/Pictures/Images/2020/2020-03/2020-03-15,DSC03048.arw,DSC03048,arw,RAW,6344B85E-DA9A-4F3A-8372-362094060F49,c141,c141,c141,,gray,0,,606006859,,,FE 50mm F1.4 ZA,100,50 mm,ƒ / 1.4,1/2000 sec,5304 x 7952,,DA,,,,,,,,,2020-03-15,2026-05-14T09:48:33
/Volumes/dataLib/Pictures/Images/2020/2020-03/2020-03-15/DSC03165.arw,/Volumes/dataLib/Pictures/Images/2020/2020-03/2020-03-15,DSC03165.arw,DSC03165,arw,RAW,71D5F307-8FCA-4368-BEB4-8824618572C8,c141,c141,c141,,gray,0,,606007346,,,FE 50mm F1.4 ZA,100,50 mm,ƒ / 1.4,1/3200 sec,5304 x 7952,,DA,,,,,,,,,2020-03-15,2026-05-14T09:48:33
/Volumes/dataLib/Pictures/Images/2020/2020-03/2020-03-15/DSC03303.arw,/Volumes/dataLib/Pictures/Images/2020/2020-03/2020-03-15,DSC03303.arw,DSC03303,arw,RAW,3E5DAB17-D2BD-4948-BEB7-C6DD88A9F2EB,c141,c141,c141,,gray,0,,606007424,,,FE 50mm F1.4 ZA,100,50 mm,ƒ / 1.4,1/1250 sec,5304 x 7952,,DA,,,,,,,,,2020-03-15,2026-05-14T09:48:33
/Volumes/dataLib/Pictures/Images/2020/2020-03/2020-03-15/DSC04149.arw,/Volumes/dataLib/Pictures/Images/2020/2020-03/2020-03-15,DSC04149.arw,DSC04149,arw,RAW,8B3CBCA2-F674-4BB9-BC57-02DA8EF335FA,c142,c142,c142,,gray,0,,606013918,,,FE 50mm F1.4 ZA,500,50 mm,ƒ / 2.0,1/250 sec,5304 x 7952,,DA,,,,,,,,,2020-03-15,2026-05-14T09:48:33
/Volumes/dataLib/Pictures/Images/2020/2020-03/2020-03-15/DSC04446.arw,/Volumes/dataLib/Pictures/Images/2020/2020-03/2020-03-15,DSC04446.arw,DSC04446,arw,RAW,25D4EC39-D124-43D8-A47A-E54DB98460A7,c142,c142,c142,,gray,0,,606014179,,,FE 35mm F1.4 ZA,250,35 mm,ƒ / 2.0,1/250 sec,5304 x 7952,,DA,,,,,,,,,2020-03-15,2026-05-14T09:48:33
/Volumes/dataLib/Pictures/Images/2020/2020-03/2020-03-15/DSC04935.arw,/Volumes/dataLib/Pictures/Images/2020/2020-03/2020-03-15,DSC04935.arw,DSC04935,arw,RAW,6ECE82CB-0363-4C21-8C78-CBD07B3AF5F2,c142,c142,c142,,gray,0,,606014446,,,FE 35mm F1.4 ZA,250,35 mm,ƒ / 2.0,1/250 sec,5304 x 7952,,DA,,,,,,,,,2020-03-15,2026-05-14T09:48:33
/Volumes/dataLib/Pictures/Images/2020/2020-06/2020-06-20/DSC06641.ARW,/Volumes/dataLib/Pictures/Images/2020/2020-06/2020-06-20,DSC06641.ARW,DSC06641,ARW,RAW,3B270DFC-B72D-4A42-9444-EF5B9E9E242E,c143,c143,c143,,gray,0,,614391710,,,FE 85mm F1.4 GM,100,85 mm,ƒ / 2.8,1/500 sec,5304 x 7952,,DA,,,,,,,,,2020-06-20,2026-05-14T09:48:33
/Volumes/dataLib/Pictures/Images/2020/2020-06/2020-06-20/DSC06654.ARW,/Volumes/dataLib/Pictures/Images/2020/2020-06/2020-06-20,DSC06654.ARW,DSC06654,ARW,RAW,0BA67044-2AC7-4FCF-AF37-838A65776DC5,c143,c143,c143,,gray,0,,614391886,,,FE 85mm F1.4 GM,100,85 mm,ƒ / 2.8,1/500 sec,5304 x 7952,,DA,,,,,,,,,2020-06-20,2026-05-14T09:48:33
/Volumes/dataLib/Pictures/Images/2020/2020-06/2020-06-20/DSC06682.ARW,/Volumes/dataLib/Pictures/Images/2020/2020-06/2020-06-20,DSC06682.ARW,DSC06682,ARW,RAW,E377F359-491D-486B-A7BB-88EE1A981646,c143,c143,c143,,gray,0,,614392125,,,FE 85mm F1.4 GM,100,85 mm,ƒ / 2.8,1/500 sec,5304 x 7952,,DA,,,,,,,,,2020-06-20,2026-05-14T09:48:33
/Volumes/dataLib/Pictures/Images/2020/2020-06/2020-06-20/DSC06748.ARW,/Volumes/dataLib/Pictures/Images/2020/2020-06/2020-06-20,DSC06748.ARW,DSC06748,ARW,RAW,ECD10F68-656C-4F7A-9D69-0FFC657EC680,c144,c144,c144 ; g075,,gray,0,,614396856,,,FE 85mm F1.4 GM,100,85 mm,ƒ / 2.8,1/320 sec,5304 x 7952,,DA,,,,,,,,,2020-06-20,2026-05-14T09:48:33
/Volumes/dataLib/Pictures/Images/2020/2020-06/2020-06-20/DSC06792.ARW,/Volumes/dataLib/Pictures/Images/2020/2020-06/2020-06-20,DSC06792.ARW,DSC06792,ARW,RAW,BDEA1303-F347-48C6-9B8A-34FF630BE553,c144,c144,c144 ; g075,,gray,0,,614397376,,,FE 50mm F1.4 ZA,160,50 mm,ƒ / 3.2,1/250 sec,5304 x 7952,,DA,,,,,,,,,2020-06-20,2026-05-14T09:48:33
/Volumes/dataLib/Pictures/Images/2020/2020-06/2020-06-20/DSC06804.ARW,/Volumes/dataLib/Pictures/Images/2020/2020-06/2020-06-20,DSC06804.ARW,DSC06804,ARW,RAW,C49A166A-A25F-4AB6-953C-CF1A4615E138,c144,c144,c144 ; g075,,gray,0,,614397498,,,FE 50mm F1.4 ZA,125,50 mm,ƒ / 3.2,1/250 sec,5304 x 7952,,DA,,,,,,,,,2020-06-20,2026-05-14T09:48:33
/Volumes/dataLib/Pictures/Images/2020/2020-06/2020-06-20/DSC06876.ARW,/Volumes/dataLib/Pictures/Images/2020/2020-06/2020-06-20,DSC06876.ARW,DSC06876,ARW,RAW,B856C1BB-3247-42F3-8F80-151B83CE671D,c145,c145,c145 ; g074,,gray,0,,614397972,,,FE 50mm F1.4 ZA,125,50 mm,ƒ / 2.8,1/250 sec,5304 x 7952,,DA,,,,,,,,,2020-06-20,2026-05-14T09:48:33
/Volumes/dataLib/Pictures/Images/2020/2020-06/2020-06-20/DSC06881.ARW,/Volumes/dataLib/Pictures/Images/2020/2020-06/2020-06-20,DSC06881.ARW,DSC06881,ARW,RAW,BB6B16C1-8587-4DB1-9DC9-B32613BB2803,c145,c145,c145 ; g074,,gray,0,,614397975,,,FE 50mm F1.4 ZA,125,50 mm,ƒ / 2.8,1/250 sec,5304 x 7952,,DA,,,,,,,,,2020-06-20,2026-05-14T09:48:33
/Volumes/dataLib/Pictures/Images/2020/2020-06/2020-06-20/DSC06942.ARW,/Volumes/dataLib/Pictures/Images/2020/2020-06/2020-06-20,DSC06942.ARW,DSC06942,ARW,RAW,106EB584-5DF3-4862-8C9D-62414F922C37,c145,c145,c145 ; g074,,gray,0,,614398073,,,FE 50mm F1.4 ZA,125,50 mm,ƒ / 2.8,1/250 sec,5304 x 7952,,DA,,,,,,,,,2020-06-20,2026-05-14T09:48:33
/Volumes/dataLib/Pictures/Images/2020/2020-06/2020-06-27/DSC07881.ARW,/Volumes/dataLib/Pictures/Images/2020/2020-06/2020-06-27,DSC07881.ARW,DSC07881,ARW,RAW,3A1BFDE3-310B-4D3C-8F88-88EA49F26B64,c146,c146,c146,,gray,0,,614997427,,,FE 50mm F1.4 ZA,100,50 mm,ƒ / 2.2,1/400 sec,5304 x 7952,,DA,,,,,,,,,2020-06-27,2026-05-14T09:48:33
/Volumes/dataLib/Pictures/Images/2020/2020-06/2020-06-27/DSC07886.ARW,/Volumes/dataLib/Pictures/Images/2020/2020-06/2020-06-27,DSC07886.ARW,DSC07886,ARW,RAW,55BFD86A-0601-4CE0-903B-D452984CC6D2,c146,c146,c146,,gray,0,,614997429,,,FE 50mm F1.4 ZA,100,50 mm,ƒ / 2.2,1/400 sec,5304 x 7952,,DA,,,,,,,,,2020-06-27,2026-05-14T09:48:33
/Volumes/dataLib/Pictures/Images/2020/2020-06/2020-06-27/DSC07947.ARW,/Volumes/dataLib/Pictures/Images/2020/2020-06/2020-06-27,DSC07947.ARW,DSC07947,ARW,RAW,4124155E-6B4E-4C98-9DF5-E406CBEDA73F,c146,c146,c146,,gray,0,,614997510,,,FE 50mm F1.4 ZA,100,50 mm,ƒ / 2.2,1/400 sec,5304 x 7952,,DA,,,,,,,,,2020-06-27,2026-05-14T09:48:33
/Volumes/dataLib/Pictures/Images/2020/2020-07/2020-07-11/DSC08115.ARW,/Volumes/dataLib/Pictures/Images/2020/2020-07/2020-07-11,DSC08115.ARW,DSC08115,ARW,RAW,5353BB42-DF07-4BE5-BDA9-A862C5F9F6CF,c147,c147,c147,,gray,0,,616199923,,,FE 50mm F1.4 ZA,100,50 mm,ƒ / 2.2,1/400 sec,7952 x 5304,,AB,,,,,,,,,2020-07-11,2026-05-14T09:48:33
/Volumes/dataLib/Pictures/Images/2020/2020-07/2020-07-11/DSC08140.ARW,/Volumes/dataLib/Pictures/Images/2020/2020-07/2020-07-11,DSC08140.ARW,DSC08140,ARW,RAW,BDD598C8-A658-463C-A553-362DABBA2788,c147,c147,c147,,gray,0,,616200018,,,FE 50mm F1.4 ZA,125,50 mm,ƒ / 3.2,1/250 sec,7952 x 5304,,AB,,,,,,,,,2020-07-11,2026-05-14T09:48:33
/Volumes/dataLib/Pictures/Images/2020/2020-07/2020-07-11/DSC08141.ARW,/Volumes/dataLib/Pictures/Images/2020/2020-07/2020-07-11,DSC08141.ARW,DSC08141,ARW,RAW,AEE40D2B-AD38-456A-A950-B7A16BF066CF,c147,c147,c147,,gray,0,,616200018,,,FE 50mm F1.4 ZA,125,50 mm,ƒ / 3.2,1/250 sec,7952 x 5304,,AB,,,,,,,,,2020-07-11,2026-05-14T09:48:33
/Volumes/dataLib/Pictures/Images/2020/2020-07/2020-07-11/DSC08186.ARW,/Volumes/dataLib/Pictures/Images/2020/2020-07/2020-07-11,DSC08186.ARW,DSC08186,ARW,RAW,C2522A43-64AE-4CA5-BDD3-B4CA2B975181,c148,c148,c148,,gray,0,,616200312,,,FE 50mm F1.4 ZA,200,50 mm,ƒ / 3.2,1/250 sec,7952 x 5304,,AB,,,,,,,,,2020-07-11,2026-05-14T09:48:33
/Volumes/dataLib/Pictures/Images/2020/2020-07/2020-07-11/DSC08192.ARW,/Volumes/dataLib/Pictures/Images/2020/2020-07/2020-07-11,DSC08192.ARW,DSC08192,ARW,RAW,9F076FB1-7118-4BB4-96EB-F31C397E1BE6,c148,c148,c148,,gray,0,,616200323,,,FE 50mm F1.4 ZA,200,50 mm,ƒ / 3.2,1/250 sec,7952 x 5304,,AB,,,,,,,,,2020-07-11,2026-05-14T09:48:33
/Volumes/dataLib/Pictures/Images/2020/2020-07/2020-07-11/DSC08201.ARW,/Volumes/dataLib/Pictures/Images/2020/2020-07/2020-07-11,DSC08201.ARW,DSC08201,ARW,RAW,FDE8D187-0220-458A-AF4D-CF0B399BA3B1,c148,c148,c148,,gray,0,,616200344,,,FE 50mm F1.4 ZA,200,50 mm,ƒ / 3.2,1/250 sec,7952 x 5304,,AB,,,,,,,,,2020-07-11,2026-05-14T09:48:33
/Volumes/dataLib/Pictures/Images/2020/2020-07/2020-07-11/DSC08220.ARW,/Volumes/dataLib/Pictures/Images/2020/2020-07/2020-07-11,DSC08220.ARW,DSC08220,ARW,RAW,AD7DA3E2-CF86-4B52-8989-495ACA7A2746,c149,c149,c149 ; g073,,gray,0,,616207246,,,FE 85mm F1.4 GM,125,85 mm,ƒ / 4.5,1/250 sec,5304 x 7952,,DA,,,,,,,,,2020-07-11,2026-05-14T09:48:33
/Volumes/dataLib/Pictures/Images/2020/2020-07/2020-07-11/DSC08247.ARW,/Volumes/dataLib/Pictures/Images/2020/2020-07/2020-07-11,DSC08247.ARW,DSC08247,ARW,RAW,6494569D-F128-433F-A6D0-5F253FDC7DDE,c149,c149,c149 ; g073,,gray,0,,616207386,,,FE 85mm F1.4 GM,125,85 mm,ƒ / 4.5,1/250 sec,5304 x 7952,,DA,,,,,,,,,2020-07-11,2026-05-14T09:48:33
/Volumes/dataLib/Pictures/Images/2020/2020-07/2020-07-11/DSC08254.ARW,/Volumes/dataLib/Pictures/Images/2020/2020-07/2020-07-11,DSC08254.ARW,DSC08254,ARW,RAW,900626BD-700B-4DDA-A0FC-F113F9DB1BDF,c149,c149,c149 ; g073,,gray,0,,616207413,,,FE 85mm F1.4 GM,125,85 mm,ƒ / 4.5,1/250 sec,5304 x 7952,,DA,,,,,,,,,2020-07-11,2026-05-14T09:48:33
/Volumes/dataLib/Pictures/Images/2020/2020-07/2020-07-11/DSC08312.ARW,/Volumes/dataLib/Pictures/Images/2020/2020-07/2020-07-11,DSC08312.ARW,DSC08312,ARW,RAW,4C4468F8-6E0D-41DA-86AA-B9937821B77B,c150,c150,@inkedbyestera ; Estera Mihulet ; c150 ; g072,2,purple,0,,616212476,,,FE 50mm F1.4 ZA,400,50 mm,ƒ / 3.2,1/250 sec,5304 x 7952,,DA,,,Mount Tamalpais,,Marin County,,USA,US,2020-07-11,2026-05-14T09:48:33
/Volumes/dataLib/Pictures/Images/2020/2020-07/2020-07-11/DSC08317.ARW,/Volumes/dataLib/Pictures/Images/2020/2020-07/2020-07-11,DSC08317.ARW,DSC08317,ARW,RAW,A0DE0EC8-4D34-4880-B119-D5B5B3E61FB7,c150,c150,@inkedbyestera ; Estera Mihulet ; c150 ; g072,,gray,0,,616212510,,,FE 50mm F1.4 ZA,400,50 mm,ƒ / 3.2,1/250 sec,5304 x 7952,,DA,,,Mount Tamalpais,,Marin County,,USA,US,2020-07-11,2026-05-14T09:48:33
/Volumes/dataLib/Pictures/Images/2020/2020-07/2020-07-11/DSC08344.ARW,/Volumes/dataLib/Pictures/Images/2020/2020-07/2020-07-11,DSC08344.ARW,DSC08344,ARW,RAW,542D257C-DEA3-46C2-8F2C-DF05E7208C49,c150,c150,@inkedbyestera ; Estera Mihulet ; c150 ; g072,,gray,0,,616212631,,,FE 50mm F1.4 ZA,400,50 mm,ƒ / 3.2,1/250 sec,5304 x 7952,,DA,,,Mount Tamalpais,,Marin County,,USA,US,2020-07-11,2026-05-14T09:48:33
/Volumes/dataLib/Pictures/Images/2020/2020-07/2020-07-25/DSC08700.ARW,/Volumes/dataLib/Pictures/Images/2020/2020-07/2020-07-25,DSC08700.ARW,DSC08700,ARW,RAW,1C78EC5C-3EF9-4F87-93B5-7E07AF61245F,c151,c151,c151,,gray,0,,617405428,,,24mm F1.4 DG HSM | Art 018,250,24 mm,ƒ / 3.5,1/250 sec,5304 x 7952,,DA,,,,,,,,,2020-07-25,2026-05-14T09:48:33
/Volumes/dataLib/Pictures/Images/2020/2020-07/2020-07-25/DSC08728.ARW,/Volumes/dataLib/Pictures/Images/2020/2020-07/2020-07-25,DSC08728.ARW,DSC08728,ARW,RAW,2E56A76F-E8FD-42E4-A351-A6E90EC5DC8C,c151,c151,c151,,gray,0,,617405560,,,24mm F1.4 DG HSM | Art 018,400,24 mm,ƒ / 3.5,1/250 sec,5304 x 7952,,DA,,,,,,,,,2020-07-25,2026-05-14T09:48:33
/Volumes/dataLib/Pictures/Images/2020/2020-07/2020-07-25/DSC08735.ARW,/Volumes/dataLib/Pictures/Images/2020/2020-07/2020-07-25,DSC08735.ARW,DSC08735,ARW,RAW,5B4CA924-5F2A-4923-9EB8-A939AEF392B2,c151,c151,c151,,gray,0,,617405569,,,24mm F1.4 DG HSM | Art 018,400,24 mm,ƒ / 3.5,1/250 sec,5304 x 7952,,DA,,,,,,,,,2020-07-25,2026-05-14T09:48:33
/Volumes/dataLib/Pictures/Images/2020/2020-07/2020-07-25/DSC08762.ARW,/Volumes/dataLib/Pictures/Images/2020/2020-07/2020-07-25,DSC08762.ARW,DSC08762,ARW,RAW,BBBA6E6A-308A-43F2-8142-7A242FD85D67,c152,c152,c152,,gray,0,,617406271,,,FE 50mm F1.4 ZA,100,50 mm,ƒ / 1.4,1/1000 sec,7952 x 5304,,AB,,,,,,,,,2020-07-25,2026-05-14T09:48:33
/Volumes/dataLib/Pictures/Images/2020/2020-07/2020-07-25/DSC08807.ARW,/Volumes/dataLib/Pictures/Images/2020/2020-07/2020-07-25,DSC08807.ARW,DSC08807,ARW,RAW,BF38D1A6-5099-4D0B-AE93-914848B2D4C5,c152,c152,c152,,gray,0,,617406466,,,FE 50mm F1.4 ZA,100,50 mm,ƒ / 1.4,1/1000 sec,5304 x 7952,,DA,,,,,,,,,2020-07-25,2026-05-14T09:48:33
/Volumes/dataLib/Pictures/Images/2020/2020-07/2020-07-25/DSC08917.ARW,/Volumes/dataLib/Pictures/Images/2020/2020-07/2020-07-25,DSC08917.ARW,DSC08917,ARW,RAW,331BF246-1F02-4B7E-BB3E-6817E7D1DD6F,c152,c152,c152,,gray,0,,617406772,,,FE 50mm F1.4 ZA,100,50 mm,ƒ / 1.4,1/1000 sec,7952 x 5304,,AB,,,,,,,,,2020-07-25,2026-05-14T09:48:33
/Volumes/dataLib/Pictures/Images/2020/2020-07/2020-07-25/DSC09080.ARW,/Volumes/dataLib/Pictures/Images/2020/2020-07/2020-07-25,DSC09080.ARW,DSC09080,ARW,RAW,42297D5E-828B-424E-A36E-DC9C407D4BDE,c153,c153,c153,,gray,0,,617409081,,,FE 35mm F1.4 ZA,100,35 mm,ƒ / 1.8,1/320 sec,5304 x 7952,,DA,,,,,,,,,2020-07-25,2026-05-14T09:48:33
/Volumes/dataLib/Pictures/Images/2020/2020-07/2020-07-25/DSC09101.ARW,/Volumes/dataLib/Pictures/Images/2020/2020-07/2020-07-25,DSC09101.ARW,DSC09101,ARW,RAW,2F26E635-9EBE-4509-A9D4-CE9ECFC2B39B,c153,c153,c153,,gray,0,,617409282,,,FE 35mm F1.4 ZA,100,35 mm,ƒ / 1.8,1/320 sec,7952 x 5304,,AB,,,,,,,,,2020-07-25,2026-05-14T09:48:33
/Volumes/dataLib/Pictures/Images/2020/2020-07/2020-07-25/DSC09183.ARW,/Volumes/dataLib/Pictures/Images/2020/2020-07/2020-07-25,DSC09183.ARW,DSC09183,ARW,RAW,D47ADF26-4380-4E57-90C6-C8E788F3A398,c153,c153,c153,,gray,0,,617409844,,,FE 35mm F1.4 ZA,100,35 mm,ƒ / 1.8,1/320 sec,5304 x 7952,,DA,,,,,,,,,2020-07-25,2026-05-14T09:48:33
/Volumes/dataLib/Pictures/Images/2020/2020-08/2020-08-08/DSC09886.ARW,/Volumes/dataLib/Pictures/Images/2020/2020-08/2020-08-08,DSC09886.ARW,DSC09886,ARW,RAW,4A421831-3C95-4D31-8213-22B4C646843E,c154,c154,c154,,gray,0,,618622508,,,FE 35mm F1.4 ZA,125,35 mm,ƒ / 2.8,1/250 sec,5304 x 7952,,DA,,,,,,,,,2020-08-08,2026-05-14T09:48:33
/Volumes/dataLib/Pictures/Images/2020/2020-08/2020-08-08/DSC09895.ARW,/Volumes/dataLib/Pictures/Images/2020/2020-08/2020-08-08,DSC09895.ARW,DSC09895,ARW,RAW,F04BACCF-9B6C-48C3-8231-C91A40A744EC,c154,c154,c154,,gray,0,,618622580,,,FE 35mm F1.4 ZA,250,35 mm,ƒ / 2.8,1/250 sec,5304 x 7952,,DA,,,,,,,,,2020-08-08,2026-05-14T09:48:33
/Volumes/dataLib/Pictures/Images/2020/2020-08/2020-08-08/DSC09915.ARW,/Volumes/dataLib/Pictures/Images/2020/2020-08/2020-08-08,DSC09915.ARW,DSC09915,ARW,RAW,A665A8C7-71B2-4ACD-9506-D0FB0A85D82F,c154,c154,c154,,gray,0,,618622687,,,FE 35mm F1.4 ZA,160,35 mm,ƒ / 2.8,1/250 sec,5304 x 7952,,DA,,,,,,,,,2020-08-08,2026-05-14T09:48:33
/Volumes/dataLib/Pictures/Images/2020/2020-08/2020-08-08/DSC00011.ARW,/Volumes/dataLib/Pictures/Images/2020/2020-08/2020-08-08,DSC00011.ARW,DSC00011,ARW,RAW,95FB4C6E-E0F5-4D2D-B7DF-41E69D80F904,c155,c155,c155 ; g071,,gray,0,,618623882,,,FE 35mm F1.4 ZA,100,35 mm,ƒ / 1.4,1/2500 sec,5304 x 7952,,DA,,,,,,,,,2020-08-08,2026-05-14T09:48:33
/Volumes/dataLib/Pictures/Images/2020/2020-08/2020-08-08/DSC00016.ARW,/Volumes/dataLib/Pictures/Images/2020/2020-08/2020-08-08,DSC00016.ARW,DSC00016,ARW,RAW,C21032B5-D753-44F6-880B-2B72ADF73926,c155,c155,c155 ; g071,,gray,0,,618623895,,,FE 35mm F1.4 ZA,100,35 mm,ƒ / 1.4,1/2000 sec,5304 x 7952,,DA,,,,,,,,,2020-08-08,2026-05-14T09:48:33
/Volumes/dataLib/Pictures/Images/2020/2020-08/2020-08-08/DSC00027.ARW,/Volumes/dataLib/Pictures/Images/2020/2020-08/2020-08-08,DSC00027.ARW,DSC00027,ARW,RAW,C69E95A9-EB3E-44DE-81E0-21AB1AFD02D6,c155,c155,c155 ; g071,,gray,0,,618623975,,,FE 35mm F1.4 ZA,100,35 mm,ƒ / 1.4,1/2000 sec,5304 x 7952,,DA,,,,,,,,,2020-08-08,2026-05-14T09:48:33
/Volumes/dataLib/Pictures/Images/2020/2020-08/2020-08-08/DSC00079.ARW,/Volumes/dataLib/Pictures/Images/2020/2020-08/2020-08-08,DSC00079.ARW,DSC00079,ARW,RAW,485D56F4-8E03-4FD2-991A-428681E8E457,c156,c156,c156 ; g070,,gray,0,,618624340,,,FE 50mm F1.4 ZA,100,50 mm,ƒ / 1.4,1/2000 sec,5304 x 7952,,DA,,,,,,,,,2020-08-08,2026-05-14T09:48:33
/Volumes/dataLib/Pictures/Images/2020/2020-08/2020-08-08/DSC00094.ARW,/Volumes/dataLib/Pictures/Images/2020/2020-08/2020-08-08,DSC00094.ARW,DSC00094,ARW,RAW,CE10E7A4-F3A3-42F9-8D29-CA34AFBE3795,c156,c156,c156 ; g070,,gray,0,,618624401,,,FE 50mm F1.4 ZA,100,50 mm,ƒ / 1.4,1/2500 sec,5304 x 7952,,DA,,,,,,,,,2020-08-08,2026-05-14T09:48:33
/Volumes/dataLib/Pictures/Images/2020/2020-08/2020-08-08/DSC00116.ARW,/Volumes/dataLib/Pictures/Images/2020/2020-08/2020-08-08,DSC00116.ARW,DSC00116,ARW,RAW,A48C31D4-C1C9-4CBC-BBFA-8719D236A02E,c156,c156,c156 ; g070,,gray,0,,618624449,,,FE 50mm F1.4 ZA,100,50 mm,ƒ / 1.4,1/2000 sec,5304 x 7952,,DA,,,,,,,,,2020-08-08,2026-05-14T09:48:33
/Volumes/dataLib/Pictures/Images/2020/2020-08/2020-08-27/DSC00384.ARW,/Volumes/dataLib/Pictures/Images/2020/2020-08/2020-08-27,DSC00384.ARW,DSC00384,ARW,RAW,2BC49E66-7BEE-41DA-8604-0EC6E264FFB0,c157,c157,c157,,gray,0,,620257481,,,FE 35mm F1.4 ZA,100,35 mm,ƒ / 2.8,1/4000 sec,5304 x 7952,,DA,,,,,,,,,2020-08-27,2026-05-14T09:48:33
/Volumes/dataLib/Pictures/Images/2020/2020-08/2020-08-27/DSC00419.ARW,/Volumes/dataLib/Pictures/Images/2020/2020-08/2020-08-27,DSC00419.ARW,DSC00419,ARW,RAW,C0589EE5-480C-4D24-A13F-1AD84FD161B6,c157,c157,c157,,gray,0,,620257585,,,FE 35mm F1.4 ZA,100,35 mm,ƒ / 5.6,1/1000 sec,5304 x 7952,,DA,,,,,,,,,2020-08-27,2026-05-14T09:48:33
/Volumes/dataLib/Pictures/Images/2020/2020-08/2020-08-27/DSC00435.ARW,/Volumes/dataLib/Pictures/Images/2020/2020-08/2020-08-27,DSC00435.ARW,DSC00435,ARW,RAW,E9AB93BF-E4E2-49C2-8499-973D0B016D0D,c157,c157,c157,,gray,0,,620257624,,,FE 35mm F1.4 ZA,100,35 mm,ƒ / 5.6,1/1000 sec,5304 x 7952,,DA,,,,,,,,,2020-08-27,2026-05-14T09:48:33
/Volumes/dataLib/Pictures/Images/2020/2020-08/2020-08-27/DSC00714.ARW,/Volumes/dataLib/Pictures/Images/2020/2020-08/2020-08-27,DSC00714.ARW,DSC00714,ARW,RAW,1CD9F7CE-02CB-4FD8-A00B-AC0782695E8A,c159,c159,c159,,gray,0,,620258772,,,FE 50mm F1.4 ZA,100,50 mm,ƒ / 5.6,1/1000 sec,5304 x 7952,,DA,,,,,,,,,2020-08-27,2026-05-14T09:48:33
/Volumes/dataLib/Pictures/Images/2020/2020-08/2020-08-27/DSC00783.ARW,/Volumes/dataLib/Pictures/Images/2020/2020-08/2020-08-27,DSC00783.ARW,DSC00783,ARW,RAW,44AC9F97-69F5-46F6-8824-761ABC29B930,c159,c159,c159,,gray,0,,620258881,,,FE 50mm F1.4 ZA,100,50 mm,ƒ / 5.6,1/1000 sec,5304 x 7952,,DA,,,,,,,,,2020-08-27,2026-05-14T09:48:33
/Volumes/dataLib/Pictures/Images/2020/2020-08/2020-08-27/DSC01143.ARW,/Volumes/dataLib/Pictures/Images/2020/2020-08/2020-08-27,DSC01143.ARW,DSC01143,ARW,RAW,0C48456E-7C0A-4524-90C1-E7336F0EDEA1,c159,c159,c159,,gray,0,,620259117,,,FE 50mm F1.4 ZA,100,50 mm,ƒ / 6.3,1/800 sec,5304 x 7952,,DA,,,,,,,,,2020-08-27,2026-05-14T09:48:33
/Volumes/dataLib/Pictures/Images/2020/2020-08/2020-08-27/DSC01155.ARW,/Volumes/dataLib/Pictures/Images/2020/2020-08/2020-08-27,DSC01155.ARW,DSC01155,ARW,RAW,7E9B6E64-BEF1-4A01-86E1-FE32D4AE81B1,c160,c160,c160,,gray,0,,620269759,,,24mm F1.4 DG HSM | Art 018,2000,24 mm,ƒ / 6.3,1/250 sec,5304 x 7952,,DA,,,,,,,,,2020-08-27,2026-05-14T09:48:33
/Volumes/dataLib/Pictures/Images/2020/2020-08/2020-08-27/DSC01166.ARW,/Volumes/dataLib/Pictures/Images/2020/2020-08/2020-08-27,DSC01166.ARW,DSC01166,ARW,RAW,77506B32-E824-44BF-9F5E-F01137D809AA,c160,c160,c160,,gray,0,,620269859,,,24mm F1.4 DG HSM | Art 018,2000,24 mm,ƒ / 6.3,1/250 sec,5304 x 7952,,DA,,,,,,,,,2020-08-27,2026-05-14T09:48:33
/Volumes/dataLib/Pictures/Images/2020/2020-08/2020-08-27/DSC01274.ARW,/Volumes/dataLib/Pictures/Images/2020/2020-08/2020-08-27,DSC01274.ARW,DSC01274,ARW,RAW,E353CFE4-4F96-4192-B80D-28DFD1524CA9,c160,c160,c160,,gray,0,,620269968,,,24mm F1.4 DG HSM | Art 018,2000,24 mm,ƒ / 6.3,1/250 sec,5304 x 7952,,DA,,,,,,,,,2020-08-27,2026-05-14T09:48:33
/Volumes/dataLib/Pictures/Images/2020/2020-09/2020-09-05/DSC01672.ARW,/Volumes/dataLib/Pictures/Images/2020/2020-09/2020-09-05,DSC01672.ARW,DSC01672,ARW,RAW,76F6C453-4E3C-4978-ACC6-28A10093192D,c161,c161,c161 ; g069,,gray,0,,621038984,,,FE 35mm F1.4 ZA,100,35 mm,ƒ / 6.3,1/1250 sec,5304 x 7952,,DA,,,,,,,,,2020-09-05,2026-05-14T09:48:33
/Volumes/dataLib/Pictures/Images/2020/2020-09/2020-09-05/DSC01755.ARW,/Volumes/dataLib/Pictures/Images/2020/2020-09/2020-09-05,DSC01755.ARW,DSC01755,ARW,RAW,3A3ABB83-9B8D-4265-B1D3-D492216F36B4,c161,c161,c161 ; g069,,gray,0,,621039183,,,FE 35mm F1.4 ZA,100,35 mm,ƒ / 6.3,1/640 sec,5304 x 7952,,DA,,,,,,,,,2020-09-05,2026-05-14T09:48:33
/Volumes/dataLib/Pictures/Images/2020/2020-09/2020-09-05/DSC01759.ARW,/Volumes/dataLib/Pictures/Images/2020/2020-09/2020-09-05,DSC01759.ARW,DSC01759,ARW,RAW,283A09C8-1C82-4380-9BDA-71FF926EC0FA,c161,c161,c161 ; g069,,gray,0,,621039186,,,FE 35mm F1.4 ZA,100,35 mm,ƒ / 6.3,1/640 sec,5304 x 7952,,DA,,,,,,,,,2020-09-05,2026-05-14T09:48:33
/Volumes/dataLib/Pictures/Images/2020/2020-09/2020-09-05/DSC01800.ARW,/Volumes/dataLib/Pictures/Images/2020/2020-09/2020-09-05,DSC01800.ARW,DSC01800,ARW,RAW,ED58F414-4CA5-4FD8-B15B-A8250FC2A996,c162,c162,c162,,gray,0,,621040863,,,FE 35mm F1.4 ZA,100,35 mm,ƒ / 2.2,1/2500 sec,5304 x 7952,,DA,,,,,,,,,2020-09-05,2026-05-14T09:48:33
/Volumes/dataLib/Pictures/Images/2020/2020-09/2020-09-05/DSC01876.ARW,/Volumes/dataLib/Pictures/Images/2020/2020-09/2020-09-05,DSC01876.ARW,DSC01876,ARW,RAW,53E16610-12E6-4254-89A0-1926B9DB9AB4,c162,c162,c162,,gray,0,,621040949,,,FE 35mm F1.4 ZA,100,35 mm,ƒ / 2.2,1/2500 sec,5304 x 7952,,DA,,,,,,,,,2020-09-05,2026-05-14T09:48:33
/Volumes/dataLib/Pictures/Images/2020/2020-09/2020-09-05/DSC01893.ARW,/Volumes/dataLib/Pictures/Images/2020/2020-09/2020-09-05,DSC01893.ARW,DSC01893,ARW,RAW,74B77C5B-BD61-4892-A97B-B53300375752,c162,c162,c162,,gray,0,,621040958,,,FE 35mm F1.4 ZA,100,35 mm,ƒ / 2.2,1/2500 sec,5304 x 7952,,DA,,,,,,,,,2020-09-05,2026-05-14T09:48:33
/Volumes/dataLib/Pictures/Images/2020/2020-09/2020-09-13/DSC02271.ARW,/Volumes/dataLib/Pictures/Images/2020/2020-09/2020-09-13,DSC02271.ARW,DSC02271,ARW,RAW,D4BE731D-19DD-4B28-8411-CA33D253FB22,c163,c163,c163,,gray,0,,621731666,,,FE 50mm F1.4 ZA,640,50 mm,ƒ / 3.5,1/80 sec,7952 x 5304,,AB,,,,,,,,,2020-09-13,2026-05-14T09:48:33
/Volumes/dataLib/Pictures/Images/2020/2020-09/2020-09-13/DSC02571.ARW,/Volumes/dataLib/Pictures/Images/2020/2020-09/2020-09-13,DSC02571.ARW,DSC02571,ARW,RAW,01351083-1B53-428D-85D0-63C9A8A293C2,c163,c163,c163,,gray,0,,621734389,,,FE 50mm F1.4 ZA,640,50 mm,ƒ / 4.0,1/60 sec,7952 x 5304,,AB,,,,,,,,,2020-09-13,2026-05-14T09:48:33
/Volumes/dataLib/Pictures/Images/2020/2020-09/2020-09-13/DSC02613.ARW,/Volumes/dataLib/Pictures/Images/2020/2020-09/2020-09-13,DSC02613.ARW,DSC02613,ARW,RAW,D300D6D6-0499-4725-83D5-49C4048F539D,c163,c163,c163,,gray,0,,621734532,,,FE 50mm F1.4 ZA,640,50 mm,ƒ / 4.0,1/60 sec,7952 x 5304,,AB,,,,,,,,,2020-09-13,2026-05-14T09:48:33
/Volumes/dataLib/Pictures/Images/2020/2020-09/2020-09-15/DSC02698.ARW,/Volumes/dataLib/Pictures/Images/2020/2020-09/2020-09-15,DSC02698.ARW,DSC02698,ARW,RAW,5CBF24C7-3173-4D2F-A9F6-E7DBBCF4C521,c164,c164,c164,,gray,0,,621898915,,,FE 50mm F1.4 ZA,100,50 mm,ƒ / 3.5,1/400 sec,7952 x 5304,,AB,,,,,,,,,2020-09-15,2026-05-14T09:48:33
/Volumes/dataLib/Pictures/Images/2020/2020-09/2020-09-15/DSC02710.ARW,/Volumes/dataLib/Pictures/Images/2020/2020-09/2020-09-15,DSC02710.ARW,DSC02710,ARW,RAW,2F81C835-616D-42D8-914E-2BF79DC9505A,c164,c164,c164,,gray,0,,621899048,,,FE 50mm F1.4 ZA,100,50 mm,ƒ / 4.5,1/250 sec,5304 x 7952,,DA,,,,,,,,,2020-09-15,2026-05-14T09:48:33
/Volumes/dataLib/Pictures/Images/2020/2020-09/2020-09-15/DSC02711.ARW,/Volumes/dataLib/Pictures/Images/2020/2020-09/2020-09-15,DSC02711.ARW,DSC02711,ARW,RAW,1FE2F0E1-7F04-4BF5-B351-8CADF4881DA4,c164,c164,c164,,gray,0,,621899053,,,FE 50mm F1.4 ZA,100,50 mm,ƒ / 4.5,1/250 sec,5304 x 7952,,DA,,,,,,,,,2020-09-15,2026-05-14T09:48:33
/Volumes/dataLib/Pictures/Images/2020/2020-09/2020-09-15/DSC02771.ARW,/Volumes/dataLib/Pictures/Images/2020/2020-09/2020-09-15,DSC02771.ARW,DSC02771,ARW,RAW,FD91A269-8E8B-45B9-8A12-E42BCA7181AD,c165,c165,c165 ; g068,,gray,0,,621900861,,,FE 50mm F1.4 ZA,100,50 mm,ƒ / 4.5,1/500 sec,5304 x 7952,,DA,,,,,,,,,2020-09-15,2026-05-14T09:48:33
/Volumes/dataLib/Pictures/Images/2020/2020-09/2020-09-15/DSC02784.ARW,/Volumes/dataLib/Pictures/Images/2020/2020-09/2020-09-15,DSC02784.ARW,DSC02784,ARW,RAW,8953927C-9E4A-4C21-A950-FB20604A937C,c165,c165,c165 ; g068,,gray,0,,621900931,,,FE 50mm F1.4 ZA,100,50 mm,ƒ / 4.5,1/500 sec,5304 x 7952,,DA,,,,,,,,,2020-09-15,2026-05-14T09:48:33
/Volumes/dataLib/Pictures/Images/2020/2020-09/2020-09-15/DSC02796.ARW,/Volumes/dataLib/Pictures/Images/2020/2020-09/2020-09-15,DSC02796.ARW,DSC02796,ARW,RAW,492F47BE-AA9A-49EA-A165-C139B4C68158,c165,c165,c165 ; g068,,gray,0,,621901076,,,FE 50mm F1.4 ZA,100,50 mm,ƒ / 4.5,1/500 sec,5304 x 7952,,DA,,,,,,,,,2020-09-15,2026-05-14T09:48:33
/Volumes/dataLib/Pictures/Images/2020/2020-09/2020-09-15/DSC02817.ARW,/Volumes/dataLib/Pictures/Images/2020/2020-09/2020-09-15,DSC02817.ARW,DSC02817,ARW,RAW,06090120-A63E-4334-97D2-99FCE7765381,c166,c166,c166,,gray,0,,621901856,,,FE 50mm F1.4 ZA,200,50 mm,ƒ / 4.5,1/250 sec,5304 x 7952,,DA,,,,,,,,,2020-09-15,2026-05-14T09:48:33
/Volumes/dataLib/Pictures/Images/2020/2020-09/2020-09-15/DSC02819.ARW,/Volumes/dataLib/Pictures/Images/2020/2020-09/2020-09-15,DSC02819.ARW,DSC02819,ARW,RAW,897C201D-2D78-4E8D-ADD4-4998215C4183,c166,c166,c166,,gray,0,,621901872,,,FE 50mm F1.4 ZA,200,50 mm,ƒ / 4.5,1/250 sec,5304 x 7952,,DA,,,,,,,,,2020-09-15,2026-05-14T09:48:33
/Volumes/dataLib/Pictures/Images/2020/2020-09/2020-09-15/DSC02829.ARW,/Volumes/dataLib/Pictures/Images/2020/2020-09/2020-09-15,DSC02829.ARW,DSC02829,ARW,RAW,42ADC533-83F7-49F7-B575-5138323CF0B8,c166,c166,c166,,gray,0,,621902224,,,FE 35mm F1.4 ZA,100,35 mm,ƒ / 1.4,1/1600 sec,5304 x 7952,,DA,,,,,,,,,2020-09-15,2026-05-14T09:48:33
/Volumes/dataLib/Pictures/Images/2020/2020-09/2020-09-15/DSC02848.ARW,/Volumes/dataLib/Pictures/Images/2020/2020-09/2020-09-15,DSC02848.ARW,DSC02848,ARW,RAW,AC1AE7EC-BAA0-4E07-9292-50A3A114D04A,c167,c167,c167,,gray,0,,621902390,,,FE 35mm F1.4 ZA,100,35 mm,ƒ / 1.4,1/1600 sec,5304 x 7952,,DA,,,,,,,,,2020-09-15,2026-05-14T09:48:33
/Volumes/dataLib/Pictures/Images/2020/2020-09/2020-09-15/DSC02869.ARW,/Volumes/dataLib/Pictures/Images/2020/2020-09/2020-09-15,DSC02869.ARW,DSC02869,ARW,RAW,31762939-402E-44F9-AF4E-7FB672C816A5,c167,c167,c167,,gray,0,,621902908,,,FE 50mm F1.4 ZA,100,50 mm,ƒ / 1.4,1/1250 sec,5304 x 7952,,DA,,,,,,,,,2020-09-15,2026-05-14T09:48:33
/Volumes/dataLib/Pictures/Images/2020/2020-09/2020-09-15/DSC02902.ARW,/Volumes/dataLib/Pictures/Images/2020/2020-09/2020-09-15,DSC02902.ARW,DSC02902,ARW,RAW,6C62A941-AA16-4640-A427-5D247AF73DFB,c167,c167,c167,,gray,0,,621903193,,,FE 50mm F1.4 ZA,100,50 mm,ƒ / 1.4,1/8000 sec,5304 x 7952,,DA,,,,,,,,,2020-09-15,2026-05-14T09:48:33
/Volumes/dataLib/Pictures/Images/2020/2020-10/2020-10-20/DSC06014.ARW,/Volumes/dataLib/Pictures/Images/2020/2020-10/2020-10-20,DSC06014.ARW,DSC06014,ARW,RAW,F24F4DFE-49B9-46A0-9BEF-57BCC88B8963,c168,c168,c168,,gray,0,,624933449,,,FE 35mm F1.4 ZA,640,35 mm,ƒ / 2.5,1/250 sec,5304 x 7952,,DA,,,,,,,,,2020-10-20,2026-05-14T09:48:33
/Volumes/dataLib/Pictures/Images/2020/2020-10/2020-10-20/DSC06038.ARW,/Volumes/dataLib/Pictures/Images/2020/2020-10/2020-10-20,DSC06038.ARW,DSC06038,ARW,RAW,84778AAD-3FD1-4614-885F-4B2F50787F58,c168,c168,c168,,gray,0,,624933510,,,FE 35mm F1.4 ZA,640,35 mm,ƒ / 2.5,1/250 sec,5304 x 7952,,DA,,,,,,,,,2020-10-20,2026-05-14T09:48:33
/Volumes/dataLib/Pictures/Images/2020/2020-10/2020-10-20/DSC06043.ARW,/Volumes/dataLib/Pictures/Images/2020/2020-10/2020-10-20,DSC06043.ARW,DSC06043,ARW,RAW,98D837CD-2BAF-4844-8CFA-183294B0E027,c168,c168,c168,,gray,0,,624933512,,,FE 35mm F1.4 ZA,640,35 mm,ƒ / 2.5,1/250 sec,5304 x 7952,,DA,,,,,,,,,2020-10-20,2026-05-14T09:48:33
/Volumes/dataLib/Pictures/Images/2020/2020-10/2020-10-23/DSC06112.ARW,/Volumes/dataLib/Pictures/Images/2020/2020-10/2020-10-23,DSC06112.ARW,DSC06112,ARW,RAW,FEEBDF63-0F0E-452E-81F1-5CF5C1B7CF20,c169,c169,c169,,gray,0,,625169056,,,FE 35mm F1.4 ZA,100,35 mm,ƒ / 1.6,1/640 sec,5304 x 7952,,DA,,,,,,,,,2020-10-23,2026-05-14T09:48:33
/Volumes/dataLib/Pictures/Images/2020/2020-10/2020-10-23/DSC06140.ARW,/Volumes/dataLib/Pictures/Images/2020/2020-10/2020-10-23,DSC06140.ARW,DSC06140,ARW,RAW,7E9E1A0C-A615-461E-819A-907B2AA46EA1,c169,c169,c169,,gray,0,,625169490,,,FE 35mm F1.4 ZA,100,35 mm,ƒ / 1.6,1/640 sec,5304 x 7952,,DA,,,,,,,,,2020-10-23,2026-05-14T09:48:33
/Volumes/dataLib/Pictures/Images/2020/2020-10/2020-10-23/DSC06144.ARW,/Volumes/dataLib/Pictures/Images/2020/2020-10/2020-10-23,DSC06144.ARW,DSC06144,ARW,RAW,0575AC7D-4890-4343-B291-24F2FCE16E6F,c169,c169,c169,,gray,0,,625169531,,,FE 35mm F1.4 ZA,100,35 mm,ƒ / 1.6,1/640 sec,5304 x 7952,,DA,,,,,,,,,2020-10-23,2026-05-14T09:48:33
/Volumes/dataLib/Pictures/Images/2020/2020-10/2020-10-23/DSC06148.ARW,/Volumes/dataLib/Pictures/Images/2020/2020-10/2020-10-23,DSC06148.ARW,DSC06148,ARW,RAW,6DAEE892-C792-4ED6-ABB9-A6F86413CE84,c170,c170,c170,,gray,0,,625170180,,,FE 35mm F1.4 ZA,100,35 mm,ƒ / 1.6,1/640 sec,5304 x 7952,,DA,,,,,,,,,2020-10-23,2026-05-14T09:48:33
/Volumes/dataLib/Pictures/Images/2020/2020-10/2020-10-23/DSC06149.ARW,/Volumes/dataLib/Pictures/Images/2020/2020-10/2020-10-23,DSC06149.ARW,DSC06149,ARW,RAW,39A86224-B58F-487A-9965-63030F6189EC,c170,c170,c170,,gray,0,,625170294,,,FE 35mm F1.4 ZA,100,35 mm,ƒ / 1.6,1/640 sec,5304 x 7952,,DA,,,,,,,,,2020-10-23,2026-05-14T09:48:33
/Volumes/dataLib/Pictures/Images/2020/2020-10/2020-10-23/DSC06150.ARW,/Volumes/dataLib/Pictures/Images/2020/2020-10/2020-10-23,DSC06150.ARW,DSC06150,ARW,RAW,B6B238EE-741D-486A-AA1D-903F438D79AB,c170,c170,c170,,gray,0,,625170310,,,FE 35mm F1.4 ZA,100,35 mm,ƒ / 1.6,1/640 sec,5304 x 7952,,DA,,,,,,,,,2020-10-23,2026-05-14T09:48:33
/Volumes/dataLib/Pictures/Images/2020/2020-10/2020-10-27/DSC06115.ARW,/Volumes/dataLib/Pictures/Images/2020/2020-10/2020-10-27,DSC06115.ARW,DSC06115,ARW,RAW,EAED59A2-9F4E-483D-B0A2-7A9885159658,c171,c171,c171,,gray,0,,625475090,,,FE 35mm F1.4 ZA,500,35 mm,ƒ / 2.8,1/250 sec,5304 x 7952,,DA,,,,,,,,,2020-10-27,2026-05-14T09:48:33
/Volumes/dataLib/Pictures/Images/2020/2020-10/2020-10-27/DSC06231.ARW,/Volumes/dataLib/Pictures/Images/2020/2020-10/2020-10-27,DSC06231.ARW,DSC06231,ARW,RAW,2F6E32A0-8445-494F-A77C-87127CDA4ECF,c171,c171,c171,,gray,0,,625475357,,,FE 35mm F1.4 ZA,500,35 mm,ƒ / 2.8,1/250 sec,5304 x 7952,,DA,,,,,,,,,2020-10-27,2026-05-14T09:48:33
/Volumes/dataLib/Pictures/Images/2020/2020-10/2020-10-27/DSC06452.ARW,/Volumes/dataLib/Pictures/Images/2020/2020-10/2020-10-27,DSC06452.ARW,DSC06452,ARW,RAW,7396774F-8941-4389-9B38-70C6B21497A5,c171,c171,c171,,gray,0,,625476003,,,FE 35mm F1.4 ZA,250,35 mm,ƒ / 2.8,1/160 sec,7952 x 5304,,AB,,,,,,,,,2020-10-27,2026-05-14T09:48:33
/Volumes/dataLib/Pictures/Images/2020/2020-11/2020-11-28/DSC06723.ARW,/Volumes/dataLib/Pictures/Images/2020/2020-11/2020-11-28,DSC06723.ARW,DSC06723,ARW,RAW,29C61DE3-AFA0-4581-904F-66415A6B2638,c172,c172,c172,,gray,0,,628289350,,,FE 50mm F1.4 ZA,400,50 mm,ƒ / 1.6,1/250 sec,5304 x 7952,,DA,,,,,,,,,2020-11-28,2026-05-14T09:48:33
/Volumes/dataLib/Pictures/Images/2020/2020-11/2020-11-28/DSC06728.ARW,/Volumes/dataLib/Pictures/Images/2020/2020-11/2020-11-28,DSC06728.ARW,DSC06728,ARW,RAW,9020F669-1262-433B-AA26-D8CCBA97616C,c172,c172,c172,,gray,0,,628289359,,,FE 50mm F1.4 ZA,400,50 mm,ƒ / 1.6,1/250 sec,5304 x 7952,,DA,,,,,,,,,2020-11-28,2026-05-14T09:48:33
/Volumes/dataLib/Pictures/Images/2020/2020-11/2020-11-28/DSC06776.ARW,/Volumes/dataLib/Pictures/Images/2020/2020-11/2020-11-28,DSC06776.ARW,DSC06776,ARW,RAW,240FF092-AB8C-44DC-8BE7-DCE259A669A9,c172,c172,c172,,gray,0,,628289440,,,FE 50mm F1.4 ZA,250,50 mm,ƒ / 1.4,1/250 sec,5304 x 7952,,DA,,,,,,,,,2020-11-28,2026-05-14T09:48:33
/Volumes/dataLib/Pictures/Images/2020/2020-11/2020-11-28/DSC06995.ARW,/Volumes/dataLib/Pictures/Images/2020/2020-11/2020-11-28,DSC06995.ARW,DSC06995,ARW,RAW,A7812C88-5D16-402B-8AA8-C6993F13E916,c173,c173,c173,,gray,0,,628290746,,,FE 50mm F1.4 ZA,400,50 mm,ƒ / 2.0,1/250 sec,5304 x 7952,,DA,,,,,,,,,2020-11-28,2026-05-14T09:48:33
/Volumes/dataLib/Pictures/Images/2020/2020-11/2020-11-28/DSC06996.ARW,/Volumes/dataLib/Pictures/Images/2020/2020-11/2020-11-28,DSC06996.ARW,DSC06996,ARW,RAW,BC84A7D3-9E2D-4E0A-BDC8-2AB2A761A066,c173,c173,c173,,gray,0,,628290747,,,FE 50mm F1.4 ZA,400,50 mm,ƒ / 2.0,1/250 sec,5304 x 7952,,DA,,,,,,,,,2020-11-28,2026-05-14T09:48:33
/Volumes/dataLib/Pictures/Images/2020/2020-11/2020-11-28/DSC07007.ARW,/Volumes/dataLib/Pictures/Images/2020/2020-11/2020-11-28,DSC07007.ARW,DSC07007,ARW,RAW,B6FFF4C9-F0B3-4A88-9834-7C680F80AAF4,c173,c173,c173,,gray,0,,628290755,,,FE 50mm F1.4 ZA,320,50 mm,ƒ / 2.0,1/250 sec,5304 x 7952,,DA,,,,,,,,,2020-11-28,2026-05-14T09:48:33
/Volumes/dataLib/Pictures/Images/2020/2020-11/2020-11-28/DSC07143.ARW,/Volumes/dataLib/Pictures/Images/2020/2020-11/2020-11-28,DSC07143.ARW,DSC07143,ARW,RAW,59562889-0B5F-4E6D-9067-5CAAA6F5F43F,c174,c174,c174 ; g067,,gray,0,,628299280,,,FE 50mm F1.4 ZA,100,50 mm,ƒ / 1.4,1/2500 sec,5304 x 7952,,DA,,,,,,,,,2020-11-28,2026-05-14T09:48:33
/Volumes/dataLib/Pictures/Images/2020/2020-11/2020-11-28/DSC07171.ARW,/Volumes/dataLib/Pictures/Images/2020/2020-11/2020-11-28,DSC07171.ARW,DSC07171,ARW,RAW,102243D4-C965-45E0-95B7-8E49E5407A91,c174,c174,c174 ; g067,,gray,0,,628299346,,,FE 50mm F1.4 ZA,100,50 mm,ƒ / 1.4,1/2500 sec,7952 x 5304,,AB,,,,,,,,,2020-11-28,2026-05-14T09:48:33
/Volumes/dataLib/Pictures/Images/2020/2020-11/2020-11-28/DSC07241.ARW,/Volumes/dataLib/Pictures/Images/2020/2020-11/2020-11-28,DSC07241.ARW,DSC07241,ARW,RAW,8105235E-B88E-4584-8779-5D2F3A7FE60A,c174,c174,c174 ; g067,,gray,0,,628299591,,,FE 50mm F1.4 ZA,100,50 mm,ƒ / 7.1,1/80 sec,7952 x 5304,,AB,,,,,,,,,2020-11-28,2026-05-14T09:48:33
/Volumes/dataLib/Pictures/Images/2020/2020-11/2020-11-28/DSC07322.ARW,/Volumes/dataLib/Pictures/Images/2020/2020-11/2020-11-28,DSC07322.ARW,DSC07322,ARW,RAW,A5C94A4C-34CC-419A-853D-2C0020BD03C5,c175,c175,c175 ; g066,,gray,0,,628299834,,,FE 50mm F1.4 ZA,100,50 mm,ƒ / 3.5,1/400 sec,7952 x 5304,,AB,,,,,,,,,2020-11-28,2026-05-14T09:48:33
/Volumes/dataLib/Pictures/Images/2020/2020-11/2020-11-28/DSC07325.ARW,/Volumes/dataLib/Pictures/Images/2020/2020-11/2020-11-28,DSC07325.ARW,DSC07325,ARW,RAW,8F130ABC-698F-4C69-856B-C60F02054F20,c175,c175,c175 ; g066,,gray,0,,628299837,,,FE 50mm F1.4 ZA,100,50 mm,ƒ / 3.5,1/400 sec,7952 x 5304,,AB,,,,,,,,,2020-11-28,2026-05-14T09:48:33
/Volumes/dataLib/Pictures/Images/2020/2020-11/2020-11-28/DSC07334.ARW,/Volumes/dataLib/Pictures/Images/2020/2020-11/2020-11-28,DSC07334.ARW,DSC07334,ARW,RAW,7B058BE7-0815-45DA-866A-1E10ABC4EAEA,c175,c175,c175 ; g066,,gray,0,,628299846,,,FE 50mm F1.4 ZA,100,50 mm,ƒ / 3.5,1/400 sec,7952 x 5304,,AB,,,,,,,,,2020-11-28,2026-05-14T09:48:33
/Volumes/dataLib/Pictures/Images/2021/2021-01/2021-01-10/DSC07599.ARW,/Volumes/dataLib/Pictures/Images/2021/2021-01/2021-01-10,DSC07599.ARW,DSC07599,ARW,RAW,A4BDA2B8-DF28-4D1E-B84F-C2E5CE7D14B2,c176,c176,c176,,gray,0,,632012721,,,24mm F1.4 DG HSM | Art 018,100,24 mm,ƒ / 2.5,1/400 sec,5304 x 7952,,DA,,,,,,,,,2021-01-10,2026-05-14T09:48:33
/Volumes/dataLib/Pictures/Images/2021/2021-01/2021-01-10/IMG_9056.cr2,/Volumes/dataLib/Pictures/Images/2021/2021-01/2021-01-10,IMG_9056.cr2,IMG_9056,cr2,RAW,37A15B19-4606-48F0-AA22-09AEAC6B14C8,c176,c176,c176,,gray,0,,632022647.32,,,,100,,,1/500 sec,3648 x 5472,,DA,,,,,,,,,2021-01-10,2026-05-14T09:48:33
/Volumes/dataLib/Pictures/Images/2021/2021-01/2021-01-10/IMG_9067.cr2,/Volumes/dataLib/Pictures/Images/2021/2021-01/2021-01-10,IMG_9067.cr2,IMG_9067,cr2,RAW,84EF5AC5-B6EE-4C09-955A-590992B45EA9,c176,c176,c176,,gray,0,,632022734.16,,,,100,,,1/500 sec,3648 x 5472,,DA,,,,,,,,,2021-01-10,2026-05-14T09:48:33
/Volumes/dataLib/Pictures/Images/2021/2021-02/2021-02-27/DSC08155.ARW,/Volumes/dataLib/Pictures/Images/2021/2021-02/2021-02-27,DSC08155.ARW,DSC08155,ARW,RAW,461DBC40-6DB4-46D9-8CB2-13114287615B,c177,c177,c177,,gray,0,,636139217,,,FE 50mm F1.4 ZA,400,50 mm,ƒ / 4.0,1/250 sec,5304 x 7952,,DA,,,,,,,,,2021-02-27,2026-05-14T09:48:33
/Volumes/dataLib/Pictures/Images/2021/2021-02/2021-02-27/DSC08173.ARW,/Volumes/dataLib/Pictures/Images/2021/2021-02/2021-02-27,DSC08173.ARW,DSC08173,ARW,RAW,F1FFD3C0-30C4-48DC-AA5B-30629E2798DA,c177,c177,c177,,gray,0,,636139230,,,FE 50mm F1.4 ZA,400,50 mm,ƒ / 4.0,1/250 sec,5304 x 7952,,DA,,,,,,,,,2021-02-27,2026-05-14T09:48:33
/Volumes/dataLib/Pictures/Images/2021/2021-02/2021-02-27/DSC08226.ARW,/Volumes/dataLib/Pictures/Images/2021/2021-02/2021-02-27,DSC08226.ARW,DSC08226,ARW,RAW,736E792B-BBE4-4A3D-87C1-D95A58CE47B4,c177,c177,c177,,gray,0,,636139289,,,FE 50mm F1.4 ZA,400,50 mm,ƒ / 4.0,1/250 sec,5304 x 7952,,DA,,,,,,,,,2021-02-27,2026-05-14T09:48:33
/Volumes/dataLib/Pictures/Images/2021/2021-03/2021-03-05/DSC08402.ARW,/Volumes/dataLib/Pictures/Images/2021/2021-03/2021-03-05,DSC08402.ARW,DSC08402,ARW,RAW,24E29D81-6DEF-483B-8B4E-7079FF139CA4,c178,c178,c178,,gray,0,,636683929,,,FE 35mm F1.4 ZA,200,35 mm,ƒ / 1.4,1/250 sec,5304 x 7952,,DA,,,,,,,,,2021-03-05,2026-05-14T09:48:33
/Volumes/dataLib/Pictures/Images/2021/2021-03/2021-03-05/DSC08403.ARW,/Volumes/dataLib/Pictures/Images/2021/2021-03/2021-03-05,DSC08403.ARW,DSC08403,ARW,RAW,D92298C3-E5C8-477A-BD6E-7CCC9DE9332D,c178,c178,c178,,gray,0,,636683937,,,FE 35mm F1.4 ZA,200,35 mm,ƒ / 1.4,1/250 sec,5304 x 7952,,DA,,,,,,,,,2021-03-05,2026-05-14T09:48:33
/Volumes/dataLib/Pictures/Images/2021/2021-03/2021-03-05/DSC08404.ARW,/Volumes/dataLib/Pictures/Images/2021/2021-03/2021-03-05,DSC08404.ARW,DSC08404,ARW,RAW,01C2C8E4-2525-44D4-BEFA-06A116C97569,c178,c178,c178,,gray,0,,636683947,,,FE 35mm F1.4 ZA,200,35 mm,ƒ / 1.4,1/250 sec,5304 x 7952,,DA,,,,,,,,,2021-03-05,2026-05-14T09:48:33
/Volumes/dataLib/Pictures/Images/2021/2021-03/2021-03-06/DSC08607.ARW,/Volumes/dataLib/Pictures/Images/2021/2021-03/2021-03-06,DSC08607.ARW,DSC08607,ARW,RAW,AB553347-1963-4C83-BC95-192AE77E77B7,c179,c179,c179,,gray,0,,636764052,,,SAMYANG AF 14mm F2.8,3200,14 mm,ƒ / 3.2,1/250 sec,5304 x 7952,,DA,,,,,,,,,2021-03-06,2026-05-14T09:48:33
/Volumes/dataLib/Pictures/Images/2021/2021-03/2021-03-06/DSC08756.ARW,/Volumes/dataLib/Pictures/Images/2021/2021-03/2021-03-06,DSC08756.ARW,DSC08756,ARW,RAW,27447403-803E-4203-AE47-1AD9289C7839,c179,c179,c179,,gray,0,,636764796,,,SAMYANG AF 14mm F2.8,5000,14 mm,ƒ / 3.2,1/250 sec,5304 x 7952,,DA,,,,,,,,,2021-03-06,2026-05-14T09:48:33
/Volumes/dataLib/Pictures/Images/2021/2021-03/2021-03-06/DSC08766.ARW,/Volumes/dataLib/Pictures/Images/2021/2021-03/2021-03-06,DSC08766.ARW,DSC08766,ARW,RAW,50C786D8-7A90-4F64-A058-B4207F79C591,c179,c179,c179,,gray,0,,636764798,,,SAMYANG AF 14mm F2.8,5000,14 mm,ƒ / 3.2,1/250 sec,5304 x 7952,,DA,,,,,,,,,2021-03-06,2026-05-14T09:48:33
/Volumes/dataLib/Pictures/Images/2021/2021-03/2021-03-13/DSC08979.ARW,/Volumes/dataLib/Pictures/Images/2021/2021-03/2021-03-13,DSC08979.ARW,DSC08979,ARW,RAW,EB13D087-D7C1-4A0D-9B88-F43055731A88,c180,c180,c180,,gray,0,,637368024,,,FE 35mm F1.4 ZA,100,35 mm,ƒ / 1.4,1/1250 sec,5304 x 7952,,DA,,,,,,,,,2021-03-13,2026-05-14T09:48:33
/Volumes/dataLib/Pictures/Images/2021/2021-03/2021-03-13/DSC09127.ARW,/Volumes/dataLib/Pictures/Images/2021/2021-03/2021-03-13,DSC09127.ARW,DSC09127,ARW,RAW,6CCC72BB-376F-492B-838A-2D97432E586F,c180,c180,c180,,gray,0,,637368360,,,FE 35mm F1.4 ZA,100,35 mm,ƒ / 1.4,1/1250 sec,5304 x 7952,,DA,,,,,,,,,2021-03-13,2026-05-14T09:48:33
/Volumes/dataLib/Pictures/Images/2021/2021-03/2021-03-13/DSC09187.ARW,/Volumes/dataLib/Pictures/Images/2021/2021-03/2021-03-13,DSC09187.ARW,DSC09187,ARW,RAW,C7FB3A05-E53C-4691-A6D4-6E38821332D7,c180,c180,c180,,gray,0,,637368395,,,FE 35mm F1.4 ZA,100,35 mm,ƒ / 1.4,1/1250 sec,5304 x 7952,,DA,,,,,,,,,2021-03-13,2026-05-14T09:48:33
/Volumes/dataLib/Pictures/Images/2021/2021-03/2021-03-24/DSC01819.ARW,/Volumes/dataLib/Pictures/Images/2021/2021-03/2021-03-24,DSC01819.ARW,DSC01819,ARW,RAW,B9F219AC-A864-4329-8114-92BBC434A7EF,c181,c181,c181,,gray,0,,638322464,,,FE 50mm F1.4 ZA,100,50 mm,ƒ / 5.6,1/250 sec,5304 x 7952,,DA,,,,,,,,,2021-03-24,2026-05-14T09:48:33
/Volumes/dataLib/Pictures/Images/2021/2021-03/2021-03-24/DSC01910.ARW,/Volumes/dataLib/Pictures/Images/2021/2021-03/2021-03-24,DSC01910.ARW,DSC01910,ARW,RAW,627FE1A3-197E-483A-82CD-9F320FA7CD62,c181,c181,c181,,gray,0,,638322706,,,SAMYANG AF 14mm F2.8,100,14 mm,ƒ / 5.6,1/800 sec,5304 x 7952,,DA,,,,,,,,,2021-03-24,2026-05-14T09:48:33
/Volumes/dataLib/Pictures/Images/2021/2021-03/2021-03-24/DSC02011 1.ARW,/Volumes/dataLib/Pictures/Images/2021/2021-03/2021-03-24,DSC02011 1.ARW,DSC02011 1,ARW,RAW,C8B1B428-A4F3-4121-B08B-2F0AF961D356,c181,c181,c181,,gray,0,,638323488,,,24mm F1.4 DG HSM | Art 018,5000,24 mm,ƒ / 7.1,4.0 sec,5304 x 7952,,DA,,,,,,,,,2021-03-24,2026-05-14T09:48:33
/Volumes/dataLib/Pictures/Images/2021/2021-04/2021-04-04/DSC02441.ARW,/Volumes/dataLib/Pictures/Images/2021/2021-04/2021-04-04,DSC02441.ARW,DSC02441,ARW,RAW,3C7ED4C7-48F6-4F9E-993C-858076C2CF94,c182,c182,c182 ; g065,,gray,0,,639272187,,,SAMYANG AF 14mm F2.8,100,14 mm,ƒ / 2.8,1/2500 sec,7952 x 5304,,AB,,,,,,,,,2021-04-04,2026-05-14T09:48:33
/Volumes/dataLib/Pictures/Images/2021/2021-04/2021-04-04/DSC02446.ARW,/Volumes/dataLib/Pictures/Images/2021/2021-04/2021-04-04,DSC02446.ARW,DSC02446,ARW,RAW,4C2728AF-0A0F-4649-BB7E-FD001E3B0FB1,c182,c182,c182 ; g065,,gray,0,,639272195,,,SAMYANG AF 14mm F2.8,100,14 mm,ƒ / 2.8,1/2000 sec,7952 x 5304,,AB,,,,,,,,,2021-04-04,2026-05-14T09:48:33
/Volumes/dataLib/Pictures/Images/2021/2021-04/2021-04-04/DSC02472.ARW,/Volumes/dataLib/Pictures/Images/2021/2021-04/2021-04-04,DSC02472.ARW,DSC02472,ARW,RAW,05493EA6-C579-491E-8E1E-BD49CF996E98,c182,c182,c182 ; g065,,gray,0,,639272246,,,SAMYANG AF 14mm F2.8,100,14 mm,ƒ / 2.8,1/2000 sec,5304 x 7952,,DA,,,,,,,,,2021-04-04,2026-05-14T09:48:33
/Volumes/dataLib/Pictures/Images/2021/2021-04/2021-04-04/DSC02576.ARW,/Volumes/dataLib/Pictures/Images/2021/2021-04/2021-04-04,DSC02576.ARW,DSC02576,ARW,RAW,C43536FC-A312-42D7-AA8A-59B51497A4CE,c183,c183,c183 ; g064,,gray,0,,639273036,,,SAMYANG AF 14mm F2.8,100,14 mm,ƒ / 2.8,1/1000 sec,5304 x 7952,,DA,,,,,,,,,2021-04-04,2026-05-14T09:48:33
/Volumes/dataLib/Pictures/Images/2021/2021-04/2021-04-04/DSC02598.ARW,/Volumes/dataLib/Pictures/Images/2021/2021-04/2021-04-04,DSC02598.ARW,DSC02598,ARW,RAW,96C6C68B-E91C-4E1D-90D8-E98430CD5A17,c183,c183,c183 ; g064,,gray,0,,639273050,,,SAMYANG AF 14mm F2.8,100,14 mm,ƒ / 2.8,1/1000 sec,5304 x 7952,,DA,,,,,,,,,2021-04-04,2026-05-14T09:48:33
/Volumes/dataLib/Pictures/Images/2021/2021-04/2021-04-04/DSC02627.ARW,/Volumes/dataLib/Pictures/Images/2021/2021-04/2021-04-04,DSC02627.ARW,DSC02627,ARW,RAW,74322F0D-783B-4B2F-BC04-659E62B0E88C,c183,c183,c183 ; g064,,gray,0,,639273071,,,SAMYANG AF 14mm F2.8,100,14 mm,ƒ / 2.8,1/1000 sec,5304 x 7952,,DA,,,,,,,,,2021-04-04,2026-05-14T09:48:33
/Volumes/dataLib/Pictures/Images/2021/2021-04/2021-04-04/DSC02688.ARW,/Volumes/dataLib/Pictures/Images/2021/2021-04/2021-04-04,DSC02688.ARW,DSC02688,ARW,RAW,5FAD2C50-22EA-4215-B7C8-3C8D310A94F5,c184,c184,c184 ; g063,,gray,0,,639273115,,,SAMYANG AF 14mm F2.8,100,14 mm,ƒ / 2.8,1/1000 sec,5304 x 7952,,DA,,,,,,,,,2021-04-04,2026-05-14T09:48:33
/Volumes/dataLib/Pictures/Images/2021/2021-04/2021-04-04/DSC02693.ARW,/Volumes/dataLib/Pictures/Images/2021/2021-04/2021-04-04,DSC02693.ARW,DSC02693,ARW,RAW,C9843B77-B9C6-4DC0-80E3-3AABBF3B6AEC,c184,c184,c184 ; g063,,gray,0,,639273117,,,SAMYANG AF 14mm F2.8,100,14 mm,ƒ / 2.8,1/1000 sec,5304 x 7952,,DA,,,,,,,,,2021-04-04,2026-05-14T09:48:33
/Volumes/dataLib/Pictures/Images/2021/2021-04/2021-04-04/DSC02716.ARW,/Volumes/dataLib/Pictures/Images/2021/2021-04/2021-04-04,DSC02716.ARW,DSC02716,ARW,RAW,45AFCB66-3D5D-40F2-B4D7-CA7248E4B071,c184,c184,c184 ; g063,,gray,0,,639273127,,,SAMYANG AF 14mm F2.8,100,14 mm,ƒ / 2.8,1/1000 sec,5304 x 7952,,DA,,,,,,,,,2021-04-04,2026-05-14T09:48:33
/Volumes/dataLib/Pictures/Images/2021/2021-04/2021-04-04/DSC02749.ARW,/Volumes/dataLib/Pictures/Images/2021/2021-04/2021-04-04,DSC02749.ARW,DSC02749,ARW,RAW,2D1FCD74-9228-42B5-AAE0-48D9CB5F244C,c185,c185,c185 ; g063,,gray,0,,639273304,,,SAMYANG AF 14mm F2.8,100,14 mm,ƒ / 3.2,1/1250 sec,5304 x 7952,,DA,,,,,,,,,2021-04-04,2026-05-14T09:48:33
/Volumes/dataLib/Pictures/Images/2021/2021-04/2021-04-04/DSC02755.ARW,/Volumes/dataLib/Pictures/Images/2021/2021-04/2021-04-04,DSC02755.ARW,DSC02755,ARW,RAW,3A0C1FEF-F6E2-4861-B64E-1D73AB6DAC95,c185,c185,c185 ; g063,,gray,0,,639273311,,,SAMYANG AF 14mm F2.8,100,14 mm,ƒ / 3.2,1/1250 sec,7952 x 5304,,AB,,,,,,,,,2021-04-04,2026-05-14T09:48:33
/Volumes/dataLib/Pictures/Images/2021/2021-04/2021-04-04/DSC02758.ARW,/Volumes/dataLib/Pictures/Images/2021/2021-04/2021-04-04,DSC02758.ARW,DSC02758,ARW,RAW,3E5552EE-8D0F-4DB0-A872-B6811BBE94A5,c185,c185,c185 ; g063,,gray,0,,639273314,,,SAMYANG AF 14mm F2.8,100,14 mm,ƒ / 3.2,1/800 sec,5304 x 7952,,DA,,,,,,,,,2021-04-04,2026-05-14T09:48:33
/Volumes/dataLib/Pictures/Images/2021/2021-04/2021-04-04/DSC02780.ARW,/Volumes/dataLib/Pictures/Images/2021/2021-04/2021-04-04,DSC02780.ARW,DSC02780,ARW,RAW,75040A87-9405-47FF-B970-E05556550B80,c186,c186,c186,,gray,0,,639273760,,,FE 50mm F1.4 ZA,100,50 mm,ƒ / 3.2,1/3200 sec,7952 x 5304,,AB,,,,,,,,,2021-04-04,2026-05-14T09:48:33
/Volumes/dataLib/Pictures/Images/2021/2021-04/2021-04-04/DSC02794.ARW,/Volumes/dataLib/Pictures/Images/2021/2021-04/2021-04-04,DSC02794.ARW,DSC02794,ARW,RAW,CC503112-3116-4911-910D-97D22D2A5E55,c186,c186,c186,,gray,0,,639273769,,,FE 50mm F1.4 ZA,100,50 mm,ƒ / 3.2,1/3200 sec,7952 x 5304,,AB,,,,,,,,,2021-04-04,2026-05-14T09:48:33
/Volumes/dataLib/Pictures/Images/2021/2021-04/2021-04-04/DSC02814.ARW,/Volumes/dataLib/Pictures/Images/2021/2021-04/2021-04-04,DSC02814.ARW,DSC02814,ARW,RAW,6895983E-6B30-457D-9F53-F3942302A4E8,c186,c186,c186,,gray,0,,639273808,,,FE 50mm F1.4 ZA,100,50 mm,ƒ / 3.2,1/3200 sec,7952 x 5304,,AB,,,,,,,,,2021-04-04,2026-05-14T09:48:33
/Volumes/dataLib/Pictures/Images/2021/2021-04/2021-04-10/DSC07529.ARW,/Volumes/dataLib/Pictures/Images/2021/2021-04/2021-04-10,DSC07529.ARW,DSC07529,ARW,RAW,F2CB53DB-6A6F-4F2F-96B8-19FBF67B65AF,c187,c187,c187,,gray,0,,639752710,,,FE 35mm F1.4 ZA,800,35 mm,ƒ / 2.8,1/250 sec,5304 x 7952,,DA,,,,,,,,,2021-04-10,2026-05-14T09:48:33
/Volumes/dataLib/Pictures/Images/2021/2021-04/2021-04-10/DSC07570.ARW,/Volumes/dataLib/Pictures/Images/2021/2021-04/2021-04-10,DSC07570.ARW,DSC07570,ARW,RAW,B6995203-AFF9-4F55-8C18-9394A12E88FE,c187,c187,c187,,gray,0,,639753035,,,FE 35mm F1.4 ZA,400,35 mm,ƒ / 2.2,1/250 sec,5304 x 7952,,DA,,,,,,,,,2021-04-10,2026-05-14T09:48:33
/Volumes/dataLib/Pictures/Images/2021/2021-04/2021-04-10/DSC07573.ARW,/Volumes/dataLib/Pictures/Images/2021/2021-04/2021-04-10,DSC07573.ARW,DSC07573,ARW,RAW,65160A2A-8FF7-4522-BC6B-A4B7406927B6,c187,c187,c187,,gray,0,,639753046,,,FE 35mm F1.4 ZA,400,35 mm,ƒ / 2.2,1/250 sec,5304 x 7952,,DA,,,,,,,,,2021-04-10,2026-05-14T09:48:33
/Volumes/dataLib/Pictures/Images/2021/2021-04/2021-04-10/DSC07601.ARW,/Volumes/dataLib/Pictures/Images/2021/2021-04/2021-04-10,DSC07601.ARW,DSC07601,ARW,RAW,78A10B10-B5AC-429B-A0F6-2DF1221F66ED,c188,c188,c188 ; g062,,gray,0,,639753167,,,FE 35mm F1.4 ZA,400,35 mm,ƒ / 2.2,1/250 sec,5304 x 7952,,DA,,,,,,,,,2021-04-10,2026-05-14T09:48:33
/Volumes/dataLib/Pictures/Images/2021/2021-04/2021-04-10/DSC07616.ARW,/Volumes/dataLib/Pictures/Images/2021/2021-04/2021-04-10,DSC07616.ARW,DSC07616,ARW,RAW,7B29C82C-867D-450D-9563-6C4A600086AC,c188,c188,c188 ; g062,,gray,0,,639753224,,,FE 35mm F1.4 ZA,400,35 mm,ƒ / 2.2,1/250 sec,5304 x 7952,,DA,,,,,,,,,2021-04-10,2026-05-14T09:48:33
/Volumes/dataLib/Pictures/Images/2021/2021-04/2021-04-10/DSC07642.ARW,/Volumes/dataLib/Pictures/Images/2021/2021-04/2021-04-10,DSC07642.ARW,DSC07642,ARW,RAW,32D90608-5E21-47C0-A1EC-C43E208DCD66,c188,c188,c188 ; g062,,gray,0,,639753294,,,FE 35mm F1.4 ZA,640,35 mm,ƒ / 2.2,1/250 sec,7952 x 5304,,AB,,,,,,,,,2021-04-10,2026-05-14T09:48:33
/Volumes/dataLib/Pictures/Images/2021/2021-04/2021-04-10/DSC07688.ARW,/Volumes/dataLib/Pictures/Images/2021/2021-04/2021-04-10,DSC07688.ARW,DSC07688,ARW,RAW,7516A102-392D-4B85-AD7A-043BF0E1F9BD,c189,c189,c189 ; g061,,gray,0,,639753514,,,FE 35mm F1.4 ZA,640,35 mm,ƒ / 2.2,1/250 sec,5304 x 7952,,DA,,,,,,,,,2021-04-10,2026-05-14T09:48:33
/Volumes/dataLib/Pictures/Images/2021/2021-04/2021-04-10/DSC07721.ARW,/Volumes/dataLib/Pictures/Images/2021/2021-04/2021-04-10,DSC07721.ARW,DSC07721,ARW,RAW,B0EAD03E-3B0F-4C47-897A-15094213D488,c189,c189,c189 ; g061,,gray,0,,639753616,,,FE 35mm F1.4 ZA,800,35 mm,ƒ / 2.2,1/250 sec,5304 x 7952,,DA,,,,,,,,,2021-04-10,2026-05-14T09:48:33
/Volumes/dataLib/Pictures/Images/2021/2021-04/2021-04-10/DSC07728.ARW,/Volumes/dataLib/Pictures/Images/2021/2021-04/2021-04-10,DSC07728.ARW,DSC07728,ARW,RAW,84831F55-8018-421B-B393-A2178C72CD30,c189,c189,c189 ; g061,,gray,0,,639753637,,,FE 35mm F1.4 ZA,800,35 mm,ƒ / 2.2,1/250 sec,7952 x 5304,,AB,,,,,,,,,2021-04-10,2026-05-14T09:48:33
/Volumes/dataLib/Pictures/Images/2021/2021-04/2021-04-10/DSC07736.ARW,/Volumes/dataLib/Pictures/Images/2021/2021-04/2021-04-10,DSC07736.ARW,DSC07736,ARW,RAW,A0A9ACC6-2F4B-4456-9B3B-906A3B04F090,c190,c190,c190,,gray,0,,639753748,,,FE 35mm F1.4 ZA,1000,35 mm,ƒ / 2.2,1/250 sec,5304 x 7952,,DA,,,,,,,,,2021-04-10,2026-05-14T09:48:33
/Volumes/dataLib/Pictures/Images/2021/2021-04/2021-04-10/DSC07762.ARW,/Volumes/dataLib/Pictures/Images/2021/2021-04/2021-04-10,DSC07762.ARW,DSC07762,ARW,RAW,8858A86F-FF2D-443A-A1FD-5682720F4E17,c190,c190,c190,,gray,0,,639753811,,,FE 35mm F1.4 ZA,1000,35 mm,ƒ / 2.2,1/250 sec,5304 x 7952,,DA,,,,,,,,,2021-04-10,2026-05-14T09:48:33
/Volumes/dataLib/Pictures/Images/2021/2021-04/2021-04-10/DSC07766.ARW,/Volumes/dataLib/Pictures/Images/2021/2021-04/2021-04-10,DSC07766.ARW,DSC07766,ARW,RAW,F8ABD1EE-6E07-49E9-BE2C-50055AF99165,c190,c190,c190,,gray,0,,639753897,,,FE 35mm F1.4 ZA,1000,35 mm,ƒ / 2.2,1/250 sec,5304 x 7952,,DA,,,,,,,,,2021-04-10,2026-05-14T09:48:33
/Volumes/dataLib/Pictures/Images/2021/2021-04/2021-04-10/DSC07800.ARW,/Volumes/dataLib/Pictures/Images/2021/2021-04/2021-04-10,DSC07800.ARW,DSC07800,ARW,RAW,9E5A696A-618B-40FB-AED3-56C0C63E7729,c191,c191,c191,,gray,0,,639754126,,,FE 35mm F1.4 ZA,1250,35 mm,ƒ / 2.2,1/250 sec,5304 x 7952,,DA,,,,,,,,,2021-04-10,2026-05-14T09:48:33
/Volumes/dataLib/Pictures/Images/2021/2021-04/2021-04-10/DSC07816.ARW,/Volumes/dataLib/Pictures/Images/2021/2021-04/2021-04-10,DSC07816.ARW,DSC07816,ARW,RAW,60C20100-2D0D-4904-B1A3-AAF89F285D85,c191,c191,c191,,gray,0,,639754172,,,FE 35mm F1.4 ZA,1250,35 mm,ƒ / 2.2,1/250 sec,5304 x 7952,,DA,,,,,,,,,2021-04-10,2026-05-14T09:48:33
/Volumes/dataLib/Pictures/Images/2021/2021-04/2021-04-10/DSC07843.ARW,/Volumes/dataLib/Pictures/Images/2021/2021-04/2021-04-10,DSC07843.ARW,DSC07843,ARW,RAW,2462D234-72E5-48FA-BB74-D2EC5E88AF64,c191,c191,c191,,gray,0,,639754344,,,FE 35mm F1.4 ZA,1600,35 mm,ƒ / 2.2,1/250 sec,5304 x 7952,,DA,,,,,,,,,2021-04-10,2026-05-14T09:48:33
/Volumes/dataLib/Pictures/Images/2021/2021-04/2021-04-10/DSC02902.ARW,/Volumes/dataLib/Pictures/Images/2021/2021-04/2021-04-10,DSC02902.ARW,DSC02902,ARW,RAW,D44A8AAC-DB69-4A87-B696-3087B8B4AC60,c192,c192,c192 ; g060,,gray,0,,639783846,,,SAMYANG AF 14mm F2.8,125,14 mm,ƒ / 3.5,1/250 sec,5304 x 7952,,DA,,,,,,,,,2021-04-10,2026-05-14T09:48:33
/Volumes/dataLib/Pictures/Images/2021/2021-04/2021-04-10/DSC02986.ARW,/Volumes/dataLib/Pictures/Images/2021/2021-04/2021-04-10,DSC02986.ARW,DSC02986,ARW,RAW,2DD4719A-36EB-4508-8A99-7783F75FB8F6,c192,c192,c192 ; g060,,gray,0,,639784244,,,SAMYANG AF 14mm F2.8,160,14 mm,ƒ / 4.5,1/250 sec,5304 x 7952,,DA,,,,,,,,,2021-04-10,2026-05-14T09:48:33
/Volumes/dataLib/Pictures/Images/2021/2021-04/2021-04-10/DSC03038.ARW,/Volumes/dataLib/Pictures/Images/2021/2021-04/2021-04-10,DSC03038.ARW,DSC03038,ARW,RAW,A8143CAC-2361-44D0-A414-2A198AB5C7F9,c192,c192,c192 ; g060,,gray,0,,639784270,,,SAMYANG AF 14mm F2.8,160,14 mm,ƒ / 4.5,1/250 sec,5304 x 7952,,DA,,,,,,,,,2021-04-10,2026-05-14T09:48:33
/Volumes/dataLib/Pictures/Images/2021/2021-04/2021-04-15/DSC03337.ARW,/Volumes/dataLib/Pictures/Images/2021/2021-04/2021-04-15,DSC03337.ARW,DSC03337,ARW,RAW,B90E2B14-CC32-4CDF-82D5-AC64A31582DC,c193,c193,c193,,gray,0,,640227333,,,SAMYANG AF 14mm F2.8,100,14 mm,ƒ / 2.8,1/800 sec,5304 x 7952,,DA,,,,,,,,,2021-04-15,2026-05-14T09:48:33
/Volumes/dataLib/Pictures/Images/2021/2021-04/2021-04-15/DSC03353.ARW,/Volumes/dataLib/Pictures/Images/2021/2021-04/2021-04-15,DSC03353.ARW,DSC03353,ARW,RAW,BBF8C700-F669-42CB-B3E3-6EC8E1972DCD,c193,c193,c193,,gray,0,,640227338,,,SAMYANG AF 14mm F2.8,100,14 mm,ƒ / 2.8,1/800 sec,5304 x 7952,,DA,,,,,,,,,2021-04-15,2026-05-14T09:48:33
/Volumes/dataLib/Pictures/Images/2021/2021-04/2021-04-15/DSC03372.ARW,/Volumes/dataLib/Pictures/Images/2021/2021-04/2021-04-15,DSC03372.ARW,DSC03372,ARW,RAW,5FFD77DF-6367-47CE-9750-2D5FADBA826B,c193,c193,c193,,gray,0,,640227351,,,SAMYANG AF 14mm F2.8,100,14 mm,ƒ / 2.8,1/800 sec,5304 x 7952,,DA,,,,,,,,,2021-04-15,2026-05-14T09:48:33
/Volumes/dataLib/Pictures/Images/2021/2021-04/2021-04-15/DSC03501.ARW,/Volumes/dataLib/Pictures/Images/2021/2021-04/2021-04-15,DSC03501.ARW,DSC03501,ARW,RAW,559B8D72-5C0B-4A43-BBBD-D7C1D06E1795,c194,c194,c194,,gray,0,,640228090,,,SAMYANG AF 14mm F2.8,100,14 mm,ƒ / 2.8,1/800 sec,5304 x 7952,,DA,,,,,,,,,2021-04-15,2026-05-14T09:48:33
/Volumes/dataLib/Pictures/Images/2021/2021-04/2021-04-15/DSC03534.ARW,/Volumes/dataLib/Pictures/Images/2021/2021-04/2021-04-15,DSC03534.ARW,DSC03534,ARW,RAW,A19D97DC-FE98-4ADE-899C-81EF2B2E5A1D,c194,c194,c194,,gray,0,,640228131,,,SAMYANG AF 14mm F2.8,100,14 mm,ƒ / 2.8,1/800 sec,5304 x 7952,,DA,,,,,,,,,2021-04-15,2026-05-14T09:48:33
/Volumes/dataLib/Pictures/Images/2021/2021-04/2021-04-15/DSC03579.ARW,/Volumes/dataLib/Pictures/Images/2021/2021-04/2021-04-15,DSC03579.ARW,DSC03579,ARW,RAW,4E734329-F619-4F66-A827-0DD9D773B490,c194,c194,c194,,gray,0,,640228146,,,SAMYANG AF 14mm F2.8,100,14 mm,ƒ / 2.8,1/800 sec,5304 x 7952,,DA,,,,,,,,,2021-04-15,2026-05-14T09:48:33
/Volumes/dataLib/Pictures/Images/2021/2021-04/2021-04-15/DSC03618.ARW,/Volumes/dataLib/Pictures/Images/2021/2021-04/2021-04-15,DSC03618.ARW,DSC03618,ARW,RAW,EAB8D6BD-7BE9-4A39-B532-245166050F66,c195,c195,c195,,gray,0,,640229085,,,SAMYANG AF 14mm F2.8,320,14 mm,ƒ / 2.8,1/250 sec,5304 x 7952,,DA,,,,,,,,,2021-04-15,2026-05-14T09:48:33
/Volumes/dataLib/Pictures/Images/2021/2021-04/2021-04-15/DSC03621.ARW,/Volumes/dataLib/Pictures/Images/2021/2021-04/2021-04-15,DSC03621.ARW,DSC03621,ARW,RAW,090E1B89-8DCC-4037-A06F-B150535B4889,c195,c195,c195,,gray,0,,640229086,,,SAMYANG AF 14mm F2.8,320,14 mm,ƒ / 2.8,1/250 sec,5304 x 7952,,DA,,,,,,,,,2021-04-15,2026-05-14T09:48:33
/Volumes/dataLib/Pictures/Images/2021/2021-04/2021-04-15/DSC03623.ARW,/Volumes/dataLib/Pictures/Images/2021/2021-04/2021-04-15,DSC03623.ARW,DSC03623,ARW,RAW,65F33CA0-18BE-4750-9AE4-74E872909C8F,c195,c195,c195,,gray,0,,640229087,,,SAMYANG AF 14mm F2.8,250,14 mm,ƒ / 2.8,1/250 sec,5304 x 7952,,DA,,,,,,,,,2021-04-15,2026-05-14T09:48:33
/Volumes/dataLib/Pictures/Images/2021/2021-04/2021-04-17/DSC03680.ARW,/Volumes/dataLib/Pictures/Images/2021/2021-04/2021-04-17,DSC03680.ARW,DSC03680,ARW,RAW,B981AE14-A4A3-4FFB-A901-E62701C7A5B3,c196,c196,c196,,gray,0,,640403027,,,FE 35mm F1.4 ZA,100,35 mm,ƒ / 2.5,1/250 sec,5304 x 7952,,DA,,,,,,,,,2021-04-17,2026-05-14T09:48:33
/Volumes/dataLib/Pictures/Images/2021/2021-04/2021-04-17/DSC03690.ARW,/Volumes/dataLib/Pictures/Images/2021/2021-04/2021-04-17,DSC03690.ARW,DSC03690,ARW,RAW,4802241C-399D-4011-A48A-A0FE89E0C701,c196,c196,c196,,gray,0,,640403094,,,FE 35mm F1.4 ZA,100,35 mm,ƒ / 2.5,1/250 sec,5304 x 7952,,DA,,,,,,,,,2021-04-17,2026-05-14T09:48:33
/Volumes/dataLib/Pictures/Images/2021/2021-04/2021-04-17/DSC03732.ARW,/Volumes/dataLib/Pictures/Images/2021/2021-04/2021-04-17,DSC03732.ARW,DSC03732,ARW,RAW,1409BBB3-ECD7-4697-996B-57752BC40E4B,c196,c196,c196,,gray,0,,640403850,,,SAMYANG AF 14mm F2.8,100,14 mm,ƒ / 2.8,1/250 sec,5304 x 7952,,DA,,,,,,,,,2021-04-17,2026-05-14T09:48:33
/Volumes/dataLib/Pictures/Images/2021/2021-04/2021-04-25/DSC03761.ARW,/Volumes/dataLib/Pictures/Images/2021/2021-04/2021-04-25,DSC03761.ARW,DSC03761,ARW,RAW,84CE3B3E-8F6A-46FC-B832-EB6DAF69851B,c197,c197,c197 ; g059,,gray,0,,641078563,,,SAMYANG AF 14mm F2.8,100,14 mm,ƒ / 3.5,1/640 sec,5304 x 7952,,DA,,,,,,,,,2021-04-25,2026-05-14T09:48:33
/Volumes/dataLib/Pictures/Images/2021/2021-04/2021-04-25/DSC03779.ARW,/Volumes/dataLib/Pictures/Images/2021/2021-04/2021-04-25,DSC03779.ARW,DSC03779,ARW,RAW,D9994F3A-CEC3-4E1B-A466-C9C5D575E6D4,c197,c197,c197 ; g059,,gray,0,,641078597,,,SAMYANG AF 14mm F2.8,100,14 mm,ƒ / 3.5,1/640 sec,7952 x 5304,,AB,,,,,,,,,2021-04-25,2026-05-14T09:48:33
/Volumes/dataLib/Pictures/Images/2021/2021-04/2021-04-25/DSC03786.ARW,/Volumes/dataLib/Pictures/Images/2021/2021-04/2021-04-25,DSC03786.ARW,DSC03786,ARW,RAW,823923E8-D727-4A0F-89F5-D42AFF1D7EB8,c197,c197,c197 ; g059,,gray,0,,641078610,,,SAMYANG AF 14mm F2.8,100,14 mm,ƒ / 3.5,1/800 sec,7952 x 5304,,AB,,,,,,,,,2021-04-25,2026-05-14T09:48:33
/Volumes/dataLib/Pictures/Images/2021/2021-04/2021-04-25/DSC03837.ARW,/Volumes/dataLib/Pictures/Images/2021/2021-04/2021-04-25,DSC03837.ARW,DSC03837,ARW,RAW,8A481764-602D-4DB5-A799-00BFA0CFC12D,c198,c198,c198 ; g058,,gray,0,,641086160,,,FE 50mm F1.4 ZA,100,50 mm,ƒ / 1.4,1/1250 sec,7952 x 5304,,AB,,,,,,,,,2021-04-25,2026-05-14T09:48:33
/Volumes/dataLib/Pictures/Images/2021/2021-04/2021-04-25/DSC03854.ARW,/Volumes/dataLib/Pictures/Images/2021/2021-04/2021-04-25,DSC03854.ARW,DSC03854,ARW,RAW,2CD51CA9-A220-4215-864C-DC337D28600F,c198,c198,c198 ; g058,,gray,0,,641086232,,,FE 50mm F1.4 ZA,100,50 mm,ƒ / 1.4,1/1250 sec,7952 x 5304,,AB,,,,,,,,,2021-04-25,2026-05-14T09:48:33
/Volumes/dataLib/Pictures/Images/2021/2021-04/2021-04-25/DSC03862.ARW,/Volumes/dataLib/Pictures/Images/2021/2021-04/2021-04-25,DSC03862.ARW,DSC03862,ARW,RAW,08F7701C-E403-4479-BC58-9EF941949867,c198,c198,c198 ; g058,,gray,0,,641086244,,,FE 50mm F1.4 ZA,100,50 mm,ƒ / 1.4,1/1250 sec,7952 x 5304,,AB,,,,,,,,,2021-04-25,2026-05-14T09:48:33
/Volumes/dataLib/Pictures/Images/2021/2021-04/2021-04-25/DSC03878.ARW,/Volumes/dataLib/Pictures/Images/2021/2021-04/2021-04-25,DSC03878.ARW,DSC03878,ARW,RAW,E1CE72C3-6BE0-427C-B18E-308D162EBC40,c199,c199,c199 ; g057,,gray,0,,641087454,,,FE 50mm F1.4 ZA,100,50 mm,ƒ / 2.5,1/320 sec,5304 x 7952,,DA,,,,,,,,,2021-04-25,2026-05-14T09:48:33
/Volumes/dataLib/Pictures/Images/2021/2021-04/2021-04-25/DSC03879.ARW,/Volumes/dataLib/Pictures/Images/2021/2021-04/2021-04-25,DSC03879.ARW,DSC03879,ARW,RAW,A7490BE7-2AE2-4BDF-9657-DCFD7E98EF13,c199,c199,c199 ; g057,,gray,0,,641087455,,,FE 50mm F1.4 ZA,100,50 mm,ƒ / 2.5,1/320 sec,5304 x 7952,,DA,,,,,,,,,2021-04-25,2026-05-14T09:48:33
/Volumes/dataLib/Pictures/Images/2021/2021-04/2021-04-25/DSC03891.ARW,/Volumes/dataLib/Pictures/Images/2021/2021-04/2021-04-25,DSC03891.ARW,DSC03891,ARW,RAW,D7762D32-6A1D-44A2-AC72-931BB6D6F15E,c199,c199,c199 ; g057,,gray,0,,641087484,,,FE 50mm F1.4 ZA,100,50 mm,ƒ / 2.5,1/320 sec,5304 x 7952,,DA,,,,,,,,,2021-04-25,2026-05-14T09:48:33
/Volumes/dataLib/Pictures/Images/2021/2021-04/2021-04-25/DSC03934.ARW,/Volumes/dataLib/Pictures/Images/2021/2021-04/2021-04-25,DSC03934.ARW,DSC03934,ARW,RAW,FC29BC22-9681-4C77-B61A-AB3B3ADC3245,c200,c200,c200 ; g057,,gray,0,,641087874,,,FE 50mm F1.4 ZA,100,50 mm,ƒ / 2.0,1/400 sec,5304 x 7952,,DA,,,,,,,,,2021-04-25,2026-05-14T09:48:33
/Volumes/dataLib/Pictures/Images/2021/2021-04/2021-04-25/DSC03963.ARW,/Volumes/dataLib/Pictures/Images/2021/2021-04/2021-04-25,DSC03963.ARW,DSC03963,ARW,RAW,4E3FDB4D-07D7-4353-AFCA-B1C5482B0D05,c200,c200,c200 ; g057,,gray,0,,641087904,,,FE 50mm F1.4 ZA,100,50 mm,ƒ / 2.0,1/400 sec,5304 x 7952,,DA,,,,,,,,,2021-04-25,2026-05-14T09:48:33
/Volumes/dataLib/Pictures/Images/2021/2021-04/2021-04-25/DSC03967.ARW,/Volumes/dataLib/Pictures/Images/2021/2021-04/2021-04-25,DSC03967.ARW,DSC03967,ARW,RAW,D6C05BB4-1A73-41B8-8BDA-37E2FA9E714E,c200,c200,c200 ; g057,,gray,0,,641087909,,,FE 50mm F1.4 ZA,100,50 mm,ƒ / 2.0,1/400 sec,5304 x 7952,,DA,,,,,,,,,2021-04-25,2026-05-14T09:48:33
/Volumes/dataLib/Pictures/Images/2021/2021-04/2021-04-25/DSC03990.ARW,/Volumes/dataLib/Pictures/Images/2021/2021-04/2021-04-25,DSC03990.ARW,DSC03990,ARW,RAW,15F342CF-6FAE-48EF-9B23-F77C41D0AF63,c201,c201,c201 ; g056,,gray,0,,641088993,,,SAMYANG AF 14mm F2.8,100,14 mm,ƒ / 2.8,1/400 sec,5304 x 7952,,DA,,,,,,,,,2021-04-25,2026-05-14T09:48:33
/Volumes/dataLib/Pictures/Images/2021/2021-04/2021-04-25/DSC03992.ARW,/Volumes/dataLib/Pictures/Images/2021/2021-04/2021-04-25,DSC03992.ARW,DSC03992,ARW,RAW,0EE41AE1-F6C1-4C33-A785-D81DD539912B,c201,c201,c201 ; g056,,gray,0,,641088994,,,SAMYANG AF 14mm F2.8,100,14 mm,ƒ / 2.8,1/400 sec,5304 x 7952,,DA,,,,,,,,,2021-04-25,2026-05-14T09:48:33
/Volumes/dataLib/Pictures/Images/2021/2021-04/2021-04-25/DSC04003.ARW,/Volumes/dataLib/Pictures/Images/2021/2021-04/2021-04-25,DSC04003.ARW,DSC04003,ARW,RAW,F2915F71-A6ED-4B74-A325-932286315BA5,c201,c201,c201 ; g056,,gray,0,,641089005,,,SAMYANG AF 14mm F2.8,100,14 mm,ƒ / 2.8,1/400 sec,5304 x 7952,,DA,,,,,,,,,2021-04-25,2026-05-14T09:48:33
/Volumes/dataLib/Pictures/Images/2021/2021-04/2021-04-25/DSC04015.ARW,/Volumes/dataLib/Pictures/Images/2021/2021-04/2021-04-25,DSC04015.ARW,DSC04015,ARW,RAW,B802331E-492A-4240-9170-F0027053E12A,c202,c202,c202 ; g055,,gray,0,,641089158,,,FE 50mm F1.4 ZA,100,50 mm,ƒ / 2.2,1/320 sec,5304 x 7952,,DA,,,,,,,,,2021-04-25,2026-05-14T09:48:33
/Volumes/dataLib/Pictures/Images/2021/2021-04/2021-04-25/DSC04026.ARW,/Volumes/dataLib/Pictures/Images/2021/2021-04/2021-04-25,DSC04026.ARW,DSC04026,ARW,RAW,D04FDE12-06A9-4B03-85BE-A57C67746616,c202,c202,c202 ; g055,,gray,0,,641089183,,,FE 50mm F1.4 ZA,100,50 mm,ƒ / 2.2,1/320 sec,7952 x 5304,,AB,,,,,,,,,2021-04-25,2026-05-14T09:48:33
/Volumes/dataLib/Pictures/Images/2021/2021-04/2021-04-25/DSC04029.ARW,/Volumes/dataLib/Pictures/Images/2021/2021-04/2021-04-25,DSC04029.ARW,DSC04029,ARW,RAW,A8E4F478-F06C-412D-86FB-CF47B3024FBE,c202,c202,c202 ; g055,,gray,0,,641089188,,,FE 50mm F1.4 ZA,100,50 mm,ƒ / 2.2,1/320 sec,7952 x 5304,,AB,,,,,,,,,2021-04-25,2026-05-14T09:48:33
/Volumes/dataLib/Pictures/Images/2021/2021-04/2021-04-25/DSC04086.ARW,/Volumes/dataLib/Pictures/Images/2021/2021-04/2021-04-25,DSC04086.ARW,DSC04086,ARW,RAW,42CB0BD2-F2F4-452F-B10D-B00FB5746092,c203,c203,c203 ; g054,,gray,0,,641090006,,,SAMYANG AF 14mm F2.8,100,14 mm,ƒ / 2.8,1/5000 sec,5304 x 7952,,DA,,,,,,,,,2021-04-25,2026-05-14T09:48:33
/Volumes/dataLib/Pictures/Images/2021/2021-04/2021-04-25/DSC04092.ARW,/Volumes/dataLib/Pictures/Images/2021/2021-04/2021-04-25,DSC04092.ARW,DSC04092,ARW,RAW,997CB70A-25BE-44D7-AED8-64A3F0DB2DB6,c203,c203,c203 ; g054,,gray,0,,641090012,,,SAMYANG AF 14mm F2.8,100,14 mm,ƒ / 2.8,1/5000 sec,5304 x 7952,,DA,,,,,,,,,2021-04-25,2026-05-14T09:48:33
/Volumes/dataLib/Pictures/Images/2021/2021-04/2021-04-25/DSC04094.ARW,/Volumes/dataLib/Pictures/Images/2021/2021-04/2021-04-25,DSC04094.ARW,DSC04094,ARW,RAW,5F37CC34-79F2-470E-9E1D-DC59E81FED04,c203,c203,c203 ; g054,,gray,0,,641090014,,,SAMYANG AF 14mm F2.8,100,14 mm,ƒ / 2.8,1/5000 sec,5304 x 7952,,DA,,,,,,,,,2021-04-25,2026-05-14T09:48:33
/Volumes/dataLib/Pictures/Images/2021/2021-04/2021-04-25/DSC04130.ARW,/Volumes/dataLib/Pictures/Images/2021/2021-04/2021-04-25,DSC04130.ARW,DSC04130,ARW,RAW,2E0C32F5-BCB6-4B9F-BF00-D78A0F9C9F68,c204,c204,c204 ; g053,,gray,0,,641090574,,,SAMYANG AF 14mm F2.8,100,14 mm,ƒ / 2.8,1/30 sec,5304 x 7952,,DA,,,,,,,,,2021-04-25,2026-05-14T09:48:33
/Volumes/dataLib/Pictures/Images/2021/2021-04/2021-04-25/DSC04142.ARW,/Volumes/dataLib/Pictures/Images/2021/2021-04/2021-04-25,DSC04142.ARW,DSC04142,ARW,RAW,807570A7-7C47-495D-A634-39B729C46D2E,c204,c204,c204 ; g053,,gray,0,,641090636,,,SAMYANG AF 14mm F2.8,100,14 mm,ƒ / 2.8,1/60 sec,5304 x 7952,,DA,,,,,,,,,2021-04-25,2026-05-14T09:48:33
/Volumes/dataLib/Pictures/Images/2021/2021-04/2021-04-25/DSC04143.ARW,/Volumes/dataLib/Pictures/Images/2021/2021-04/2021-04-25,DSC04143.ARW,DSC04143,ARW,RAW,258469A8-609F-4B55-A31C-EF24211E0D08,c204,c204,c204 ; g053,,gray,0,,641090641,,,SAMYANG AF 14mm F2.8,100,14 mm,ƒ / 2.8,1/60 sec,5304 x 7952,,DA,,,,,,,,,2021-04-25,2026-05-14T09:48:33
/Volumes/dataLib/Pictures/Images/2021/2021-06/2021-06-11/DSC05223.ARW,/Volumes/dataLib/Pictures/Images/2021/2021-06/2021-06-11,DSC05223.ARW,DSC05223,ARW,RAW,FDE1F6E7-BFD4-4D7A-95B1-DE6C359929C7,c205,c205,c205 ; g052,,gray,0,,645111353,,,SAMYANG AF 14mm F2.8,125,14 mm,ƒ / 6.3,1/640 sec,5304 x 7952,,DA,,,,,,,,,2021-06-11,2026-05-14T09:48:33
/Volumes/dataLib/Pictures/Images/2021/2021-06/2021-06-11/DSC05243.ARW,/Volumes/dataLib/Pictures/Images/2021/2021-06/2021-06-11,DSC05243.ARW,DSC05243,ARW,RAW,B51D2157-FF7E-4B43-A8C5-289D3111FD11,c205,c205,c205 ; g052,,gray,0,,645111361,,,SAMYANG AF 14mm F2.8,125,14 mm,ƒ / 6.3,1/640 sec,5304 x 7952,,DA,,,,,,,,,2021-06-11,2026-05-14T09:48:33
/Volumes/dataLib/Pictures/Images/2021/2021-06/2021-06-11/DSC05282.ARW,/Volumes/dataLib/Pictures/Images/2021/2021-06/2021-06-11,DSC05282.ARW,DSC05282,ARW,RAW,FD9A8C15-F05B-466D-84E4-BCB45AB3855C,c205,c205,c205 ; g052,,gray,0,,645111371,,,SAMYANG AF 14mm F2.8,125,14 mm,ƒ / 6.3,1/640 sec,5304 x 7952,,DA,,,,,,,,,2021-06-11,2026-05-14T09:48:33
/Volumes/dataLib/Pictures/Images/2021/2021-06/2021-06-11/DSC05346.ARW,/Volumes/dataLib/Pictures/Images/2021/2021-06/2021-06-11,DSC05346.ARW,DSC05346,ARW,RAW,F6565231-1705-4AE4-92B3-F28DFCA6BAE1,c206,c206,c206 ; g051,,gray,0,,645111497,,,SAMYANG AF 14mm F2.8,125,14 mm,ƒ / 6.3,1/640 sec,5304 x 7952,,DA,,,,,,,,,2021-06-11,2026-05-14T09:48:33
/Volumes/dataLib/Pictures/Images/2021/2021-06/2021-06-11/DSC05365.ARW,/Volumes/dataLib/Pictures/Images/2021/2021-06/2021-06-11,DSC05365.ARW,DSC05365,ARW,RAW,826085E7-6565-4F9D-BA3D-E5E2DD245501,c206,c206,c206 ; g051,,gray,0,,645111520,,,SAMYANG AF 14mm F2.8,125,14 mm,ƒ / 6.3,1/500 sec,5304 x 7952,,DA,,,,,,,,,2021-06-11,2026-05-14T09:48:33
/Volumes/dataLib/Pictures/Images/2021/2021-06/2021-06-11/DSC05391.ARW,/Volumes/dataLib/Pictures/Images/2021/2021-06/2021-06-11,DSC05391.ARW,DSC05391,ARW,RAW,2F5F3878-7981-4A74-9C6A-02A0855BF09F,c206,c206,c206 ; g051,,gray,0,,645111541,,,SAMYANG AF 14mm F2.8,125,14 mm,ƒ / 6.3,1/500 sec,5304 x 7952,,DA,,,,,,,,,2021-06-11,2026-05-14T09:48:33
/Volumes/dataLib/Pictures/Images/2021/2021-06/2021-06-11/DSC05425.ARW,/Volumes/dataLib/Pictures/Images/2021/2021-06/2021-06-11,DSC05425.ARW,DSC05425,ARW,RAW,6D8314DB-BC0C-4995-87BB-E006BB2AF5AA,c207,c207,c207 ; g050,,gray,0,,645111846,,,SAMYANG AF 14mm F2.8,125,14 mm,ƒ / 2.8,1/8000 sec,7952 x 5304,,AB,,,,,,,,,2021-06-11,2026-05-14T09:48:33
/Volumes/dataLib/Pictures/Images/2021/2021-06/2021-06-11/DSC05430.ARW,/Volumes/dataLib/Pictures/Images/2021/2021-06/2021-06-11,DSC05430.ARW,DSC05430,ARW,RAW,1584C263-5395-4D08-8448-93F49E184D3E,c207,c207,c207 ; g050,,gray,0,,645111851,,,SAMYANG AF 14mm F2.8,125,14 mm,ƒ / 2.8,1/8000 sec,7952 x 5304,,AB,,,,,,,,,2021-06-11,2026-05-14T09:48:33
/Volumes/dataLib/Pictures/Images/2021/2021-06/2021-06-11/DSC05438.ARW,/Volumes/dataLib/Pictures/Images/2021/2021-06/2021-06-11,DSC05438.ARW,DSC05438,ARW,RAW,25D62ED0-DADB-4B95-A89C-C0852F2BB798,c207,c207,c207 ; g050,,gray,0,,645111857,,,SAMYANG AF 14mm F2.8,125,14 mm,ƒ / 2.8,1/8000 sec,7952 x 5304,,AB,,,,,,,,,2021-06-11,2026-05-14T09:48:33
/Volumes/dataLib/Pictures/Images/2021/2021-06/2021-06-13/DSC05497.ARW,/Volumes/dataLib/Pictures/Images/2021/2021-06/2021-06-13,DSC05497.ARW,DSC05497,ARW,RAW,8E50E215-E7B0-40B2-A015-5431A1881C7D,c208,c208,c208 ; g049,,gray,0,,645319542,,,SAMYANG AF 14mm F2.8,100,14 mm,ƒ / 5.0,1/1000 sec,5304 x 7952,,DA,,,,,,,,,2021-06-13,2026-05-14T09:48:33
/Volumes/dataLib/Pictures/Images/2021/2021-06/2021-06-13/DSC05544.ARW,/Volumes/dataLib/Pictures/Images/2021/2021-06/2021-06-13,DSC05544.ARW,DSC05544,ARW,RAW,AE234267-5D85-4672-B988-F746C678D1C0,c208,c208,c208 ; g049,,gray,0,,645319876,,,SAMYANG AF 14mm F2.8,100,14 mm,ƒ / 5.0,1/800 sec,7952 x 5304,,AB,,,,,,,,,2021-06-13,2026-05-14T09:48:33
/Volumes/dataLib/Pictures/Images/2021/2021-06/2021-06-13/DSC05550.ARW,/Volumes/dataLib/Pictures/Images/2021/2021-06/2021-06-13,DSC05550.ARW,DSC05550,ARW,RAW,BAF084AD-9A3C-4164-8BAD-44B90EAD22A7,c208,c208,c208 ; g049,,gray,0,,645319923,,,SAMYANG AF 14mm F2.8,100,14 mm,ƒ / 5.0,1/400 sec,7952 x 5304,,AB,,,,,,,,,2021-06-13,2026-05-14T09:48:33
/Volumes/dataLib/Pictures/Images/2021/2021-06/2021-06-13/DSC05671.ARW,/Volumes/dataLib/Pictures/Images/2021/2021-06/2021-06-13,DSC05671.ARW,DSC05671,ARW,RAW,06BA88C5-14C1-42E2-829D-7536ABD39B98,c209,c209,c209 ; g048,,gray,0,,645320517,,,SAMYANG AF 14mm F2.8,100,14 mm,ƒ / 5.0,1/1000 sec,5304 x 7952,,DA,,,,,,,,,2021-06-13,2026-05-14T09:48:33
/Volumes/dataLib/Pictures/Images/2021/2021-06/2021-06-13/DSC05723.ARW,/Volumes/dataLib/Pictures/Images/2021/2021-06/2021-06-13,DSC05723.ARW,DSC05723,ARW,RAW,7EA0C906-1CB1-46B4-A0C2-E42B4CEA3118,c209,c209,c209 ; g048,,gray,0,,645320550,,,SAMYANG AF 14mm F2.8,100,14 mm,ƒ / 5.0,1/1000 sec,5304 x 7952,,DA,,,,,,,,,2021-06-13,2026-05-14T09:48:33
/Volumes/dataLib/Pictures/Images/2021/2021-06/2021-06-13/DSC05731.ARW,/Volumes/dataLib/Pictures/Images/2021/2021-06/2021-06-13,DSC05731.ARW,DSC05731,ARW,RAW,20E4E7E7-7874-4505-84BC-E1B893A644E2,c209,c209,c209 ; g048,,gray,0,,645320563,,,SAMYANG AF 14mm F2.8,100,14 mm,ƒ / 5.0,1/1000 sec,5304 x 7952,,DA,,,,,,,,,2021-06-13,2026-05-14T09:48:33
/Volumes/dataLib/Pictures/Images/2021/2021-06/2021-06-13/DSC05803.ARW,/Volumes/dataLib/Pictures/Images/2021/2021-06/2021-06-13,DSC05803.ARW,DSC05803,ARW,RAW,AE77760C-4E51-4172-B25F-07FE3E13DB73,c210,c210,c210 ; g047,,gray,0,,645320772,,,SAMYANG AF 14mm F2.8,100,14 mm,ƒ / 5.0,1/1250 sec,5304 x 7952,,DA,,,,,,,,,2021-06-13,2026-05-14T09:48:33
/Volumes/dataLib/Pictures/Images/2021/2021-06/2021-06-13/DSC05892.ARW,/Volumes/dataLib/Pictures/Images/2021/2021-06/2021-06-13,DSC05892.ARW,DSC05892,ARW,RAW,25ADB1F3-9DE1-4594-B2B7-C7701330E96E,c210,c210,c210 ; g047,,gray,0,,645320879,,,SAMYANG AF 14mm F2.8,100,14 mm,ƒ / 5.0,1/1000 sec,5304 x 7952,,DA,,,,,,,,,2021-06-13,2026-05-14T09:48:33
/Volumes/dataLib/Pictures/Images/2021/2021-06/2021-06-13/DSC05908.ARW,/Volumes/dataLib/Pictures/Images/2021/2021-06/2021-06-13,DSC05908.ARW,DSC05908,ARW,RAW,06D6A8B2-5F9E-46FF-A4B5-D8EEB3BEA1F6,c210,c210,c210 ; g047,,gray,0,,645320883,,,SAMYANG AF 14mm F2.8,100,14 mm,ƒ / 5.0,1/1000 sec,5304 x 7952,,DA,,,,,,,,,2021-06-13,2026-05-14T09:48:33
/Volumes/dataLib/Pictures/Images/2021/2021-06/2021-06-13/DSC06036.ARW,/Volumes/dataLib/Pictures/Images/2021/2021-06/2021-06-13,DSC06036.ARW,DSC06036,ARW,RAW,B5727804-C992-477B-B0CC-7265609ACE82,c211,c211,c211 ; g046,,gray,0,,645321045,,,SAMYANG AF 14mm F2.8,100,14 mm,ƒ / 5.0,1/1000 sec,5304 x 7952,,DA,,,,,,,,,2021-06-13,2026-05-14T09:48:33
/Volumes/dataLib/Pictures/Images/2021/2021-06/2021-06-13/DSC06070.ARW,/Volumes/dataLib/Pictures/Images/2021/2021-06/2021-06-13,DSC06070.ARW,DSC06070,ARW,RAW,16D3D436-EB58-40F6-8C41-4C12D7D6C697,c211,c211,c211 ; g046,,gray,0,,645321333,,,SAMYANG AF 14mm F2.8,100,14 mm,ƒ / 5.0,1/1600 sec,5304 x 7952,,DA,,,,,,,,,2021-06-13,2026-05-14T09:48:33
/Volumes/dataLib/Pictures/Images/2021/2021-06/2021-06-13/DSC06102.ARW,/Volumes/dataLib/Pictures/Images/2021/2021-06/2021-06-13,DSC06102.ARW,DSC06102,ARW,RAW,E57C6CFC-F10E-4F3C-984A-8C591E61D7AC,c211,c211,c211 ; g046,,gray,0,,645321375,,,SAMYANG AF 14mm F2.8,100,14 mm,ƒ / 5.0,1/1600 sec,5304 x 7952,,DA,,,,,,,,,2021-06-13,2026-05-14T09:48:33
/Volumes/dataLib/Pictures/Images/2021/2021-06/2021-06-13/DSC06160.ARW,/Volumes/dataLib/Pictures/Images/2021/2021-06/2021-06-13,DSC06160.ARW,DSC06160,ARW,RAW,492636F0-3865-47CA-A25F-D3CFF849A95C,c212,c212,c212 ; g045,,gray,0,,645321542,,,SAMYANG AF 14mm F2.8,100,14 mm,ƒ / 5.0,1/2000 sec,5304 x 7952,,DA,,,,,,,,,2021-06-13,2026-05-14T09:48:33
/Volumes/dataLib/Pictures/Images/2021/2021-06/2021-06-13/DSC06361.ARW,/Volumes/dataLib/Pictures/Images/2021/2021-06/2021-06-13,DSC06361.ARW,DSC06361,ARW,RAW,1B76BF70-D70E-47BA-8BD8-0FFEB3328099,c212,c212,c212 ; g045,,gray,0,,645321791,,,SAMYANG AF 14mm F2.8,100,14 mm,ƒ / 5.0,1/1250 sec,5304 x 7952,,DA,,,,,,,,,2021-06-13,2026-05-14T09:48:33
/Volumes/dataLib/Pictures/Images/2021/2021-06/2021-06-13/DSC06679.ARW,/Volumes/dataLib/Pictures/Images/2021/2021-06/2021-06-13,DSC06679.ARW,DSC06679,ARW,RAW,01017C83-E938-4C78-B696-B2D75EF84A85,c212,c212,c212 ; g045,,gray,0,,645322304,,,SAMYANG AF 14mm F2.8,100,14 mm,ƒ / 5.0,1/2000 sec,5304 x 7952,,DA,,,,,,,,,2021-06-13,2026-05-14T09:48:33
/Volumes/dataLib/Pictures/Images/2021/2021-06/2021-06-13/DSC06723.ARW,/Volumes/dataLib/Pictures/Images/2021/2021-06/2021-06-13,DSC06723.ARW,DSC06723,ARW,RAW,3D8F33DF-876C-4437-BD4E-90A851C8B060,c213,c213,c213 ; g044,,gray,0,,645322588,,,FE 50mm F1.4 ZA,100,50 mm,ƒ / 5.0,1/1250 sec,7952 x 5304,,AB,,,,,,,,,2021-06-13,2026-05-14T09:48:33
/Volumes/dataLib/Pictures/Images/2021/2021-06/2021-06-13/DSC06735.ARW,/Volumes/dataLib/Pictures/Images/2021/2021-06/2021-06-13,DSC06735.ARW,DSC06735,ARW,RAW,2CD42547-759A-43CD-986C-BB5166BA28A3,c213,c213,c213 ; g044,,gray,0,,645322598,,,FE 50mm F1.4 ZA,100,50 mm,ƒ / 5.0,1/1250 sec,5304 x 7952,,DA,,,,,,,,,2021-06-13,2026-05-14T09:48:33
/Volumes/dataLib/Pictures/Images/2021/2021-06/2021-06-13/DSC06739.ARW,/Volumes/dataLib/Pictures/Images/2021/2021-06/2021-06-13,DSC06739.ARW,DSC06739,ARW,RAW,E70C6821-784A-4C6B-BBCC-7DC2F7BB424A,c213,c213,c213 ; g044,,gray,0,,645322603,,,FE 50mm F1.4 ZA,100,50 mm,ƒ / 5.0,1/1250 sec,5304 x 7952,,DA,,,,,,,,,2021-06-13,2026-05-14T09:48:33
/Volumes/dataLib/Pictures/Images/2021/2021-06/2021-06-22/DSC07059.ARW,/Volumes/dataLib/Pictures/Images/2021/2021-06/2021-06-22,DSC07059.ARW,DSC07059,ARW,RAW,A7373392-2BC6-4B56-9D44-AD8C2A879CE8,c214,c214,c214 ; g043,,gray,0,,646092167,,,SAMYANG AF 14mm F2.8,200,14 mm,ƒ / 5.0,1/250 sec,7952 x 5304,,AB,,,,,,,,,2021-06-22,2026-05-14T09:48:33
/Volumes/dataLib/Pictures/Images/2021/2021-06/2021-06-22/DSC07163.ARW,/Volumes/dataLib/Pictures/Images/2021/2021-06/2021-06-22,DSC07163.ARW,DSC07163,ARW,RAW,13E36D27-17B4-48C3-A206-64D2794C65DD,c214,c214,c214 ; g043,,gray,0,,646092218,,,SAMYANG AF 14mm F2.8,200,14 mm,ƒ / 5.0,1/250 sec,7952 x 5304,,AB,,,,,,,,,2021-06-22,2026-05-14T09:48:33
/Volumes/dataLib/Pictures/Images/2021/2021-06/2021-06-22/DSC07170.ARW,/Volumes/dataLib/Pictures/Images/2021/2021-06/2021-06-22,DSC07170.ARW,DSC07170,ARW,RAW,1495943B-8B4A-4D7C-9A44-666E1C6C21A3,c214,c214,c214 ; g043,,gray,0,,646092222,,,SAMYANG AF 14mm F2.8,200,14 mm,ƒ / 5.0,1/250 sec,7952 x 5304,,AB,,,,,,,,,2021-06-22,2026-05-14T09:48:33
/Volumes/dataLib/Pictures/Images/2021/2021-06/2021-06-22/DSC07336.ARW,/Volumes/dataLib/Pictures/Images/2021/2021-06/2021-06-22,DSC07336.ARW,DSC07336,ARW,RAW,C66615FF-AEE3-4778-92B8-53F01AD0B42C,c215,c215,c215 ; g042,,gray,0,,646092474,,,SAMYANG AF 14mm F2.8,100,14 mm,ƒ / 3.2,1/250 sec,5304 x 7952,,DA,,,,,,,,,2021-06-22,2026-05-14T09:48:33
/Volumes/dataLib/Pictures/Images/2021/2021-06/2021-06-22/DSC07344.ARW,/Volumes/dataLib/Pictures/Images/2021/2021-06/2021-06-22,DSC07344.ARW,DSC07344,ARW,RAW,DC19B80C-1725-4846-B049-C32636656FB6,c215,c215,c215 ; g042,,gray,0,,646092477,,,SAMYANG AF 14mm F2.8,100,14 mm,ƒ / 3.2,1/250 sec,5304 x 7952,,DA,,,,,,,,,2021-06-22,2026-05-14T09:48:33
/Volumes/dataLib/Pictures/Images/2021/2021-06/2021-06-22/DSC07371.ARW,/Volumes/dataLib/Pictures/Images/2021/2021-06/2021-06-22,DSC07371.ARW,DSC07371,ARW,RAW,E533C813-1C5C-4D42-953A-8CCB20C3ADF2,c215,c215,c215 ; g042,,gray,0,,646092495,,,SAMYANG AF 14mm F2.8,100,14 mm,ƒ / 3.2,1/250 sec,5304 x 7952,,DA,,,,,,,,,2021-06-22,2026-05-14T09:48:33
/Volumes/dataLib/Pictures/Images/2021/2021-06/2021-06-22/DSC07492.ARW,/Volumes/dataLib/Pictures/Images/2021/2021-06/2021-06-22,DSC07492.ARW,DSC07492,ARW,RAW,AFAEFC23-7F4A-498A-BABE-6A85CA9C6FA8,c217,c217,c217 ; g041,,gray,0,,646092670,,,SAMYANG AF 14mm F2.8,100,14 mm,ƒ / 3.2,1/250 sec,5304 x 7952,,DA,,,,,,,,,2021-06-22,2026-05-14T09:48:33
/Volumes/dataLib/Pictures/Images/2021/2021-06/2021-06-22/DSC07519.ARW,/Volumes/dataLib/Pictures/Images/2021/2021-06/2021-06-22,DSC07519.ARW,DSC07519,ARW,RAW,9CD14491-7183-4637-83D0-8CB2D76EB17A,c217,c217,c217 ; g041,,gray,0,,646092681,,,SAMYANG AF 14mm F2.8,100,14 mm,ƒ / 3.2,1/320 sec,5304 x 7952,,DA,,,,,,,,,2021-06-22,2026-05-14T09:48:33
/Volumes/dataLib/Pictures/Images/2021/2021-06/2021-06-22/DSC07630.ARW,/Volumes/dataLib/Pictures/Images/2021/2021-06/2021-06-22,DSC07630.ARW,DSC07630,ARW,RAW,47FF0ABC-AF03-46D4-8B13-3DC8BA0B6A8A,c217,c217,c217 ; g041,,gray,0,,646092758,,,SAMYANG AF 14mm F2.8,100,14 mm,ƒ / 3.2,1/1000 sec,5304 x 7952,,DA,,,,,,,,,2021-06-22,2026-05-14T09:48:33
/Volumes/dataLib/Pictures/Images/2021/2021-06/2021-06-22/DSC07695.ARW,/Volumes/dataLib/Pictures/Images/2021/2021-06/2021-06-22,DSC07695.ARW,DSC07695,ARW,RAW,20441963-983C-4A80-AAD8-37B8975115DC,c218,c218,c218,,gray,0,,646092858,,,SAMYANG AF 14mm F2.8,100,14 mm,ƒ / 3.2,1/320 sec,7952 x 5304,,AB,,,,,,,,,2021-06-22,2026-05-14T09:48:33
/Volumes/dataLib/Pictures/Images/2021/2021-06/2021-06-22/DSC07709.ARW,/Volumes/dataLib/Pictures/Images/2021/2021-06/2021-06-22,DSC07709.ARW,DSC07709,ARW,RAW,52C0B4E3-8750-4F20-A83F-432026F8DADE,c218,c218,c218,,gray,0,,646092870,,,SAMYANG AF 14mm F2.8,100,14 mm,ƒ / 3.2,1/320 sec,5304 x 7952,,DA,,,,,,,,,2021-06-22,2026-05-14T09:48:33
/Volumes/dataLib/Pictures/Images/2021/2021-06/2021-06-22/DSC07711.ARW,/Volumes/dataLib/Pictures/Images/2021/2021-06/2021-06-22,DSC07711.ARW,DSC07711,ARW,RAW,195E797E-465E-49EF-B3AE-2C76FF314050,c218,c218,c218,,gray,0,,646092870,,,SAMYANG AF 14mm F2.8,100,14 mm,ƒ / 3.2,1/320 sec,5304 x 7952,,DA,,,,,,,,,2021-06-22,2026-05-14T09:48:33
/Volumes/dataLib/Pictures/Images/2021/2021-07/2021-07-10/DSC07779.ARW,/Volumes/dataLib/Pictures/Images/2021/2021-07/2021-07-10,DSC07779.ARW,DSC07779,ARW,RAW,8340FB99-1990-4875-B1ED-54B2D235F04D,c219,c219,c219,,gray,0,,647651748,,,24mm F1.4 DG HSM | Art 018,100,24 mm,ƒ / 2.8,1/640 sec,5304 x 7952,,DA,,,,,,,,,2021-07-10,2026-05-14T09:48:33
/Volumes/dataLib/Pictures/Images/2021/2021-07/2021-07-10/DSC07787.ARW,/Volumes/dataLib/Pictures/Images/2021/2021-07/2021-07-10,DSC07787.ARW,DSC07787,ARW,RAW,C94CB39D-E98F-4A02-82FC-346CC0261CC5,c219,c219,c219,,gray,0,,647651756,,,24mm F1.4 DG HSM | Art 018,100,24 mm,ƒ / 2.8,1/640 sec,5304 x 7952,,DA,,,,,,,,,2021-07-10,2026-05-14T09:48:33
/Volumes/dataLib/Pictures/Images/2021/2021-07/2021-07-10/DSC07835.ARW,/Volumes/dataLib/Pictures/Images/2021/2021-07/2021-07-10,DSC07835.ARW,DSC07835,ARW,RAW,3C58D512-7408-434B-A139-B615B28A0482,c219,c219,c219,,gray,0,,647651805,,,24mm F1.4 DG HSM | Art 018,100,24 mm,ƒ / 2.8,1/640 sec,5304 x 7952,,DA,,,,,,,,,2021-07-10,2026-05-14T09:48:33
/Volumes/dataLib/Pictures/Images/2021/2021-07/2021-07-10/DSC07941.ARW,/Volumes/dataLib/Pictures/Images/2021/2021-07/2021-07-10,DSC07941.ARW,DSC07941,ARW,RAW,8051728D-9292-41A4-9AFE-F1F1141D9EBD,c220,c220,c220,,gray,0,,647652343,,,24mm F1.4 DG HSM | Art 018,100,24 mm,ƒ / 2.8,1/1250 sec,5304 x 7952,,DA,,,,,,,,,2021-07-10,2026-05-14T09:48:33
/Volumes/dataLib/Pictures/Images/2021/2021-07/2021-07-10/DSC07986.ARW,/Volumes/dataLib/Pictures/Images/2021/2021-07/2021-07-10,DSC07986.ARW,DSC07986,ARW,RAW,0343349A-1B5C-41F9-A8AB-BAC15C314F10,c220,c220,c220,,gray,0,,647652449,,,24mm F1.4 DG HSM | Art 018,100,24 mm,ƒ / 2.8,1/1250 sec,5304 x 7952,,DA,,,,,,,,,2021-07-10,2026-05-14T09:48:33
/Volumes/dataLib/Pictures/Images/2021/2021-07/2021-07-10/DSC08006.ARW,/Volumes/dataLib/Pictures/Images/2021/2021-07/2021-07-10,DSC08006.ARW,DSC08006,ARW,RAW,51C808A8-00CA-4EF6-8048-FF0F3D543111,c220,c220,c220,,gray,0,,647652535,,,24mm F1.4 DG HSM | Art 018,100,24 mm,ƒ / 2.8,1/1250 sec,5304 x 7952,,DA,,,,,,,,,2021-07-10,2026-05-14T09:48:33
/Volumes/dataLib/Pictures/Images/2021/2021-07/2021-07-10/DSC08074.ARW,/Volumes/dataLib/Pictures/Images/2021/2021-07/2021-07-10,DSC08074.ARW,DSC08074,ARW,RAW,274BB0EC-8265-4DE7-B7F9-0F1337DE8E18,c221,c221,c221,,gray,0,,647653351,,,24mm F1.4 DG HSM | Art 018,100,24 mm,ƒ / 2.8,1/2000 sec,5304 x 7952,,DA,,,,,,,,,2021-07-10,2026-05-14T09:48:33
/Volumes/dataLib/Pictures/Images/2021/2021-07/2021-07-10/DSC08085.ARW,/Volumes/dataLib/Pictures/Images/2021/2021-07/2021-07-10,DSC08085.ARW,DSC08085,ARW,RAW,14F1F459-20DE-4AE4-81B7-08428199B184,c221,c221,c221,,gray,0,,647653359,,,24mm F1.4 DG HSM | Art 018,100,24 mm,ƒ / 2.8,1/2000 sec,5304 x 7952,,DA,,,,,,,,,2021-07-10,2026-05-14T09:48:33
/Volumes/dataLib/Pictures/Images/2021/2021-07/2021-07-10/DSC08175.ARW,/Volumes/dataLib/Pictures/Images/2021/2021-07/2021-07-10,DSC08175.ARW,DSC08175,ARW,RAW,3E4BA02A-A959-4B06-8B16-8C233C15758A,c221,c221,c221,,gray,0,,647653631,,,24mm F1.4 DG HSM | Art 018,100,24 mm,ƒ / 2.8,1/2000 sec,5304 x 7952,,DA,,,,,,,,,2021-07-10,2026-05-14T09:48:33
/Volumes/dataLib/Pictures/Images/2021/2021-07/2021-07-10/DSC08204.ARW,/Volumes/dataLib/Pictures/Images/2021/2021-07/2021-07-10,DSC08204.ARW,DSC08204,ARW,RAW,BA3998ED-AE89-431B-A315-1228E17E6038,c222,c222,c222,,gray,0,,647654177,,,24mm F1.4 DG HSM | Art 018,100,24 mm,ƒ / 1.4,1/6400 sec,5304 x 7952,,DA,,,,,,,,,2021-07-10,2026-05-14T09:48:33
/Volumes/dataLib/Pictures/Images/2021/2021-07/2021-07-10/DSC08353.ARW,/Volumes/dataLib/Pictures/Images/2021/2021-07/2021-07-10,DSC08353.ARW,DSC08353,ARW,RAW,FB5869DA-5D0E-43D5-94E2-79CE8A2BA157,c222,c222,c222,,gray,0,,647654672,,,24mm F1.4 DG HSM | Art 018,100,24 mm,ƒ / 1.4,1/3200 sec,7952 x 5304,,AB,,,,,,,,,2021-07-10,2026-05-14T09:48:33
/Volumes/dataLib/Pictures/Images/2021/2021-07/2021-07-10/DSC08380.ARW,/Volumes/dataLib/Pictures/Images/2021/2021-07/2021-07-10,DSC08380.ARW,DSC08380,ARW,RAW,F19135C7-1B90-4ADC-9A64-53642AF7C0A6,c222,c222,c222,,gray,0,,647654690,,,24mm F1.4 DG HSM | Art 018,100,24 mm,ƒ / 1.4,1/3200 sec,7952 x 5304,,AB,,,,,,,,,2021-07-10,2026-05-14T09:48:33
/Volumes/dataLib/Pictures/Images/2021/2021-07/2021-07-10/DSC08410.ARW,/Volumes/dataLib/Pictures/Images/2021/2021-07/2021-07-10,DSC08410.ARW,DSC08410,ARW,RAW,983D3B57-CF61-4234-AEE8-8A01B2AE5922,c223,c223,c223,,gray,0,,647657276,,,SAMYANG AF 14mm F2.8,250,14 mm,ƒ / 2.8,1/250 sec,5304 x 7952,,DA,,,,,,,,,2021-07-10,2026-05-14T09:48:33
/Volumes/dataLib/Pictures/Images/2021/2021-07/2021-07-10/DSC08426.ARW,/Volumes/dataLib/Pictures/Images/2021/2021-07/2021-07-10,DSC08426.ARW,DSC08426,ARW,RAW,DDF746CD-D8BE-4EE8-9F4D-D5F1D738D91C,c223,c223,c223,,gray,0,,647657377,,,SAMYANG AF 14mm F2.8,160,14 mm,ƒ / 2.8,1/250 sec,5304 x 7952,,DA,,,,,,,,,2021-07-10,2026-05-14T09:48:33
/Volumes/dataLib/Pictures/Images/2021/2021-07/2021-07-10/DSC08510.ARW,/Volumes/dataLib/Pictures/Images/2021/2021-07/2021-07-10,DSC08510.ARW,DSC08510,ARW,RAW,0F12D2E3-7562-46BE-8913-EAFDED730A84,c223,c223,c223,,gray,0,,647657501,,,SAMYANG AF 14mm F2.8,200,14 mm,ƒ / 2.8,1/250 sec,5304 x 7952,,DA,,,,,,,,,2021-07-10,2026-05-14T09:48:33
/Volumes/dataLib/Pictures/Images/2021/2021-07/2021-07-10/DSC08547.ARW,/Volumes/dataLib/Pictures/Images/2021/2021-07/2021-07-10,DSC08547.ARW,DSC08547,ARW,RAW,56F44973-BABF-4DA4-A694-754AC1323D45,c224,c224,c224,,gray,0,,647657738,,,SAMYANG AF 14mm F2.8,200,14 mm,ƒ / 2.8,1/250 sec,5304 x 7952,,DA,,,,,,,,,2021-07-10,2026-05-14T09:48:33
/Volumes/dataLib/Pictures/Images/2021/2021-07/2021-07-10/DSC08549.ARW,/Volumes/dataLib/Pictures/Images/2021/2021-07/2021-07-10,DSC08549.ARW,DSC08549,ARW,RAW,DC84BB8F-029A-47F3-B91B-749DF6DC1588,c224,c224,c224,,gray,0,,647657748,,,SAMYANG AF 14mm F2.8,200,14 mm,ƒ / 2.8,1/250 sec,5304 x 7952,,DA,,,,,,,,,2021-07-10,2026-05-14T09:48:33
/Volumes/dataLib/Pictures/Images/2021/2021-07/2021-07-10/DSC08553.ARW,/Volumes/dataLib/Pictures/Images/2021/2021-07/2021-07-10,DSC08553.ARW,DSC08553,ARW,RAW,44D9F9B5-9635-4AE1-98F3-7C04BA46625D,c224,c224,c224,,gray,0,,647657760,,,SAMYANG AF 14mm F2.8,200,14 mm,ƒ / 2.8,1/250 sec,5304 x 7952,,DA,,,,,,,,,2021-07-10,2026-05-14T09:48:33
/Volumes/dataLib/Pictures/Images/2021/2021-07/2021-07-10/DSC08588.ARW,/Volumes/dataLib/Pictures/Images/2021/2021-07/2021-07-10,DSC08588.ARW,DSC08588,ARW,RAW,D7DAC2A0-4BCB-4207-B0DD-92E84B6BCC37,c225,c225,c225,,gray,0,,647658044,,,FE 50mm F1.4 ZA,100,50 mm,ƒ / 1.6,1/500 sec,5304 x 7952,,DA,,,,,,,,,2021-07-10,2026-05-14T09:48:33
/Volumes/dataLib/Pictures/Images/2021/2021-07/2021-07-10/DSC08701.ARW,/Volumes/dataLib/Pictures/Images/2021/2021-07/2021-07-10,DSC08701.ARW,DSC08701,ARW,RAW,91DDFBB0-7E9D-4F8B-8A03-69154FEF9ADF,c225,c225,c225,,gray,0,,647658755,,,FE 50mm F1.4 ZA,100,50 mm,ƒ / 1.6,1/320 sec,5304 x 7952,,DA,,,,,,,,,2021-07-10,2026-05-14T09:48:33
/Volumes/dataLib/Pictures/Images/2021/2021-07/2021-07-10/DSC08761.ARW,/Volumes/dataLib/Pictures/Images/2021/2021-07/2021-07-10,DSC08761.ARW,DSC08761,ARW,RAW,E6EA55B3-5D5C-4C0E-8576-2637D02BC8AC,c225,c225,c225,,gray,0,,647658932,,,FE 50mm F1.4 ZA,100,50 mm,ƒ / 1.6,1/320 sec,5304 x 7952,,DA,,,,,,,,,2021-07-10,2026-05-14T09:48:33
/Volumes/dataLib/Pictures/Images/2021/2021-07/2021-07-17/DSC09125.ARW,/Volumes/dataLib/Pictures/Images/2021/2021-07/2021-07-17,DSC09125.ARW,DSC09125,ARW,RAW,DFA8DA4E-C570-4176-9FF7-969D47B2FF09,c226,c226,c226,,gray,0,,648253616,,,24mm F1.4 DG HSM | Art 018,160,24 mm,ƒ / 3.5,1/250 sec,5304 x 7952,,DA,,,,,,,,,2021-07-17,2026-05-14T09:48:33
/Volumes/dataLib/Pictures/Images/2021/2021-07/2021-07-17/DSC09191.ARW,/Volumes/dataLib/Pictures/Images/2021/2021-07/2021-07-17,DSC09191.ARW,DSC09191,ARW,RAW,2B18169F-4B62-4AFF-8948-4516A5B188C7,c226,c226,c226,,gray,0,,648253792,,,24mm F1.4 DG HSM | Art 018,160,24 mm,ƒ / 3.5,1/250 sec,5304 x 7952,,DA,,,,,,,,,2021-07-17,2026-05-14T09:48:33
/Volumes/dataLib/Pictures/Images/2021/2021-07/2021-07-17/DSC09225.ARW,/Volumes/dataLib/Pictures/Images/2021/2021-07/2021-07-17,DSC09225.ARW,DSC09225,ARW,RAW,C24B1B20-BDBB-4354-9D37-66CA7FF19045,c226,c226,c226,,gray,0,,648253906,,,24mm F1.4 DG HSM | Art 018,125,24 mm,ƒ / 3.5,1/250 sec,5304 x 7952,,DA,,,,,,,,,2021-07-17,2026-05-14T09:48:33
/Volumes/dataLib/Pictures/Images/2021/2021-07/2021-07-17/DSC09589.ARW,/Volumes/dataLib/Pictures/Images/2021/2021-07/2021-07-17,DSC09589.ARW,DSC09589,ARW,RAW,FE27516D-2AFD-4116-B640-80314754A565,c227,c227,c227,,gray,0,,648255461,,,24mm F1.4 DG HSM | Art 018,100,24 mm,ƒ / 3.5,1/400 sec,5304 x 7952,,DA,,,,,,,,,2021-07-17,2026-05-14T09:48:33
/Volumes/dataLib/Pictures/Images/2021/2021-07/2021-07-17/DSC09590.ARW,/Volumes/dataLib/Pictures/Images/2021/2021-07/2021-07-17,DSC09590.ARW,DSC09590,ARW,RAW,4A3BFB17-5637-46BA-8FF8-312D3F1A5972,c227,c227,c227,,gray,0,,648255462,,,24mm F1.4 DG HSM | Art 018,100,24 mm,ƒ / 3.5,1/400 sec,5304 x 7952,,DA,,,,,,,,,2021-07-17,2026-05-14T09:48:33
/Volumes/dataLib/Pictures/Images/2021/2021-07/2021-07-17/DSC09603.ARW,/Volumes/dataLib/Pictures/Images/2021/2021-07/2021-07-17,DSC09603.ARW,DSC09603,ARW,RAW,DBD45617-90F5-47D2-9488-7C99DAD2BEA3,c227,c227,c227,,gray,0,,648255465,,,24mm F1.4 DG HSM | Art 018,100,24 mm,ƒ / 3.5,1/400 sec,5304 x 7952,,DA,,,,,,,,,2021-07-17,2026-05-14T09:48:33
/Volumes/dataLib/Pictures/Images/2021/2021-07/2021-07-17/DSC09732.ARW,/Volumes/dataLib/Pictures/Images/2021/2021-07/2021-07-17,DSC09732.ARW,DSC09732,ARW,RAW,2AC7F4E4-6F28-435B-A2D6-E55892634506,c228,c228,c228,,gray,0,,648255961,,,24mm F1.4 DG HSM | Art 018,100,24 mm,ƒ / 3.5,1/800 sec,5304 x 7952,,DA,,,,,,,,,2021-07-17,2026-05-14T09:48:33
/Volumes/dataLib/Pictures/Images/2021/2021-07/2021-07-17/DSC09769.ARW,/Volumes/dataLib/Pictures/Images/2021/2021-07/2021-07-17,DSC09769.ARW,DSC09769,ARW,RAW,73EB6EDA-C560-4652-AB85-5CD48101F067,c228,c228,c228,,gray,0,,648256003,,,24mm F1.4 DG HSM | Art 018,100,24 mm,ƒ / 3.5,1/640 sec,5304 x 7952,,DA,,,,,,,,,2021-07-17,2026-05-14T09:48:33
/Volumes/dataLib/Pictures/Images/2021/2021-07/2021-07-17/DSC09884.ARW,/Volumes/dataLib/Pictures/Images/2021/2021-07/2021-07-17,DSC09884.ARW,DSC09884,ARW,RAW,2B41E19D-C781-4579-AE97-FA764C977F60,c228,c228,c228,,gray,0,,648256238,,,24mm F1.4 DG HSM | Art 018,100,24 mm,ƒ / 3.5,1/640 sec,7952 x 5304,,AB,,,,,,,,,2021-07-17,2026-05-14T09:48:33
/Volumes/dataLib/Pictures/Images/2021/2021-07/2021-07-17/DSC09949.ARW,/Volumes/dataLib/Pictures/Images/2021/2021-07/2021-07-17,DSC09949.ARW,DSC09949,ARW,RAW,41B2E9EA-805B-4E95-ADBC-63B778AA2FC6,c229,c229,c229,,gray,0,,648256338,,,24mm F1.4 DG HSM | Art 018,100,24 mm,ƒ / 3.5,1/640 sec,5304 x 7952,,DA,,,,,,,,,2021-07-17,2026-05-14T09:48:33
/Volumes/dataLib/Pictures/Images/2021/2021-07/2021-07-17/DSC00070.ARW,/Volumes/dataLib/Pictures/Images/2021/2021-07/2021-07-17,DSC00070.ARW,DSC00070,ARW,RAW,6FF6AB63-212F-446A-9AE4-F9B2170DDB22,c229,c229,c229,,gray,0,,648256584,,,24mm F1.4 DG HSM | Art 018,100,24 mm,ƒ / 3.5,1/640 sec,5304 x 7952,,DA,,,,,,,,,2021-07-17,2026-05-14T09:48:33
/Volumes/dataLib/Pictures/Images/2021/2021-07/2021-07-17/DSC00174.ARW,/Volumes/dataLib/Pictures/Images/2021/2021-07/2021-07-17,DSC00174.ARW,DSC00174,ARW,RAW,8D2CCE50-AB6F-4862-81E6-E82BDAB4B325,c229,c229,c229,,gray,0,,648256684,,,24mm F1.4 DG HSM | Art 018,100,24 mm,ƒ / 3.5,1/640 sec,5304 x 7952,,DA,,,,,,,,,2021-07-17,2026-05-14T09:48:33
/Volumes/dataLib/Pictures/Images/2021/2021-07/2021-07-17/DSC00372.ARW,/Volumes/dataLib/Pictures/Images/2021/2021-07/2021-07-17,DSC00372.ARW,DSC00372,ARW,RAW,85DF6511-AA03-4CA9-B1B8-82125D73BDA0,c230,c230,c230,,gray,0,,648258916,,,24mm F1.4 DG HSM | Art 018,250,24 mm,ƒ / 4.5,1/250 sec,5304 x 7952,,DA,,,,,,,,,2021-07-17,2026-05-14T09:48:33
/Volumes/dataLib/Pictures/Images/2021/2021-07/2021-07-17/DSC00531.ARW,/Volumes/dataLib/Pictures/Images/2021/2021-07/2021-07-17,DSC00531.ARW,DSC00531,ARW,RAW,99025689-4A1B-4CC9-A348-0DB627A42594,c230,c230,c230,,gray,0,,648259197,,,24mm F1.4 DG HSM | Art 018,400,24 mm,ƒ / 5.6,1/250 sec,5304 x 7952,,DA,,,,,,,,,2021-07-17,2026-05-14T09:48:33
/Volumes/dataLib/Pictures/Images/2021/2021-07/2021-07-17/DSC00554.ARW,/Volumes/dataLib/Pictures/Images/2021/2021-07/2021-07-17,DSC00554.ARW,DSC00554,ARW,RAW,DF45E2D4-4385-4999-9C2F-284F277DD1BF,c230,c230,c230,,gray,0,,648259203,,,24mm F1.4 DG HSM | Art 018,400,24 mm,ƒ / 5.6,1/250 sec,5304 x 7952,,DA,,,,,,,,,2021-07-17,2026-05-14T09:48:33
/Volumes/dataLib/Pictures/Images/2021/2021-07/2021-07-17/DSC00591.ARW,/Volumes/dataLib/Pictures/Images/2021/2021-07/2021-07-17,DSC00591.ARW,DSC00591,ARW,RAW,C2F9EC09-7D96-47CD-875F-261ACEFA6136,c231,c231,c231,,gray,0,,648260095,,,FE 35mm F1.4 ZA,200,35 mm,ƒ / 5.6,1/250 sec,5304 x 7952,,DA,,,,,,,,,2021-07-17,2026-05-14T09:48:33
/Volumes/dataLib/Pictures/Images/2021/2021-07/2021-07-17/DSC00619.ARW,/Volumes/dataLib/Pictures/Images/2021/2021-07/2021-07-17,DSC00619.ARW,DSC00619,ARW,RAW,A1AA43B4-5F16-4D86-B01C-77D82F3333B3,c231,c231,c231,,gray,0,,648260142,,,FE 35mm F1.4 ZA,200,35 mm,ƒ / 5.6,1/250 sec,5304 x 7952,,DA,,,,,,,,,2021-07-17,2026-05-14T09:48:33
/Volumes/dataLib/Pictures/Images/2021/2021-07/2021-07-17/DSC00640.ARW,/Volumes/dataLib/Pictures/Images/2021/2021-07/2021-07-17,DSC00640.ARW,DSC00640,ARW,RAW,4F9D646D-0D38-4BFF-912C-FCADBB684977,c231,c231,c231,,gray,0,,648260202,,,FE 35mm F1.4 ZA,250,35 mm,ƒ / 6.3,1/250 sec,5304 x 7952,,DA,,,,,,,,,2021-07-17,2026-05-14T09:48:33
/Volumes/dataLib/Pictures/Images/2021/2021-07/2021-07-17/DSC00718.ARW,/Volumes/dataLib/Pictures/Images/2021/2021-07/2021-07-17,DSC00718.ARW,DSC00718,ARW,RAW,E08D3DA7-9612-4B69-84B0-7E02A0DFEEB9,c232,c232,c232,,gray,0,,648260589,,,FE 50mm F1.4 ZA,320,50 mm,ƒ / 6.3,1/250 sec,5304 x 7952,,DA,,,,,,,,,2021-07-17,2026-05-14T09:48:33
/Volumes/dataLib/Pictures/Images/2021/2021-07/2021-07-17/DSC01124.ARW,/Volumes/dataLib/Pictures/Images/2021/2021-07/2021-07-17,DSC01124.ARW,DSC01124,ARW,RAW,3404314C-3C45-4097-BB85-FC8071AAFE1D,c232,c232,c232,,gray,0,,648261152,,,FE 50mm F1.4 ZA,320,50 mm,ƒ / 6.3,1/250 sec,5304 x 7952,,DA,,,,,,,,,2021-07-17,2026-05-14T09:48:33
/Volumes/dataLib/Pictures/Images/2021/2021-07/2021-07-17/DSC01125.ARW,/Volumes/dataLib/Pictures/Images/2021/2021-07/2021-07-17,DSC01125.ARW,DSC01125,ARW,RAW,72F175A2-6C84-45D8-8062-BD7F463F24F8,c232,c232,c232,,gray,0,,648261153,,,FE 50mm F1.4 ZA,320,50 mm,ƒ / 6.3,1/250 sec,5304 x 7952,,DA,,,,,,,,,2021-07-17,2026-05-14T09:48:33
/Volumes/dataLib/Pictures/Images/2021/2021-07/2021-07-17/DSC01177.ARW,/Volumes/dataLib/Pictures/Images/2021/2021-07/2021-07-17,DSC01177.ARW,DSC01177,ARW,RAW,F128B5F0-568A-47A5-9BF3-EE55F82094DC,c233,c233,c233,,gray,0,,648262133,,,FE 50mm F1.4 ZA,800,50 mm,ƒ / 6.3,1/250 sec,5304 x 7952,,DA,,,,,,,,,2021-07-17,2026-05-14T09:48:33
/Volumes/dataLib/Pictures/Images/2021/2021-07/2021-07-17/DSC01185.ARW,/Volumes/dataLib/Pictures/Images/2021/2021-07/2021-07-17,DSC01185.ARW,DSC01185,ARW,RAW,75055622-DA93-4A46-A53E-E3C1773D0D04,c233,c233,c233,,gray,0,,648262164,,,FE 50mm F1.4 ZA,800,50 mm,ƒ / 6.3,1/250 sec,5304 x 7952,,DA,,,,,,,,,2021-07-17,2026-05-14T09:48:33
/Volumes/dataLib/Pictures/Images/2021/2021-07/2021-07-17/DSC01632.ARW,/Volumes/dataLib/Pictures/Images/2021/2021-07/2021-07-17,DSC01632.ARW,DSC01632,ARW,RAW,7E00DAC4-08D6-4E24-B5B8-E5C42074BF0F,c233,c233,c233,,gray,0,,648262544,,,FE 50mm F1.4 ZA,800,50 mm,ƒ / 6.3,1/250 sec,5304 x 7952,,DA,,,,,,,,,2021-07-17,2026-05-14T09:48:33
/Volumes/dataLib/Pictures/Images/2021/2021-07/2021-07-23/DSC01720.ARW,/Volumes/dataLib/Pictures/Images/2021/2021-07/2021-07-23,DSC01720.ARW,DSC01720,ARW,RAW,EB32B4CD-265A-4EBC-B0B3-32C33CA3DD21,c234,c234,c234,,gray,0,,648770608,,,24mm F1.4 DG HSM | Art 018,160,24 mm,ƒ / 6.3,1/250 sec,5304 x 7952,,DA,,,,,,,,,2021-07-23,2026-05-14T09:48:33
/Volumes/dataLib/Pictures/Images/2021/2021-07/2021-07-23/DSC01746.ARW,/Volumes/dataLib/Pictures/Images/2021/2021-07/2021-07-23,DSC01746.ARW,DSC01746,ARW,RAW,2DDA1AF5-A1DC-4D93-8DB0-4CDF9253F2BE,c234,c234,c234,,gray,0,,648771026,,,SAMYANG AF 14mm F2.8,400,14 mm,ƒ / 6.3,1/250 sec,7952 x 5304,,AB,,,,,,,,,2021-07-23,2026-05-14T09:48:33
/Volumes/dataLib/Pictures/Images/2021/2021-07/2021-07-23/DSC01752.ARW,/Volumes/dataLib/Pictures/Images/2021/2021-07/2021-07-23,DSC01752.ARW,DSC01752,ARW,RAW,620F8C56-8F4B-4941-943D-A6504AE33A08,c234,c234,c234,,gray,0,,648771033,,,SAMYANG AF 14mm F2.8,320,14 mm,ƒ / 6.3,1/250 sec,7952 x 5304,,AB,,,,,,,,,2021-07-23,2026-05-14T09:48:33
/Volumes/dataLib/Pictures/Images/2021/2021-07/2021-07-23/DSC01843.ARW,/Volumes/dataLib/Pictures/Images/2021/2021-07/2021-07-23,DSC01843.ARW,DSC01843,ARW,RAW,9C5C8848-8EB9-486B-9D72-3493C1F187B7,c235,c235,c235,,gray,0,,648771554,,,SAMYANG AF 14mm F2.8,500,14 mm,ƒ / 6.3,1/250 sec,5304 x 7952,,DA,,,,,,,,,2021-07-23,2026-05-14T09:48:33
/Volumes/dataLib/Pictures/Images/2021/2021-07/2021-07-23/DSC01846.ARW,/Volumes/dataLib/Pictures/Images/2021/2021-07/2021-07-23,DSC01846.ARW,DSC01846,ARW,RAW,1E9CAA55-3D65-4582-BAC2-D3DD4095B61D,c235,c235,c235,,gray,0,,648771571,,,SAMYANG AF 14mm F2.8,125,14 mm,ƒ / 6.3,1/250 sec,5304 x 7952,,DA,,,,,,,,,2021-07-23,2026-05-14T09:48:33
/Volumes/dataLib/Pictures/Images/2021/2021-07/2021-07-23/DSC01859.ARW,/Volumes/dataLib/Pictures/Images/2021/2021-07/2021-07-23,DSC01859.ARW,DSC01859,ARW,RAW,C0D5A958-6D03-4DD2-AF72-2558942219B4,c235,c235,c235,,gray,0,,648771580,,,SAMYANG AF 14mm F2.8,200,14 mm,ƒ / 6.3,1/250 sec,7952 x 5304,,AB,,,,,,,,,2021-07-23,2026-05-14T09:48:33
/Volumes/dataLib/Pictures/Images/2021/2021-07/2021-07-23/DSC01925.ARW,/Volumes/dataLib/Pictures/Images/2021/2021-07/2021-07-23,DSC01925.ARW,DSC01925,ARW,RAW,B68CBF92-375E-4D3D-809E-53BA2FE18DB1,c236,c236,c236,,gray,0,,648771714,,,24mm F1.4 DG HSM | Art 018,320,24 mm,ƒ / 6.3,1/250 sec,5304 x 7952,,DA,,,,,,,,,2021-07-23,2026-05-14T09:48:33
/Volumes/dataLib/Pictures/Images/2021/2021-07/2021-07-23/DSC01933.ARW,/Volumes/dataLib/Pictures/Images/2021/2021-07/2021-07-23,DSC01933.ARW,DSC01933,ARW,RAW,16B85F8E-ED90-442E-8B2C-4943803D4C1C,c236,c236,c236,,gray,0,,648771718,,,24mm F1.4 DG HSM | Art 018,320,24 mm,ƒ / 6.3,1/250 sec,5304 x 7952,,DA,,,,,,,,,2021-07-23,2026-05-14T09:48:33
/Volumes/dataLib/Pictures/Images/2021/2021-07/2021-07-23/DSC02135.ARW,/Volumes/dataLib/Pictures/Images/2021/2021-07/2021-07-23,DSC02135.ARW,DSC02135,ARW,RAW,C54D91EF-CADC-4D28-A86B-56A8720CBB48,c236,c236,c236,,gray,0,,648771848,,,24mm F1.4 DG HSM | Art 018,400,24 mm,ƒ / 6.3,1/250 sec,5304 x 7952,,DA,,,,,,,,,2021-07-23,2026-05-14T09:48:33
/Volumes/dataLib/Pictures/Images/2021/2021-07/2021-07-23/DSC02210.ARW,/Volumes/dataLib/Pictures/Images/2021/2021-07/2021-07-23,DSC02210.ARW,DSC02210,ARW,RAW,E6C5B308-1876-4D6B-BA88-546E6C6ED0D1,c237,c237,c237,,gray,0,,648772067,,,24mm F1.4 DG HSM | Art 018,400,24 mm,ƒ / 6.3,1/250 sec,5304 x 7952,,DA,,,,,,,,,2021-07-23,2026-05-14T09:48:33
/Volumes/dataLib/Pictures/Images/2021/2021-07/2021-07-23/DSC02251.ARW,/Volumes/dataLib/Pictures/Images/2021/2021-07/2021-07-23,DSC02251.ARW,DSC02251,ARW,RAW,77E89DC7-12EA-4EDB-87E2-68A01F9BCFFB,c237,c237,c237,,gray,0,,648772086,,,24mm F1.4 DG HSM | Art 018,400,24 mm,ƒ / 6.3,1/250 sec,5304 x 7952,,DA,,,,,,,,,2021-07-23,2026-05-14T09:48:33
/Volumes/dataLib/Pictures/Images/2021/2021-07/2021-07-23/DSC02268.ARW,/Volumes/dataLib/Pictures/Images/2021/2021-07/2021-07-23,DSC02268.ARW,DSC02268,ARW,RAW,CAE0D222-743D-409E-BF78-1496EC389129,c237,c237,c237,,gray,0,,648772096,,,24mm F1.4 DG HSM | Art 018,400,24 mm,ƒ / 6.3,1/250 sec,5304 x 7952,,DA,,,,,,,,,2021-07-23,2026-05-14T09:48:33
/Volumes/dataLib/Pictures/Images/2021/2021-07/2021-07-23/DSC02310.ARW,/Volumes/dataLib/Pictures/Images/2021/2021-07/2021-07-23,DSC02310.ARW,DSC02310,ARW,RAW,E0927EDA-CCDF-4898-AF8C-04A9197E0603,c239,c239,c239,,gray,0,,648772415,,,24mm F1.4 DG HSM | Art 018,640,24 mm,ƒ / 6.3,1/250 sec,5304 x 7952,,DA,,,,,,,,,2021-07-23,2026-05-14T09:48:33
/Volumes/dataLib/Pictures/Images/2021/2021-07/2021-07-23/DSC02328.ARW,/Volumes/dataLib/Pictures/Images/2021/2021-07/2021-07-23,DSC02328.ARW,DSC02328,ARW,RAW,78C1AD84-DC54-42FE-A93D-19686ADBC0D5,c239,c239,c239,,gray,0,,648772456,,,24mm F1.4 DG HSM | Art 018,500,24 mm,ƒ / 6.3,1/250 sec,5304 x 7952,,DA,,,,,,,,,2021-07-23,2026-05-14T09:48:33
/Volumes/dataLib/Pictures/Images/2021/2021-07/2021-07-23/DSC02377.ARW,/Volumes/dataLib/Pictures/Images/2021/2021-07/2021-07-23,DSC02377.ARW,DSC02377,ARW,RAW,F69D75F6-9DED-45EC-8561-38BF52E449E1,c239,c239,c239,,gray,0,,648772623,,,24mm F1.4 DG HSM | Art 018,250,24 mm,ƒ / 6.3,1/250 sec,5304 x 7952,,DA,,,,,,,,,2021-07-23,2026-05-14T09:48:33
/Volumes/dataLib/Pictures/Images/2021/2021-07/2021-07-23/DSC02391.ARW,/Volumes/dataLib/Pictures/Images/2021/2021-07/2021-07-23,DSC02391.ARW,DSC02391,ARW,RAW,B783C523-E3F0-4B8A-A6C2-31ECFF8F9D01,c240,c240,c240,,gray,0,,648772714,,,24mm F1.4 DG HSM | Art 018,250,24 mm,ƒ / 6.3,1/250 sec,5304 x 7952,,DA,,,,,,,,,2021-07-23,2026-05-14T09:48:33
/Volumes/dataLib/Pictures/Images/2021/2021-07/2021-07-23/DSC02394.ARW,/Volumes/dataLib/Pictures/Images/2021/2021-07/2021-07-23,DSC02394.ARW,DSC02394,ARW,RAW,C7EF30B9-1CB9-40A7-B8BC-F353C2E38823,c240,c240,c240,,gray,0,,648772716,,,24mm F1.4 DG HSM | Art 018,250,24 mm,ƒ / 6.3,1/250 sec,5304 x 7952,,DA,,,,,,,,,2021-07-23,2026-05-14T09:48:33
/Volumes/dataLib/Pictures/Images/2021/2021-07/2021-07-23/DSC02426.ARW,/Volumes/dataLib/Pictures/Images/2021/2021-07/2021-07-23,DSC02426.ARW,DSC02426,ARW,RAW,96F8BF91-FA01-4BB8-A39F-A4B216EC5D1E,c240,c240,c240,,gray,0,,648772746,,,24mm F1.4 DG HSM | Art 018,250,24 mm,ƒ / 6.3,1/250 sec,5304 x 7952,,DA,,,,,,,,,2021-07-23,2026-05-14T09:48:33
/Volumes/dataLib/Pictures/Images/2021/2021-07/2021-07-23/DSC02500.ARW,/Volumes/dataLib/Pictures/Images/2021/2021-07/2021-07-23,DSC02500.ARW,DSC02500,ARW,RAW,8235E08E-FDDA-41BC-8CFE-1697A87ACAD2,c241,c241,c241,,gray,0,,648773011,,,24mm F1.4 DG HSM | Art 018,320,24 mm,ƒ / 6.3,1/250 sec,7952 x 5304,,AB,,,,,,,,,2021-07-23,2026-05-14T09:48:33
/Volumes/dataLib/Pictures/Images/2021/2021-07/2021-07-23/DSC02533.ARW,/Volumes/dataLib/Pictures/Images/2021/2021-07/2021-07-23,DSC02533.ARW,DSC02533,ARW,RAW,A9A1CC1A-4E52-48B1-90B7-093683A4154E,c241,c241,c241,,gray,0,,648773023,,,24mm F1.4 DG HSM | Art 018,200,24 mm,ƒ / 6.3,1/250 sec,7952 x 5304,,AB,,,,,,,,,2021-07-23,2026-05-14T09:48:33
/Volumes/dataLib/Pictures/Images/2021/2021-07/2021-07-23/DSC02625.ARW,/Volumes/dataLib/Pictures/Images/2021/2021-07/2021-07-23,DSC02625.ARW,DSC02625,ARW,RAW,DF314077-5D02-48FA-90EA-82C9CB6F77F8,c241,c241,c241,,gray,0,,648773328,,,SAMYANG AF 14mm F2.8,100,14 mm,ƒ / 2.8,1/500 sec,7952 x 5304,,AB,,,,,,,,,2021-07-23,2026-05-14T09:48:33
/Volumes/dataLib/Pictures/Images/2021/2021-07/2021-07-23/DSC02785.ARW,/Volumes/dataLib/Pictures/Images/2021/2021-07/2021-07-23,DSC02785.ARW,DSC02785,ARW,RAW,60804E86-2120-4DA5-8B0E-298B53CC1496,c242,c242,c242,,gray,0,,648773474,,,SAMYANG AF 14mm F2.8,100,14 mm,ƒ / 2.8,1/500 sec,5304 x 7952,,DA,,,,,,,,,2021-07-23,2026-05-14T09:48:33
/Volumes/dataLib/Pictures/Images/2021/2021-07/2021-07-23/DSC02791.ARW,/Volumes/dataLib/Pictures/Images/2021/2021-07/2021-07-23,DSC02791.ARW,DSC02791,ARW,RAW,9C9E5346-3729-4AF9-B8E2-E46CA844DB57,c242,c242,c242,,gray,0,,648773488,,,SAMYANG AF 14mm F2.8,100,14 mm,ƒ / 2.8,1/500 sec,5304 x 7952,,DA,,,,,,,,,2021-07-23,2026-05-14T09:48:33
/Volumes/dataLib/Pictures/Images/2021/2021-07/2021-07-23/DSC02797.ARW,/Volumes/dataLib/Pictures/Images/2021/2021-07/2021-07-23,DSC02797.ARW,DSC02797,ARW,RAW,23F10551-7ACD-4BCC-B710-289537B45D33,c242,c242,c242,,gray,0,,648773492,,,SAMYANG AF 14mm F2.8,100,14 mm,ƒ / 2.8,1/500 sec,5304 x 7952,,DA,,,,,,,,,2021-07-23,2026-05-14T09:48:33
/Volumes/dataLib/Pictures/Images/2021/2021-07/2021-07-23/DSC02906.ARW,/Volumes/dataLib/Pictures/Images/2021/2021-07/2021-07-23,DSC02906.ARW,DSC02906,ARW,RAW,780E4B88-634E-4454-B32A-9E2EE8268B2E,c243,c243,c243 ; g037,,gray,0,,648773825,,,24mm F1.4 DG HSM | Art 018,100,24 mm,ƒ / 2.8,1/640 sec,7952 x 5304,,AB,,,,,,,,,2021-07-23,2026-05-14T09:48:33
/Volumes/dataLib/Pictures/Images/2021/2021-07/2021-07-23/DSC02970.ARW,/Volumes/dataLib/Pictures/Images/2021/2021-07/2021-07-23,DSC02970.ARW,DSC02970,ARW,RAW,98FFAFD3-1C56-4B6D-8F72-0303A4B06633,c243,c243,c243 ; g037,,gray,0,,648773854,,,24mm F1.4 DG HSM | Art 018,100,24 mm,ƒ / 2.8,1/800 sec,7952 x 5304,,AB,,,,,,,,,2021-07-23,2026-05-14T09:48:33
/Volumes/dataLib/Pictures/Images/2021/2021-07/2021-07-23/DSC03003.ARW,/Volumes/dataLib/Pictures/Images/2021/2021-07/2021-07-23,DSC03003.ARW,DSC03003,ARW,RAW,6CEB8304-F3A3-4496-B134-15DDE7A84959,c243,c243,c243 ; g037,,gray,0,,648773867,,,24mm F1.4 DG HSM | Art 018,100,24 mm,ƒ / 2.8,1/800 sec,7952 x 5304,,AB,,,,,,,,,2021-07-23,2026-05-14T09:48:33
/Volumes/dataLib/Pictures/Images/2021/2021-07/2021-07-23/DSC03033.ARW,/Volumes/dataLib/Pictures/Images/2021/2021-07/2021-07-23,DSC03033.ARW,DSC03033,ARW,RAW,85C5EE6B-AE4F-4868-B82C-962A89DFCCEF,c244,c244,c244,,gray,0,,648774042,,,FE 50mm F1.4 ZA,100,50 mm,ƒ / 2.8,1/640 sec,5304 x 7952,,DA,,,,,,,,,2021-07-23,2026-05-14T09:48:33
/Volumes/dataLib/Pictures/Images/2021/2021-07/2021-07-23/DSC03070.ARW,/Volumes/dataLib/Pictures/Images/2021/2021-07/2021-07-23,DSC03070.ARW,DSC03070,ARW,RAW,2513BEC4-46C8-4509-BC59-F7D565568A32,c244,c244,c244,,gray,0,,648774101,,,FE 50mm F1.4 ZA,100,50 mm,ƒ / 2.8,1/640 sec,5304 x 7952,,DA,,,,,,,,,2021-07-23,2026-05-14T09:48:33
/Volumes/dataLib/Pictures/Images/2021/2021-07/2021-07-23/DSC03141.ARW,/Volumes/dataLib/Pictures/Images/2021/2021-07/2021-07-23,DSC03141.ARW,DSC03141,ARW,RAW,03356AD2-E842-45DE-95B1-788B823F5E34,c244,c244,c244,,gray,0,,648774211,,,FE 50mm F1.4 ZA,100,50 mm,ƒ / 2.8,1/640 sec,5304 x 7952,,DA,,,,,,,,,2021-07-23,2026-05-14T09:48:33
/Volumes/dataLib/Pictures/Images/2021/2021-07/2021-07-23/DSC03398.ARW,/Volumes/dataLib/Pictures/Images/2021/2021-07/2021-07-23,DSC03398.ARW,DSC03398,ARW,RAW,38E4E4A0-E53F-42D7-B76D-9CA4D5175B4F,c245,c245,c245,,gray,0,,648775175,,,24mm F1.4 DG HSM | Art 018,100,24 mm,ƒ / 1.4,1/2500 sec,5304 x 7952,,DA,,,,,,,,,2021-07-23,2026-05-14T09:48:33
/Volumes/dataLib/Pictures/Images/2021/2021-07/2021-07-23/DSC03437.ARW,/Volumes/dataLib/Pictures/Images/2021/2021-07/2021-07-23,DSC03437.ARW,DSC03437,ARW,RAW,50E734CD-CAAC-4BB1-B6C8-FDA0BE357506,c245,c245,c245,,gray,0,,648775291,,,24mm F1.4 DG HSM | Art 018,100,24 mm,ƒ / 1.4,1/2500 sec,5304 x 7952,,DA,,,,,,,,,2021-07-23,2026-05-14T09:48:33
/Volumes/dataLib/Pictures/Images/2021/2021-07/2021-07-23/DSC03491.ARW,/Volumes/dataLib/Pictures/Images/2021/2021-07/2021-07-23,DSC03491.ARW,DSC03491,ARW,RAW,6ACD33ED-4C9C-4424-8540-77CF81C37193,c245,c245,c245,,gray,0,,648775329,,,24mm F1.4 DG HSM | Art 018,100,24 mm,ƒ / 1.4,1/2500 sec,5304 x 7952,,DA,,,,,,,,,2021-07-23,2026-05-14T09:48:33
/Volumes/dataLib/Pictures/Images/2021/2021-07/2021-07-23/DSC03573.ARW,/Volumes/dataLib/Pictures/Images/2021/2021-07/2021-07-23,DSC03573.ARW,DSC03573,ARW,RAW,09BEC9C9-428E-4E5A-B1D9-1EB7C3E9B765,c246,c246,c246,,gray,0,,648775771,,,FE 50mm F1.4 ZA,100,50 mm,ƒ / 2.8,1/640 sec,5304 x 7952,,DA,,,,,,,,,2021-07-23,2026-05-14T09:48:33
/Volumes/dataLib/Pictures/Images/2021/2021-07/2021-07-23/DSC03622.ARW,/Volumes/dataLib/Pictures/Images/2021/2021-07/2021-07-23,DSC03622.ARW,DSC03622,ARW,RAW,45C2AFC0-B8C4-4A50-A0BF-3B121AC20C4D,c246,c246,c246,,gray,0,,648775824,,,FE 50mm F1.4 ZA,100,50 mm,ƒ / 2.8,1/640 sec,5304 x 7952,,DA,,,,,,,,,2021-07-23,2026-05-14T09:48:33
/Volumes/dataLib/Pictures/Images/2021/2021-07/2021-07-23/DSC03639.ARW,/Volumes/dataLib/Pictures/Images/2021/2021-07/2021-07-23,DSC03639.ARW,DSC03639,ARW,RAW,342356B0-CC87-4162-88AC-B2194BA20EAA,c246,c246,c246,,gray,0,,648775838,,,FE 50mm F1.4 ZA,100,50 mm,ƒ / 2.8,1/640 sec,5304 x 7952,,DA,,,,,,,,,2021-07-23,2026-05-14T09:48:33
/Volumes/dataLib/Pictures/Images/2021/2021-07/2021-07-23/DSC03730.ARW,/Volumes/dataLib/Pictures/Images/2021/2021-07/2021-07-23,DSC03730.ARW,DSC03730,ARW,RAW,83497274-E1D3-423C-BF66-8867D9A8F15D,c247,c247,c247,,gray,0,,648776670,,,24mm F1.4 DG HSM | Art 018,100,24 mm,ƒ / 2.2,1/1250 sec,5304 x 7952,,DA,,,,,,,,,2021-07-23,2026-05-14T09:48:33
/Volumes/dataLib/Pictures/Images/2021/2021-07/2021-07-23/DSC03801.ARW,/Volumes/dataLib/Pictures/Images/2021/2021-07/2021-07-23,DSC03801.ARW,DSC03801,ARW,RAW,A72139F3-892A-4755-9B5D-D7C7DC94BBC8,c247,c247,c247,,gray,0,,648777049,,,SAMYANG AF 14mm F2.8,100,14 mm,ƒ / 2.8,1/640 sec,7952 x 5304,,AB,,,,,,,,,2021-07-23,2026-05-14T09:48:33
/Volumes/dataLib/Pictures/Images/2021/2021-07/2021-07-23/DSC03813.ARW,/Volumes/dataLib/Pictures/Images/2021/2021-07/2021-07-23,DSC03813.ARW,DSC03813,ARW,RAW,7B760F6A-3D2D-4672-81A9-303785CF71BF,c247,c247,c247,,gray,0,,648777114,,,SAMYANG AF 14mm F2.8,100,14 mm,ƒ / 2.8,1/640 sec,7952 x 5304,,AB,,,,,,,,,2021-07-23,2026-05-14T09:48:33
/Volumes/dataLib/Pictures/Images/2021/2021-07/2021-07-23/DSC03914.ARW,/Volumes/dataLib/Pictures/Images/2021/2021-07/2021-07-23,DSC03914.ARW,DSC03914,ARW,RAW,2B5E552E-B39A-41E2-929B-FCFD9A03527B,c248,c248,c248,,gray,0,,648778414,,,24mm F1.4 DG HSM | Art 018,100,24 mm,ƒ / 2.2,1/500 sec,5304 x 7952,,DA,,,,,,,,,2021-07-23,2026-05-14T09:48:33
/Volumes/dataLib/Pictures/Images/2021/2021-07/2021-07-23/DSC03947.ARW,/Volumes/dataLib/Pictures/Images/2021/2021-07/2021-07-23,DSC03947.ARW,DSC03947,ARW,RAW,663B37B4-CE60-4C26-ACFA-F80CEFFE5E11,c248,c248,c248,,gray,0,,648778456,,,24mm F1.4 DG HSM | Art 018,100,24 mm,ƒ / 2.2,1/500 sec,5304 x 7952,,DA,,,,,,,,,2021-07-23,2026-05-14T09:48:33
/Volumes/dataLib/Pictures/Images/2021/2021-07/2021-07-23/DSC03948.ARW,/Volumes/dataLib/Pictures/Images/2021/2021-07/2021-07-23,DSC03948.ARW,DSC03948,ARW,RAW,3042E3B2-8C4F-4216-9B4F-7A0EC0FC06D1,c248,c248,c248,,gray,0,,648778459,,,24mm F1.4 DG HSM | Art 018,100,24 mm,ƒ / 2.2,1/500 sec,5304 x 7952,,DA,,,,,,,,,2021-07-23,2026-05-14T09:48:33
/Volumes/dataLib/Pictures/Images/2021/2021-07/2021-07-23/DSC03975.ARW,/Volumes/dataLib/Pictures/Images/2021/2021-07/2021-07-23,DSC03975.ARW,DSC03975,ARW,RAW,830E7505-6897-4D6C-AD08-AB9DC0EFA5DD,c249,c249,c249,,gray,0,,648778687,,,24mm F1.4 DG HSM | Art 018,100,24 mm,ƒ / 2.2,1/500 sec,5304 x 7952,,DA,,,,,,,,,2021-07-23,2026-05-14T09:48:33
/Volumes/dataLib/Pictures/Images/2021/2021-07/2021-07-23/DSC04000.ARW,/Volumes/dataLib/Pictures/Images/2021/2021-07/2021-07-23,DSC04000.ARW,DSC04000,ARW,RAW,C11B17D2-2BE8-4B31-BD7A-24ABC98DA78C,c249,c249,c249,,gray,0,,648778749,,,24mm F1.4 DG HSM | Art 018,100,24 mm,ƒ / 2.2,1/500 sec,5304 x 7952,,DA,,,,,,,,,2021-07-23,2026-05-14T09:48:33
/Volumes/dataLib/Pictures/Images/2021/2021-07/2021-07-23/DSC04016.ARW,/Volumes/dataLib/Pictures/Images/2021/2021-07/2021-07-23,DSC04016.ARW,DSC04016,ARW,RAW,68B1AF27-4FAF-4414-92D8-2D7091B8898C,c249,c249,c249,,gray,0,,648778776,,,24mm F1.4 DG HSM | Art 018,100,24 mm,ƒ / 2.2,1/500 sec,5304 x 7952,,DA,,,,,,,,,2021-07-23,2026-05-14T09:48:33
/Volumes/dataLib/Pictures/Images/2021/2021-07/2021-07-23/DSC04090.ARW,/Volumes/dataLib/Pictures/Images/2021/2021-07/2021-07-23,DSC04090.ARW,DSC04090,ARW,RAW,7C0CDC70-4111-428C-89DD-8843DA7FBE99,c250,c250,c250,,gray,0,,648778880,,,24mm F1.4 DG HSM | Art 018,100,24 mm,ƒ / 2.2,1/500 sec,5304 x 7952,,DA,,,,,,,,,2021-07-23,2026-05-14T09:48:33
/Volumes/dataLib/Pictures/Images/2021/2021-07/2021-07-23/DSC04100.ARW,/Volumes/dataLib/Pictures/Images/2021/2021-07/2021-07-23,DSC04100.ARW,DSC04100,ARW,RAW,2F40D7C2-0A3D-401D-998D-7E2DC69C3F9B,c250,c250,c250,,gray,0,,648778888,,,24mm F1.4 DG HSM | Art 018,100,24 mm,ƒ / 2.2,1/500 sec,5304 x 7952,,DA,,,,,,,,,2021-07-23,2026-05-14T09:48:33
/Volumes/dataLib/Pictures/Images/2021/2021-07/2021-07-23/DSC04138.ARW,/Volumes/dataLib/Pictures/Images/2021/2021-07/2021-07-23,DSC04138.ARW,DSC04138,ARW,RAW,EB0B753C-56B2-4C9A-9119-6E45F1CE22FD,c250,c250,c250,,gray,0,,648778975,,,24mm F1.4 DG HSM | Art 018,100,24 mm,ƒ / 2.2,1/500 sec,5304 x 7952,,DA,,,,,,,,,2021-07-23,2026-05-14T09:48:33
/Volumes/dataLib/Pictures/Images/2021/2021-07/2021-07-23/DSC04151.ARW,/Volumes/dataLib/Pictures/Images/2021/2021-07/2021-07-23,DSC04151.ARW,DSC04151,ARW,RAW,550E35E7-AE9F-4055-89B0-80BA31D92D6A,c251,c251,c251,,gray,0,,648779598,,,24mm F1.4 DG HSM | Art 018,100,24 mm,ƒ / 2.2,1/800 sec,5304 x 7952,,DA,,,,,,,,,2021-07-23,2026-05-14T09:48:33
/Volumes/dataLib/Pictures/Images/2021/2021-07/2021-07-23/DSC04172.ARW,/Volumes/dataLib/Pictures/Images/2021/2021-07/2021-07-23,DSC04172.ARW,DSC04172,ARW,RAW,CE9B79A2-FFE0-48C4-813C-9619F435D1C5,c251,c251,c251,,gray,0,,648779631,,,24mm F1.4 DG HSM | Art 018,100,24 mm,ƒ / 2.2,1/640 sec,5304 x 7952,,DA,,,,,,,,,2021-07-23,2026-05-14T09:48:33
/Volumes/dataLib/Pictures/Images/2021/2021-07/2021-07-23/DSC04186.ARW,/Volumes/dataLib/Pictures/Images/2021/2021-07/2021-07-23,DSC04186.ARW,DSC04186,ARW,RAW,29E367D8-5779-448B-9DA3-DCDA132A0701,c251,c251,c251,,gray,0,,648779645,,,24mm F1.4 DG HSM | Art 018,100,24 mm,ƒ / 2.2,1/640 sec,5304 x 7952,,DA,,,,,,,,,2021-07-23,2026-05-14T09:48:33
/Volumes/dataLib/Pictures/Images/2021/2021-08/2021-08-26/DSC04512.ARW,/Volumes/dataLib/Pictures/Images/2021/2021-08/2021-08-26,DSC04512.ARW,DSC04512,ARW,RAW,A2BE44EF-2E6F-4D5E-8C75-D68422C57993,c252,c252,c252 ; g036,,gray,0,,651711413,,,SAMYANG AF 14mm F2.8,100,14 mm,ƒ / 2.8,1/320 sec,5304 x 7952,,DA,,,,,,,,,2021-08-26,2026-05-14T09:48:33
/Volumes/dataLib/Pictures/Images/2021/2021-08/2021-08-26/DSC04621.ARW,/Volumes/dataLib/Pictures/Images/2021/2021-08/2021-08-26,DSC04621.ARW,DSC04621,ARW,RAW,482AF7A6-862C-4591-8D19-1B7CD7015E83,c252,c252,c252 ; g036,,gray,0,,651711516,,,SAMYANG AF 14mm F2.8,100,14 mm,ƒ / 2.8,1/320 sec,5304 x 7952,,DA,,,,,,,,,2021-08-26,2026-05-14T09:48:33
/Volumes/dataLib/Pictures/Images/2021/2021-08/2021-08-26/DSC04641.ARW,/Volumes/dataLib/Pictures/Images/2021/2021-08/2021-08-26,DSC04641.ARW,DSC04641,ARW,RAW,F984F867-39FF-4377-9984-125C4C505826,c252,c252,c252 ; g036,,gray,0,,651711523,,,SAMYANG AF 14mm F2.8,100,14 mm,ƒ / 2.8,1/320 sec,5304 x 7952,,DA,,,,,,,,,2021-08-26,2026-05-14T09:48:33
/Volumes/dataLib/Pictures/Images/2021/2021-08/2021-08-26/DSC04717.ARW,/Volumes/dataLib/Pictures/Images/2021/2021-08/2021-08-26,DSC04717.ARW,DSC04717,ARW,RAW,6BFC3E7B-DD5A-4D7A-A633-C7E9C8EED3CC,c253,c253,c253 ; g035,,gray,0,,651711869,,,SAMYANG AF 14mm F2.8,100,14 mm,ƒ / 2.8,1/400 sec,5304 x 7952,,DA,,,,,,,,,2021-08-26,2026-05-14T09:48:33
/Volumes/dataLib/Pictures/Images/2021/2021-08/2021-08-26/DSC04797.ARW,/Volumes/dataLib/Pictures/Images/2021/2021-08/2021-08-26,DSC04797.ARW,DSC04797,ARW,RAW,E92C289F-C2EF-42F6-9B67-998A6C270179,c253,c253,c253 ; g035,,gray,0,,651711954,,,SAMYANG AF 14mm F2.8,100,14 mm,ƒ / 2.8,1/640 sec,5304 x 7952,,DA,,,,,,,,,2021-08-26,2026-05-14T09:48:33
/Volumes/dataLib/Pictures/Images/2021/2021-08/2021-08-26/DSC04816.ARW,/Volumes/dataLib/Pictures/Images/2021/2021-08/2021-08-26,DSC04816.ARW,DSC04816,ARW,RAW,EE660BB0-AD21-4A26-9956-AE2268E73623,c253,c253,c253 ; g035,,gray,0,,651711965,,,SAMYANG AF 14mm F2.8,100,14 mm,ƒ / 2.8,1/640 sec,5304 x 7952,,DA,,,,,,,,,2021-08-26,2026-05-14T09:48:33
/Volumes/dataLib/Pictures/Images/2021/2021-08/2021-08-26/DSC04952.ARW,/Volumes/dataLib/Pictures/Images/2021/2021-08/2021-08-26,DSC04952.ARW,DSC04952,ARW,RAW,89078A45-76F4-4561-A8B0-A7DA9AC5E721,c254,c254,c254 ; g034,,gray,0,,651712312,,,FE 50mm F1.4 ZA,125,50 mm,ƒ / 2.0,1/250 sec,5304 x 7952,,DA,,,,,,,,,2021-08-26,2026-05-14T09:48:33
/Volumes/dataLib/Pictures/Images/2021/2021-08/2021-08-26/DSC04994.ARW,/Volumes/dataLib/Pictures/Images/2021/2021-08/2021-08-26,DSC04994.ARW,DSC04994,ARW,RAW,D5E6262B-346C-43C6-985B-42F048E7460A,c254,c254,c254 ; g034,,gray,0,,651712383,,,FE 50mm F1.4 ZA,100,50 mm,ƒ / 2.0,1/250 sec,5304 x 7952,,DA,,,,,,,,,2021-08-26,2026-05-14T09:48:33
/Volumes/dataLib/Pictures/Images/2021/2021-08/2021-08-26/DSC04999.ARW,/Volumes/dataLib/Pictures/Images/2021/2021-08/2021-08-26,DSC04999.ARW,DSC04999,ARW,RAW,962BAC7A-40B9-4DC0-A096-74819D4D7F04,c254,c254,c254 ; g034,,gray,0,,651712384,,,FE 50mm F1.4 ZA,100,50 mm,ƒ / 2.0,1/250 sec,5304 x 7952,,DA,,,,,,,,,2021-08-26,2026-05-14T09:48:33
/Volumes/dataLib/Pictures/Images/2021/2021-08/2021-08-26/DSC05061.ARW,/Volumes/dataLib/Pictures/Images/2021/2021-08/2021-08-26,DSC05061.ARW,DSC05061,ARW,RAW,82BC6F6C-F796-48E6-9832-D6F4DC85A47B,c255,c255,c255 ; g033,,gray,0,,651712882,,,SAMYANG AF 14mm F2.8,100,14 mm,ƒ / 3.2,1/1000 sec,5304 x 7952,,DA,,,,,,,,,2021-08-26,2026-05-14T09:48:33
/Volumes/dataLib/Pictures/Images/2021/2021-08/2021-08-26/DSC05089.ARW,/Volumes/dataLib/Pictures/Images/2021/2021-08/2021-08-26,DSC05089.ARW,DSC05089,ARW,RAW,39CDE2ED-C1E7-4466-9F21-A8E022E1FE7A,c255,c255,c255 ; g033,,gray,0,,651712899,,,SAMYANG AF 14mm F2.8,100,14 mm,ƒ / 3.2,1/1000 sec,5304 x 7952,,DA,,,,,,,,,2021-08-26,2026-05-14T09:48:33
/Volumes/dataLib/Pictures/Images/2021/2021-08/2021-08-26/DSC05145.ARW,/Volumes/dataLib/Pictures/Images/2021/2021-08/2021-08-26,DSC05145.ARW,DSC05145,ARW,RAW,B2DEA31B-A7A5-4325-8F96-87FA4120D93D,c255,c255,c255 ; g033,,gray,0,,651712963,,,SAMYANG AF 14mm F2.8,100,14 mm,ƒ / 3.2,1/1000 sec,7952 x 5304,,AB,,,,,,,,,2021-08-26,2026-05-14T09:48:33
/Volumes/dataLib/Pictures/Images/2021/2021-08/2021-08-26/DSC05179.ARW,/Volumes/dataLib/Pictures/Images/2021/2021-08/2021-08-26,DSC05179.ARW,DSC05179,ARW,RAW,9B66D8D0-3101-42AF-AE56-2CC285D52D46,c256,c256,c256,,gray,0,,651713050,,,SAMYANG AF 14mm F2.8,100,14 mm,ƒ / 3.2,1/3200 sec,5304 x 7952,,DA,,,,,,,,,2021-08-26,2026-05-14T09:48:33
/Volumes/dataLib/Pictures/Images/2021/2021-08/2021-08-26/DSC05181.ARW,/Volumes/dataLib/Pictures/Images/2021/2021-08/2021-08-26,DSC05181.ARW,DSC05181,ARW,RAW,780DD1B0-800E-4AC5-935F-57C15DDAF82B,c256,c256,c256,,gray,0,,651713051,,,SAMYANG AF 14mm F2.8,100,14 mm,ƒ / 3.2,1/3200 sec,5304 x 7952,,DA,,,,,,,,,2021-08-26,2026-05-14T09:48:33
/Volumes/dataLib/Pictures/Images/2021/2021-08/2021-08-26/DSC05198.ARW,/Volumes/dataLib/Pictures/Images/2021/2021-08/2021-08-26,DSC05198.ARW,DSC05198,ARW,RAW,7E069C43-8542-43D3-8EA0-3A2DB5C79F55,c256,c256,c256,,gray,0,,651713079,,,SAMYANG AF 14mm F2.8,100,14 mm,ƒ / 3.2,1/6400 sec,5304 x 7952,,DA,,,,,,,,,2021-08-26,2026-05-14T09:48:33
/Volumes/dataLib/Pictures/Images/2021/2021-08/2021-08-26/DSC05355.ARW,/Volumes/dataLib/Pictures/Images/2021/2021-08/2021-08-26,DSC05355.ARW,DSC05355,ARW,RAW,AB22B0A9-D430-4143-9369-CE3096254BA3,c257,c257,c257 ; g031,,gray,0,,651720351,,,SAMYANG AF 14mm F2.8,200,14 mm,ƒ / 3.2,1/250 sec,5304 x 7952,,DA,,,,,,,,,2021-08-26,2026-05-14T09:48:33
/Volumes/dataLib/Pictures/Images/2021/2021-08/2021-08-26/DSC05385.ARW,/Volumes/dataLib/Pictures/Images/2021/2021-08/2021-08-26,DSC05385.ARW,DSC05385,ARW,RAW,3AD7FC8D-2A61-40AC-A1BC-F6CD268C9CC2,c257,c257,c257 ; g031,,gray,0,,651720365,,,SAMYANG AF 14mm F2.8,200,14 mm,ƒ / 3.2,1/250 sec,5304 x 7952,,DA,,,,,,,,,2021-08-26,2026-05-14T09:48:33
/Volumes/dataLib/Pictures/Images/2021/2021-08/2021-08-26/DSC05542.ARW,/Volumes/dataLib/Pictures/Images/2021/2021-08/2021-08-26,DSC05542.ARW,DSC05542,ARW,RAW,522A0DF3-C2C6-405D-BF81-DE9D38BDCB4C,c257,c257,c257 ; g031,,gray,0,,651720770,,,SAMYANG AF 14mm F2.8,1250,14 mm,ƒ / 4.5,1/250 sec,7952 x 5304,,AB,,,,,,,,,2021-08-26,2026-05-14T09:48:33
/Volumes/dataLib/Pictures/Images/2021/2021-08/2021-08-26/DSC05690.ARW,/Volumes/dataLib/Pictures/Images/2021/2021-08/2021-08-26,DSC05690.ARW,DSC05690,ARW,RAW,4595FCF4-A8E7-4095-84B4-22AA3EB3261E,c258,c258,c258 ; g030,,gray,0,,651721309,,,SAMYANG AF 14mm F2.8,500,14 mm,ƒ / 4.5,1/250 sec,5304 x 7952,,DA,,,,,,,,,2021-08-26,2026-05-14T09:48:33
/Volumes/dataLib/Pictures/Images/2021/2021-08/2021-08-26/DSC05744.ARW,/Volumes/dataLib/Pictures/Images/2021/2021-08/2021-08-26,DSC05744.ARW,DSC05744,ARW,RAW,C6795233-8BB7-4E4C-941C-BAB1F48ACDB4,c258,c258,c258 ; g030,,gray,0,,651721503,,,SAMYANG AF 14mm F2.8,500,14 mm,ƒ / 4.5,1/250 sec,5304 x 7952,,DA,,,,,,,,,2021-08-26,2026-05-14T09:48:33
/Volumes/dataLib/Pictures/Images/2021/2021-08/2021-08-26/DSC05754.ARW,/Volumes/dataLib/Pictures/Images/2021/2021-08/2021-08-26,DSC05754.ARW,DSC05754,ARW,RAW,2D498242-4AC8-49C9-9814-F7FD48A51B26,c258,c258,c258 ; g030,,gray,0,,651721511,,,SAMYANG AF 14mm F2.8,500,14 mm,ƒ / 4.5,1/250 sec,5304 x 7952,,DA,,,,,,,,,2021-08-26,2026-05-14T09:48:33
/Volumes/dataLib/Pictures/Images/2021/2021-08/2021-08-28/DSC05897.ARW,/Volumes/dataLib/Pictures/Images/2021/2021-08/2021-08-28,DSC05897.ARW,DSC05897,ARW,RAW,37BE4A0D-E47B-4192-BF92-8C71CD534306,c259,c259,c259,,gray,0,,651871943,,,SAMYANG AF 14mm F2.8,100,14 mm,ƒ / 4.5,1/2500 sec,5304 x 7952,,DA,,,,,,,,,2021-08-28,2026-05-14T09:48:33
/Volumes/dataLib/Pictures/Images/2021/2021-08/2021-08-28/DSC05950.ARW,/Volumes/dataLib/Pictures/Images/2021/2021-08/2021-08-28,DSC05950.ARW,DSC05950,ARW,RAW,BF6F35BD-BD20-4527-8035-8FFC839F7663,c259,c259,c259,,gray,0,,651872730,,,SAMYANG AF 14mm F2.8,100,14 mm,ƒ / 4.5,1/320 sec,5304 x 7952,,DA,,,,,,,,,2021-08-28,2026-05-14T09:48:33
/Volumes/dataLib/Pictures/Images/2021/2021-08/2021-08-28/DSC06027.ARW,/Volumes/dataLib/Pictures/Images/2021/2021-08/2021-08-28,DSC06027.ARW,DSC06027,ARW,RAW,D0FDCC42-4077-4401-80F3-185E402A9AA1,c259,c259,c259,,gray,0,,651872848,,,SAMYANG AF 14mm F2.8,100,14 mm,ƒ / 4.5,1/400 sec,5304 x 7952,,DA,,,,,,,,,2021-08-28,2026-05-14T09:48:33
/Volumes/dataLib/Pictures/Images/2021/2021-09/2021-09-04/DSC06176.ARW,/Volumes/dataLib/Pictures/Images/2021/2021-09/2021-09-04,DSC06176.ARW,DSC06176,ARW,RAW,722EC4EE-13AD-4967-9E3F-78BFCCE5F74D,c260,c260,c260,,gray,0,,652494031,,,FE 35mm F1.4 ZA,100,35 mm,ƒ / 1.4,1/1250 sec,5304 x 7952,,DA,,,,,,,,,2021-09-04,2026-05-14T09:48:33
/Volumes/dataLib/Pictures/Images/2021/2021-09/2021-09-04/DSC06203.ARW,/Volumes/dataLib/Pictures/Images/2021/2021-09/2021-09-04,DSC06203.ARW,DSC06203,ARW,RAW,2C4CAEAE-FABD-4237-A20D-1CC9D3C30E8D,c260,c260,c260,,gray,0,,652494052,,,FE 35mm F1.4 ZA,100,35 mm,ƒ / 1.4,1/1250 sec,5304 x 7952,,DA,,,,,,,,,2021-09-04,2026-05-14T09:48:33
/Volumes/dataLib/Pictures/Images/2021/2021-09/2021-09-04/DSC06214.ARW,/Volumes/dataLib/Pictures/Images/2021/2021-09/2021-09-04,DSC06214.ARW,DSC06214,ARW,RAW,322984C6-4148-45BB-B2CA-452347744647,c260,c260,c260,,gray,0,,652494058,,,FE 35mm F1.4 ZA,100,35 mm,ƒ / 1.4,1/1250 sec,5304 x 7952,,DA,,,,,,,,,2021-09-04,2026-05-14T09:48:33
/Volumes/dataLib/Pictures/Images/2021/2021-09/2021-09-04/DSC06256.ARW,/Volumes/dataLib/Pictures/Images/2021/2021-09/2021-09-04,DSC06256.ARW,DSC06256,ARW,RAW,AE78F245-7417-4BC5-B7BC-6E50073450B8,c261,c261,c261,,gray,0,,652494299,,,FE 35mm F1.4 ZA,100,35 mm,ƒ / 1.4,1/800 sec,5304 x 7952,,DA,,,,,,,,,2021-09-04,2026-05-14T09:48:33
/Volumes/dataLib/Pictures/Images/2021/2021-09/2021-09-04/DSC06335.ARW,/Volumes/dataLib/Pictures/Images/2021/2021-09/2021-09-04,DSC06335.ARW,DSC06335,ARW,RAW,E42B3A0D-8B42-406A-BF85-E7E2B9736F2B,c261,c261,c261,,gray,0,,652494669,,,24mm F1.4 DG HSM | Art 018,100,24 mm,ƒ / 1.6,1/800 sec,5304 x 7952,,DA,,,,,,,,,2021-09-04,2026-05-14T09:48:33
/Volumes/dataLib/Pictures/Images/2021/2021-09/2021-09-04/DSC06346.ARW,/Volumes/dataLib/Pictures/Images/2021/2021-09/2021-09-04,DSC06346.ARW,DSC06346,ARW,RAW,EFBD8AB0-69BC-45A6-A453-500FE9479BDC,c261,c261,c261,,gray,0,,652494676,,,24mm F1.4 DG HSM | Art 018,100,24 mm,ƒ / 1.6,1/800 sec,5304 x 7952,,DA,,,,,,,,,2021-09-04,2026-05-14T09:48:33
/Volumes/dataLib/Pictures/Images/2021/2021-09/2021-09-04/DSC06396.ARW,/Volumes/dataLib/Pictures/Images/2021/2021-09/2021-09-04,DSC06396.ARW,DSC06396,ARW,RAW,52BBD358-40BF-42BF-AD26-9B1DBF75B501,c262,c262,c262,,gray,0,,652494934,,,24mm F1.4 DG HSM | Art 018,100,24 mm,ƒ / 1.6,1/1600 sec,5304 x 7952,,DA,,,,,,,,,2021-09-04,2026-05-14T09:48:33
/Volumes/dataLib/Pictures/Images/2021/2021-09/2021-09-04/DSC06401.ARW,/Volumes/dataLib/Pictures/Images/2021/2021-09/2021-09-04,DSC06401.ARW,DSC06401,ARW,RAW,771726DE-D2AF-4DAE-93FE-378EE0ACC951,c262,c262,c262,,gray,0,,652494941,,,24mm F1.4 DG HSM | Art 018,100,24 mm,ƒ / 1.6,1/2000 sec,5304 x 7952,,DA,,,,,,,,,2021-09-04,2026-05-14T09:48:33
/Volumes/dataLib/Pictures/Images/2021/2021-09/2021-09-04/DSC06413.ARW,/Volumes/dataLib/Pictures/Images/2021/2021-09/2021-09-04,DSC06413.ARW,DSC06413,ARW,RAW,3493F63A-D4DC-4535-AA0B-DD3BCFCF56DF,c262,c262,c262,,gray,0,,652495039,,,24mm F1.4 DG HSM | Art 018,100,24 mm,ƒ / 1.6,1/640 sec,5304 x 7952,,DA,,,,,,,,,2021-09-04,2026-05-14T09:48:33
/Volumes/dataLib/Pictures/Images/2021/2021-09/2021-09-05/DSC06471.ARW,/Volumes/dataLib/Pictures/Images/2021/2021-09/2021-09-05,DSC06471.ARW,DSC06471,ARW,RAW,895ACF7E-483C-4C9F-8727-BE105421ED68,c263,c263,c263,,gray,0,,652580198,,,24mm F1.4 DG HSM | Art 018,125,24 mm,ƒ / 2.0,1/250 sec,5304 x 7952,,DA,,,,,,,,,2021-09-05,2026-05-14T09:48:33
/Volumes/dataLib/Pictures/Images/2021/2021-09/2021-09-05/DSC06479.ARW,/Volumes/dataLib/Pictures/Images/2021/2021-09/2021-09-05,DSC06479.ARW,DSC06479,ARW,RAW,5736C48F-6B26-4290-8FC0-55B3150DA205,c263,c263,c263,,gray,0,,652580199,,,24mm F1.4 DG HSM | Art 018,125,24 mm,ƒ / 2.0,1/250 sec,5304 x 7952,,DA,,,,,,,,,2021-09-05,2026-05-14T09:48:33
/Volumes/dataLib/Pictures/Images/2021/2021-09/2021-09-05/DSC06560.ARW,/Volumes/dataLib/Pictures/Images/2021/2021-09/2021-09-05,DSC06560.ARW,DSC06560,ARW,RAW,A9E7E910-0B8F-49A5-80ED-0D289855A22C,c263,c263,c263,,gray,0,,652580239,,,24mm F1.4 DG HSM | Art 018,125,24 mm,ƒ / 2.0,1/250 sec,5304 x 7952,,DA,,,,,,,,,2021-09-05,2026-05-14T09:48:33
/Volumes/dataLib/Pictures/Images/2021/2021-09/2021-09-05/DSC06649.ARW,/Volumes/dataLib/Pictures/Images/2021/2021-09/2021-09-05,DSC06649.ARW,DSC06649,ARW,RAW,0C0C9499-7E54-4A92-95A5-D4382CD93F63,c264,c264,c264,,gray,0,,652580514,,,FE 50mm F1.4 ZA,3200,50 mm,ƒ / 13,1/250 sec,5304 x 7952,,DA,,,,,,,,,2021-09-05,2026-05-14T09:48:33
/Volumes/dataLib/Pictures/Images/2021/2021-09/2021-09-05/DSC06680.ARW,/Volumes/dataLib/Pictures/Images/2021/2021-09/2021-09-05,DSC06680.ARW,DSC06680,ARW,RAW,D8109969-3225-4165-AC64-E8A59D7AEE05,c264,c264,c264,,gray,0,,652580574,,,FE 50mm F1.4 ZA,100,50 mm,ƒ / 1.4,1/640 sec,5304 x 7952,,DA,,,,,,,,,2021-09-05,2026-05-14T09:48:33
/Volumes/dataLib/Pictures/Images/2021/2021-09/2021-09-05/DSC06685.ARW,/Volumes/dataLib/Pictures/Images/2021/2021-09/2021-09-05,DSC06685.ARW,DSC06685,ARW,RAW,A9F9045B-B39D-4BF5-A9F3-67D1F3EF20C6,c264,c264,c264,,gray,0,,652580576,,,FE 50mm F1.4 ZA,100,50 mm,ƒ / 1.4,1/640 sec,5304 x 7952,,DA,,,,,,,,,2021-09-05,2026-05-14T09:48:33
/Volumes/dataLib/Pictures/Images/2021/2021-09/2021-09-05/DSC06751.ARW,/Volumes/dataLib/Pictures/Images/2021/2021-09/2021-09-05,DSC06751.ARW,DSC06751,ARW,RAW,BDBF696A-C593-4328-8AD4-6643CBF031C7,c265,c265,c265,,gray,0,,652581234,,,FE 50mm F1.4 ZA,100,50 mm,ƒ / 1.4,1/1000 sec,5304 x 7952,,DA,,,,,,,,,2021-09-05,2026-05-14T09:48:33
/Volumes/dataLib/Pictures/Images/2021/2021-09/2021-09-05/DSC06829.ARW,/Volumes/dataLib/Pictures/Images/2021/2021-09/2021-09-05,DSC06829.ARW,DSC06829,ARW,RAW,C417A465-FE45-4488-9D88-BAB89CEBDE7A,c265,c265,c265,,gray,0,,652581292,,,FE 50mm F1.4 ZA,100,50 mm,ƒ / 1.4,1/800 sec,5304 x 7952,,DA,,,,,,,,,2021-09-05,2026-05-14T09:48:33
/Volumes/dataLib/Pictures/Images/2021/2021-09/2021-09-05/DSC06830.ARW,/Volumes/dataLib/Pictures/Images/2021/2021-09/2021-09-05,DSC06830.ARW,DSC06830,ARW,RAW,19E4CD62-89D3-4CA8-ABB4-002B1E5E6FB5,c265,c265,c265,,gray,0,,652581293,,,FE 50mm F1.4 ZA,100,50 mm,ƒ / 1.4,1/800 sec,5304 x 7952,,DA,,,,,,,,,2021-09-05,2026-05-14T09:48:33
/Volumes/dataLib/Pictures/Images/2021/2021-09/2021-09-05/DSC06910.ARW,/Volumes/dataLib/Pictures/Images/2021/2021-09/2021-09-05,DSC06910.ARW,DSC06910,ARW,RAW,90C3E424-0EF0-4226-A614-30CFAB9FE37F,c266,c266,c266,,gray,0,,652581428,,,24mm F1.4 DG HSM | Art 018,100,24 mm,ƒ / 1.6,1/800 sec,5304 x 7952,,DA,,,,,,,,,2021-09-05,2026-05-14T09:48:33
/Volumes/dataLib/Pictures/Images/2021/2021-09/2021-09-05/DSC06918.ARW,/Volumes/dataLib/Pictures/Images/2021/2021-09/2021-09-05,DSC06918.ARW,DSC06918,ARW,RAW,93E3AEDE-AADF-41AA-ACA5-BC37FD5CA496,c266,c266,c266,,gray,0,,652581431,,,24mm F1.4 DG HSM | Art 018,100,24 mm,ƒ / 1.6,1/800 sec,5304 x 7952,,DA,,,,,,,,,2021-09-05,2026-05-14T09:48:33
/Volumes/dataLib/Pictures/Images/2021/2021-09/2021-09-05/DSC06943.ARW,/Volumes/dataLib/Pictures/Images/2021/2021-09/2021-09-05,DSC06943.ARW,DSC06943,ARW,RAW,16C75AFC-6638-4C1D-ABA8-0CC6BED55796,c266,c266,c266,,gray,0,,652581439,,,24mm F1.4 DG HSM | Art 018,100,24 mm,ƒ / 1.6,1/800 sec,5304 x 7952,,DA,,,,,,,,,2021-09-05,2026-05-14T09:48:33
/Volumes/dataLib/Pictures/Images/2021/2021-10/2021-10-02/DSC09316.ARW,/Volumes/dataLib/Pictures/Images/2021/2021-10/2021-10-02,DSC09316.ARW,DSC09316,ARW,RAW,0E978661-399A-4549-85B3-1277A3D8E3F1,c267,c267,c267,,gray,0,,654885158,,,24mm F1.4 DG HSM | Art 018,200,24 mm,ƒ / 2.2,1/250 sec,7952 x 5304,,AB,,,,,,,,,2021-10-02,2026-05-14T09:48:33
/Volumes/dataLib/Pictures/Images/2021/2021-10/2021-10-02/DSC09401.ARW,/Volumes/dataLib/Pictures/Images/2021/2021-10/2021-10-02,DSC09401.ARW,DSC09401,ARW,RAW,08627548-AE4D-49FD-A9DB-E721A7BC9351,c267,c267,c267,,gray,0,,654885517,,,24mm F1.4 DG HSM | Art 018,100,24 mm,ƒ / 2.0,1/250 sec,5304 x 7952,,DA,,,,,,,,,2021-10-02,2026-05-14T09:48:33
/Volumes/dataLib/Pictures/Images/2021/2021-10/2021-10-02/DSC09563.ARW,/Volumes/dataLib/Pictures/Images/2021/2021-10/2021-10-02,DSC09563.ARW,DSC09563,ARW,RAW,D10D57BD-2CAB-400F-9EDB-24304E78F585,c267,c267,c267,,gray,0,,654888891,,,24mm F1.4 DG HSM | Art 018,160,24 mm,ƒ / 2.0,1/250 sec,7952 x 5304,,AB,,,,,,,,,2021-10-02,2026-05-14T09:48:33
/Volumes/dataLib/Pictures/Images/2021/2021-11/2021-11-22/DSC09670.ARW,/Volumes/dataLib/Pictures/Images/2021/2021-11/2021-11-22,DSC09670.ARW,DSC09670,ARW,RAW,80BB91C3-3AD1-4AA9-A695-557EF1132470,c268,c268,c268,,gray,0,,659323386,,,SAMYANG AF 14mm F2.8,100,14 mm,ƒ / 2.8,1/640 sec,5304 x 7952,,DA,,,,,,,,,2021-11-22,2026-05-14T09:48:33
/Volumes/dataLib/Pictures/Images/2021/2021-11/2021-11-22/DSC09674.ARW,/Volumes/dataLib/Pictures/Images/2021/2021-11/2021-11-22,DSC09674.ARW,DSC09674,ARW,RAW,F814E4FE-C526-4A62-A25F-4A5612E093FF,c268,c268,c268,,gray,0,,659324477,,,SAMYANG AF 14mm F2.8,320,14 mm,ƒ / 2.8,1/250 sec,7952 x 5304,,AB,,,,,,,,,2021-11-22,2026-05-14T09:48:33
/Volumes/dataLib/Pictures/Images/2021/2021-11/2021-11-22/DSC09687.ARW,/Volumes/dataLib/Pictures/Images/2021/2021-11/2021-11-22,DSC09687.ARW,DSC09687,ARW,RAW,F07F985C-380B-429F-955B-38732DD72C63,c268,c268,c268,,gray,0,,659324543,,,SAMYANG AF 14mm F2.8,125,14 mm,ƒ / 2.8,1/250 sec,7952 x 5304,,AB,,,,,,,,,2021-11-22,2026-05-14T09:48:33
/Volumes/dataLib/Pictures/Images/2021/2021-11/2021-11-23/DSC00201.ARW,/Volumes/dataLib/Pictures/Images/2021/2021-11/2021-11-23,DSC00201.ARW,DSC00201,ARW,RAW,DB6DFC55-72D2-4219-AD91-4FC58227DAA5,c269,c269,c269,,gray,0,,659405401,,,FE 50mm F1.4 ZA,5000,50 mm,ƒ / 16,1/250 sec,5304 x 7952,,DA,,,,,,,,,2021-11-23,2026-05-14T09:48:33
/Volumes/dataLib/Pictures/Images/2021/2021-11/2021-11-25/DSC09238.ARW,/Volumes/dataLib/Pictures/Images/2021/2021-11/2021-11-25,DSC09238.ARW,DSC09238,ARW,RAW,4D902E83-F145-4A8F-9CD2-3F5886C2F210,c269,c269,c269,,gray,0,,659582553,,,24mm F1.4 DG HSM | Art 018,100,24 mm,ƒ / 1.8,1/320 sec,5304 x 7952,,DA,,,,,,,,,2021-11-25,2026-05-14T09:48:33
/Volumes/dataLib/Pictures/Images/2021/2021-11/2021-11-25/DSC09269.ARW,/Volumes/dataLib/Pictures/Images/2021/2021-11/2021-11-25,DSC09269.ARW,DSC09269,ARW,RAW,66711725-2AE9-4639-B802-CF9C468E2964,c269,c269,c269,,gray,0,,659582624,,,24mm F1.4 DG HSM | Art 018,100,24 mm,ƒ / 1.8,1/400 sec,7952 x 5304,,AB,,,,,,,,,2021-11-25,2026-05-14T09:48:33
/Volumes/dataLib/Pictures/Images/2022/2022-02/2022-02-05/DSC09551.ARW,/Volumes/dataLib/Pictures/Images/2022/2022-02/2022-02-05,DSC09551.ARW,DSC09551,ARW,RAW,36BFCE55-F1D1-4BD5-9AA9-2833CA3D8E03,c270,c270,c270 ; g028,,gray,0,,665804694,,,SAMYANG AF 14mm F2.8,160,14 mm,ƒ / 4.0,1/250 sec,5304 x 7952,,DA,,,,,,,,,2022-02-05,2026-05-14T09:48:33
/Volumes/dataLib/Pictures/Images/2022/2022-02/2022-02-05/DSC09662.ARW,/Volumes/dataLib/Pictures/Images/2022/2022-02/2022-02-05,DSC09662.ARW,DSC09662,ARW,RAW,1ED9A03D-C910-45E1-B904-FA5726F484F9,c270,c270,c270 ; g028,,gray,0,,665804929,,,SAMYANG AF 14mm F2.8,125,14 mm,ƒ / 4.0,1/250 sec,5304 x 7952,,DA,,,,,,,,,2022-02-05,2026-05-14T09:48:33
/Volumes/dataLib/Pictures/Images/2022/2022-02/2022-02-05/DSC09751.ARW,/Volumes/dataLib/Pictures/Images/2022/2022-02/2022-02-05,DSC09751.ARW,DSC09751,ARW,RAW,90F8E33D-F7E2-4308-910F-4BC3393ECF8D,c270,c270,c270 ; g028,,gray,0,,665804965,,,SAMYANG AF 14mm F2.8,125,14 mm,ƒ / 4.0,1/250 sec,5304 x 7952,,DA,,,,,,,,,2022-02-05,2026-05-14T09:48:33
/Volumes/dataLib/Pictures/Images/2022/2022-02/2022-02-05/DSC09797.ARW,/Volumes/dataLib/Pictures/Images/2022/2022-02/2022-02-05,DSC09797.ARW,DSC09797,ARW,RAW,D046B392-16D5-4B8B-8893-43D36E8F704B,c271,c271,c271 ; g027,,gray,0,,665805144,,,FE 50mm F1.4 ZA,400,50 mm,ƒ / 4.0,1/250 sec,5304 x 7952,,DA,,,,,,,,,2022-02-05,2026-05-14T09:48:33
/Volumes/dataLib/Pictures/Images/2022/2022-02/2022-02-05/DSC09814.ARW,/Volumes/dataLib/Pictures/Images/2022/2022-02/2022-02-05,DSC09814.ARW,DSC09814,ARW,RAW,4C8A4FF1-295C-47A9-875E-9C3063D6D91A,c271,c271,c271 ; g027,,gray,0,,665805168,,,FE 50mm F1.4 ZA,400,50 mm,ƒ / 4.0,1/250 sec,5304 x 7952,,DA,,,,,,,,,2022-02-05,2026-05-14T09:48:33
/Volumes/dataLib/Pictures/Images/2022/2022-02/2022-02-05/DSC09823.ARW,/Volumes/dataLib/Pictures/Images/2022/2022-02/2022-02-05,DSC09823.ARW,DSC09823,ARW,RAW,E6BF89B4-1893-438B-AE04-78141D1A1679,c271,c271,c271 ; g027,,gray,0,,665805178,,,FE 50mm F1.4 ZA,400,50 mm,ƒ / 4.0,1/250 sec,5304 x 7952,,DA,,,,,,,,,2022-02-05,2026-05-14T09:48:33
/Volumes/dataLib/Pictures/Images/2022/2022-03/2022-03-14/DSC00318.ARW,/Volumes/dataLib/Pictures/Images/2022/2022-03/2022-03-14,DSC00318.ARW,DSC00318,ARW,RAW,64A73B7E-E334-457E-A5FE-C6395E3526E8,c272,c272,@avafgrace ; Ava Grace ; c272 ; g026,,gray,0,,668985861,,,24mm F1.4 DG HSM | Art 018,100,24 mm,ƒ / 1.4,1/6400 sec,5304 x 7952,,DA,,,,,,,,,2022-03-14,2026-05-14T09:48:33
/Volumes/dataLib/Pictures/Images/2022/2022-03/2022-03-14/DSC00523.ARW,/Volumes/dataLib/Pictures/Images/2022/2022-03/2022-03-14,DSC00523.ARW,DSC00523,ARW,RAW,B6F434BD-1110-402D-A8C1-A0F9E55EBBCD,c272,c272,@avafgrace ; Ava Grace ; c272 ; g026,,gray,0,,668986090,,,24mm F1.4 DG HSM | Art 018,100,24 mm,ƒ / 1.4,1/4000 sec,5304 x 7952,,DA,,,,,,,,,2022-03-14,2026-05-14T09:48:33
/Volumes/dataLib/Pictures/Images/2022/2022-03/2022-03-14/DSC00881.ARW,/Volumes/dataLib/Pictures/Images/2022/2022-03/2022-03-14,DSC00881.ARW,DSC00881,ARW,RAW,1ED9C168-4405-44D4-87E1-83A6BD7A75A9,c272,c272,@avafgrace ; Ava Grace ; c272 ; g026,,gray,0,,668986214,,,24mm F1.4 DG HSM | Art 018,100,24 mm,ƒ / 1.4,1/4000 sec,5304 x 7952,,DA,,,,,,,,,2022-03-14,2026-05-14T09:48:33
/Volumes/dataLib/Pictures/Images/2022/2022-03/2022-03-14/DSC01298.ARW,/Volumes/dataLib/Pictures/Images/2022/2022-03/2022-03-14,DSC01298.ARW,DSC01298,ARW,RAW,06457713-571A-4534-8036-114148E47CFD,c273,c273,@avafgrace ; Ava Grace ; c273 ; g025,1,green,0,,668988716,,,FE 50mm F1.4 ZA,100,50 mm,ƒ / 2.2,1/400 sec,5304 x 7952,,DA,,,,,,,,,2022-03-14,2026-05-14T09:48:33
/Volumes/dataLib/Pictures/Images/2022/2022-03/2022-03-14/DSC01314.ARW,/Volumes/dataLib/Pictures/Images/2022/2022-03/2022-03-14,DSC01314.ARW,DSC01314,ARW,RAW,45A693FE-317C-4C71-86B9-60301A8981C7,c273,c273,@avafgrace ; Ava Grace ; c273 ; g025,,gray,0,,668988785,,,FE 50mm F1.4 ZA,100,50 mm,ƒ / 2.2,1/500 sec,5304 x 7952,,DA,,,,,,,,,2022-03-14,2026-05-14T09:48:33
/Volumes/dataLib/Pictures/Images/2022/2022-03/2022-03-14/DSC01345.ARW,/Volumes/dataLib/Pictures/Images/2022/2022-03/2022-03-14,DSC01345.ARW,DSC01345,ARW,RAW,97F07A87-6978-4565-BB0F-818025D3F6D4,c273,c273,@avafgrace ; Ava Grace ; c273 ; g024,,gray,0,,668988842,,,FE 50mm F1.4 ZA,125,50 mm,ƒ / 2.2,1/250 sec,5304 x 7952,,DA,,,,,,,,,2022-03-14,2026-05-14T09:48:33
/Volumes/dataLib/Pictures/Images/2023/2023-01/2023-01-23/DSC01781.ARW,/Volumes/dataLib/Pictures/Images/2023/2023-01/2023-01-23,DSC01781.ARW,DSC01781,ARW,RAW,FD85BAB7-33A2-4751-B1F5-7B52A5B9140B,c274,c274,c274 ; g022,,gray,0,,696216563,,,24mm F1.4 DG HSM | Art 018,125,24 mm,ƒ / 1.6,1/250 sec,5304 x 7952,,DA,,,,,,,,,2023-01-23,2026-05-14T09:48:33
/Volumes/dataLib/Pictures/Images/2023/2023-01/2023-01-23/DSC01828.ARW,/Volumes/dataLib/Pictures/Images/2023/2023-01/2023-01-23,DSC01828.ARW,DSC01828,ARW,RAW,CB5C4E29-604E-4A19-9CB7-4C3F9EAE026C,c274,c274,c274 ; g022,,gray,0,,696216816,,,FE 50mm F1.4 ZA,500,50 mm,ƒ / 1.4,1/250 sec,5304 x 7952,,DA,,,,,,,,,2023-01-23,2026-05-14T09:48:33
/Volumes/dataLib/Pictures/Images/2023/2023-01/2023-01-23/DSC01834.ARW,/Volumes/dataLib/Pictures/Images/2023/2023-01/2023-01-23,DSC01834.ARW,DSC01834,ARW,RAW,A36B673F-329A-470A-8000-69522BEF3F6B,c274,c274,c274 ; g022,,gray,0,,696216838,,,FE 50mm F1.4 ZA,500,50 mm,ƒ / 1.4,1/250 sec,5304 x 7952,,DA,,,,,,,,,2023-01-23,2026-05-14T09:48:33
/Volumes/dataLib/Pictures/Images/2023/2023-02/2023-02-06/DSC01889.ARW,/Volumes/dataLib/Pictures/Images/2023/2023-02/2023-02-06,DSC01889.ARW,DSC01889,ARW,RAW,2F35AC41-A79A-430C-9F34-EA16328702B6,c275,c275,c275 ; g021,,gray,0,,697416473,,,FE 50mm F1.4 ZA,100,50 mm,ƒ / 1.4,1/640 sec,5304 x 7952,,DA,,,,,,,,,2023-02-06,2026-05-14T09:48:33
/Volumes/dataLib/Pictures/Images/2023/2023-02/2023-02-06/DSC01892.ARW,/Volumes/dataLib/Pictures/Images/2023/2023-02/2023-02-06,DSC01892.ARW,DSC01892,ARW,RAW,D9821FC0-923F-4A40-AE45-77737A9A48E0,c275,c275,c275 ; g021,,gray,0,,697416493,,,FE 50mm F1.4 ZA,100,50 mm,ƒ / 1.4,1/500 sec,7952 x 5304,,AB,,,,,,,,,2023-02-06,2026-05-14T09:48:33
/Volumes/dataLib/Pictures/Images/2023/2023-02/2023-02-06/DSC01896.ARW,/Volumes/dataLib/Pictures/Images/2023/2023-02/2023-02-06,DSC01896.ARW,DSC01896,ARW,RAW,B64B4DB5-DDD0-48B4-B98C-0B8D9B0E300F,c275,c275,c275 ; g021,,gray,0,,697416502,,,FE 50mm F1.4 ZA,100,50 mm,ƒ / 1.4,1/500 sec,7952 x 5304,,AB,,,,,,,,,2023-02-06,2026-05-14T09:48:33
/Volumes/dataLib/Pictures/Images/2023/2023-02/2023-02-06/DSC01937.ARW,/Volumes/dataLib/Pictures/Images/2023/2023-02/2023-02-06,DSC01937.ARW,DSC01937,ARW,RAW,C1659EF7-BA6F-460C-A046-6E23B04E0B45,c276,c276,c276 ; g020,,gray,0,,697417749,,,FE 50mm F1.4 ZA,100,50 mm,ƒ / 1.6,1/800 sec,5304 x 7952,,DA,,,,,,,,,2023-02-06,2026-05-14T09:48:33
/Volumes/dataLib/Pictures/Images/2023/2023-02/2023-02-06/DSC01948.ARW,/Volumes/dataLib/Pictures/Images/2023/2023-02/2023-02-06,DSC01948.ARW,DSC01948,ARW,RAW,1FCE4DA4-BAB9-4CD4-AD39-E1C7212689E3,c276,c276,c276 ; g020,,gray,0,,697417861,,,FE 50mm F1.4 ZA,100,50 mm,ƒ / 1.6,1/1000 sec,5304 x 7952,,DA,,,,,,,,,2023-02-06,2026-05-14T09:48:33
/Volumes/dataLib/Pictures/Images/2023/2023-02/2023-02-06/DSC01967.ARW,/Volumes/dataLib/Pictures/Images/2023/2023-02/2023-02-06,DSC01967.ARW,DSC01967,ARW,RAW,257CD4F1-176B-48BB-BDCA-DDD0FA1B647C,c276,c276,c276 ; g020,,gray,0,,697419933,,,FE 50mm F1.4 ZA,100,50 mm,ƒ / 1.6,1/800 sec,5304 x 7952,,DA,,,,,,,,,2023-02-06,2026-05-14T09:48:33
/Volumes/dataLib/Pictures/Images/2023/2023-02/2023-02-06/DSC02013.ARW,/Volumes/dataLib/Pictures/Images/2023/2023-02/2023-02-06,DSC02013.ARW,DSC02013,ARW,RAW,4106589C-FECA-425C-AF04-253C08574F37,c277,c277,c277,,gray,0,,697421326,,,FE 50mm F1.4 ZA,100,50 mm,ƒ / 1.4,1/1600 sec,7952 x 5304,,AB,,,,,,,,,2023-02-06,2026-05-14T09:48:33
/Volumes/dataLib/Pictures/Images/2023/2023-02/2023-02-06/DSC02015.ARW,/Volumes/dataLib/Pictures/Images/2023/2023-02/2023-02-06,DSC02015.ARW,DSC02015,ARW,RAW,DB835D8E-DC1B-461D-8C1B-86BD2A8D6A67,c277,c277,c277,,gray,0,,697421329,,,FE 50mm F1.4 ZA,100,50 mm,ƒ / 1.4,1/1600 sec,7952 x 5304,,AB,,,,,,,,,2023-02-06,2026-05-14T09:48:33
/Volumes/dataLib/Pictures/Images/2023/2023-02/2023-02-06/DSC02018.ARW,/Volumes/dataLib/Pictures/Images/2023/2023-02/2023-02-06,DSC02018.ARW,DSC02018,ARW,RAW,87A02962-F795-4804-AAA0-BF111A603C9F,c277,c277,c277,,gray,0,,697421335,,,FE 50mm F1.4 ZA,100,50 mm,ƒ / 1.4,1/1600 sec,7952 x 5304,,AB,,,,,,,,,2023-02-06,2026-05-14T09:48:33
/Volumes/dataLib/Pictures/Images/2023/2023-02/2023-02-06/DSC02066.ARW,/Volumes/dataLib/Pictures/Images/2023/2023-02/2023-02-06,DSC02066.ARW,DSC02066,ARW,RAW,80B85DF9-6283-4D34-BE5C-F238ACF21133,c278,c278,c278 ; g020,,gray,0,,697422693,,,FE 35mm F1.4 ZA,100,35 mm,ƒ / 1.4,1/2500 sec,7952 x 5304,,AB,,,,,,,,,2023-02-06,2026-05-14T09:48:33
/Volumes/dataLib/Pictures/Images/2023/2023-02/2023-02-06/DSC02075.ARW,/Volumes/dataLib/Pictures/Images/2023/2023-02/2023-02-06,DSC02075.ARW,DSC02075,ARW,RAW,947D300D-07C5-4E6B-A56C-FDDCF3C947A4,c278,c278,c278 ; g020,,gray,0,,697422702,,,FE 35mm F1.4 ZA,100,35 mm,ƒ / 1.4,1/2500 sec,7952 x 5304,,AB,,,,,,,,,2023-02-06,2026-05-14T09:48:33
/Volumes/dataLib/Pictures/Images/2023/2023-02/2023-02-06/DSC02091.ARW,/Volumes/dataLib/Pictures/Images/2023/2023-02/2023-02-06,DSC02091.ARW,DSC02091,ARW,RAW,79A74BDF-ED00-4982-BD0E-A88D8A4BF421,c278,c278,c278 ; g020,,gray,0,,697422720,,,FE 35mm F1.4 ZA,100,35 mm,ƒ / 1.4,1/2500 sec,7952 x 5304,,AB,,,,,,,,,2023-02-06,2026-05-14T09:48:33
/Volumes/dataLib/Pictures/Images/2023/2023-02/2023-02-06/DSC02137.ARW,/Volumes/dataLib/Pictures/Images/2023/2023-02/2023-02-06,DSC02137.ARW,DSC02137,ARW,RAW,4C18351E-9B45-49F9-B036-AE5237BBFBAF,c279,c279,c279 ; g019,,gray,0,,697423024,,,24mm F1.4 DG HSM | Art 018,100,24 mm,ƒ / 1.4,1/1000 sec,5304 x 7952,,DA,,,,,,,,,2023-02-06,2026-05-14T09:48:33
/Volumes/dataLib/Pictures/Images/2023/2023-02/2023-02-06/DSC02145.ARW,/Volumes/dataLib/Pictures/Images/2023/2023-02/2023-02-06,DSC02145.ARW,DSC02145,ARW,RAW,3BD34B20-0455-45E4-BCA2-767FA62A26EC,c279,c279,c279 ; g019,,gray,0,,697423072,,,24mm F1.4 DG HSM | Art 018,100,24 mm,ƒ / 1.4,1/800 sec,5304 x 7952,,DA,,,,,,,,,2023-02-06,2026-05-14T09:48:33
/Volumes/dataLib/Pictures/Images/2023/2023-02/2023-02-06/DSC02146.ARW,/Volumes/dataLib/Pictures/Images/2023/2023-02/2023-02-06,DSC02146.ARW,DSC02146,ARW,RAW,D903FB7E-1B2E-4361-A7EF-C93ED30DB20F,c279,c279,c279 ; g019,,gray,0,,697423074,,,24mm F1.4 DG HSM | Art 018,100,24 mm,ƒ / 1.4,1/800 sec,5304 x 7952,,DA,,,,,,,,,2023-02-06,2026-05-14T09:48:33
/Volumes/dataLib/Pictures/Images/2023/2023-02/2023-02-11/DSC00001.ARW,/Volumes/dataLib/Pictures/Images/2023/2023-02/2023-02-11,DSC00001.ARW,DSC00001,ARW,RAW,32B07030-B17A-4790-AB7D-8BE6914090CF,c280,c280,c280,,gray,0,,697858862,,,24mm F1.4 DG HSM | Art 018,500,24 mm,ƒ / 4.0,1/250 sec,5304 x 7952,,DA,,,,,,,,,2023-02-11,2026-05-14T09:48:33
/Volumes/dataLib/Pictures/Images/2023/2023-03/2023-03-21/DSC00126.ARW,/Volumes/dataLib/Pictures/Images/2023/2023-03/2023-03-21,DSC00126.ARW,DSC00126,ARW,RAW,35B2A4A9-A889-435E-9B24-3F2466DCC8A1,c281,c281,c281,,gray,0,,701119514,,,FE 35mm F1.4 ZA,320,35 mm,ƒ / 2.2,1/250 sec,7952 x 5304,,AB,,,,,,,,,2023-03-21,2026-05-14T09:48:33
/Volumes/dataLib/Pictures/Images/2023/2023-03/2023-03-21/DSC00160.ARW,/Volumes/dataLib/Pictures/Images/2023/2023-03/2023-03-21,DSC00160.ARW,DSC00160,ARW,RAW,0FBA5BFB-CAF1-4EFA-A03C-013AEDF83B04,c281,c281,c281,,gray,0,,701119759,,,FE 35mm F1.4 ZA,400,35 mm,ƒ / 2.2,1/250 sec,7952 x 5304,,AB,,,,,,,,,2023-03-21,2026-05-14T09:48:33
/Volumes/dataLib/Pictures/Images/2023/2023-03/2023-03-21/DSC00193.ARW,/Volumes/dataLib/Pictures/Images/2023/2023-03/2023-03-21,DSC00193.ARW,DSC00193,ARW,RAW,13CB1929-40E2-4AF4-ABA1-C122800646CB,c281,c281,c281,,gray,0,,701119890,,,FE 35mm F1.4 ZA,400,35 mm,ƒ / 2.2,1/250 sec,7952 x 5304,,AB,,,,,,,,,2023-03-21,2026-05-14T09:48:33
/Volumes/dataLib/Pictures/Images/2023/2023-03/2023-03-21/DSC00249.ARW,/Volumes/dataLib/Pictures/Images/2023/2023-03/2023-03-21,DSC00249.ARW,DSC00249,ARW,RAW,ADC88536-58BD-4A07-BCAA-C5135D8EC09E,c282,c282,c282,,gray,0,,701126461,,,FE 35mm F1.4 ZA,125,35 mm,ƒ / 2.2,1/250 sec,7952 x 5304,,AB,,,,,,,,,2023-03-21,2026-05-14T09:48:33
/Volumes/dataLib/Pictures/Images/2023/2023-03/2023-03-21/DSC00289.ARW,/Volumes/dataLib/Pictures/Images/2023/2023-03/2023-03-21,DSC00289.ARW,DSC00289,ARW,RAW,46BF98B6-0DB6-4B07-96B3-993B4BAB6B7D,c282,c282,c282,,gray,0,,701126511,,,FE 35mm F1.4 ZA,125,35 mm,ƒ / 2.2,1/250 sec,7952 x 5304,,CD,,,,,,,,,2023-03-21,2026-05-14T09:48:33
/Volumes/dataLib/Pictures/Images/2023/2023-03/2023-03-21/DSC00306.ARW,/Volumes/dataLib/Pictures/Images/2023/2023-03/2023-03-21,DSC00306.ARW,DSC00306,ARW,RAW,74D03FEA-998E-45C8-BA64-5E46449B10F1,c282,c282,c282,,gray,0,,701126522,,,FE 35mm F1.4 ZA,125,35 mm,ƒ / 2.2,1/250 sec,7952 x 5304,,CD,,,,,,,,,2023-03-21,2026-05-14T09:48:33
/Volumes/dataLib/Pictures/Images/2023/2023-08/2023-08-03/_SUH0329.ARW,/Volumes/dataLib/Pictures/Images/2023/2023-08/2023-08-03,_SUH0329.ARW,_SUH0329,ARW,RAW,7248D00A-3775-4D04-9EAB-756FB6898AC1,c283,c283,c283 ; g018,5,purple,0,,712780464.118,,,FE 14mm F1.8 GM,100,14 mm,ƒ / 1.8,1/2500 sec,6336 x 9504,,DA,,,,,,,,,2023-08-03,2026-05-14T09:48:33
/Volumes/dataLib/Pictures/Images/2023/2023-08/2023-08-03/_SUH0375.ARW,/Volumes/dataLib/Pictures/Images/2023/2023-08/2023-08-03,_SUH0375.ARW,_SUH0375,ARW,RAW,04B3C88D-1B55-433B-8B24-AD9280B4F615,c283,c283,c283 ; g018,,gray,0,,712781457.777,,,FE 14mm F1.8 GM,100,14 mm,ƒ / 1.8,1/640 sec,6336 x 9504,,DA,,,,,,,,,2023-08-03,2026-05-14T09:48:33
/Volumes/dataLib/Pictures/Images/2023/2023-08/2023-08-03/_SUH0437.ARW,/Volumes/dataLib/Pictures/Images/2023/2023-08/2023-08-03,_SUH0437.ARW,_SUH0437,ARW,RAW,804934BB-4C1A-4AB7-8596-9C7B8168A1D0,c283,c283,c283 ; g018,,gray,0,,712781500.455,,,FE 14mm F1.8 GM,100,14 mm,ƒ / 1.8,1/640 sec,6336 x 9504,,DA,,,,,,,,,2023-08-03,2026-05-14T09:48:33
/Volumes/dataLib/Pictures/Images/2023/2023-08/2023-08-03/_SUH0461.ARW,/Volumes/dataLib/Pictures/Images/2023/2023-08/2023-08-03,_SUH0461.ARW,_SUH0461,ARW,RAW,B4A2C4CC-17E1-4386-A077-B9924863F0CC,c284,c284,c284 ; g017,,gray,0,,712787046.669,,,FE 24-70mm F2.8 GM II,100,42 mm,ƒ / 2.8,1/1000 sec,6336 x 9504,,DA,,,,,,,,,2023-08-03,2026-05-14T09:48:33
/Volumes/dataLib/Pictures/Images/2023/2023-08/2023-08-03/_SUH0464.ARW,/Volumes/dataLib/Pictures/Images/2023/2023-08/2023-08-03,_SUH0464.ARW,_SUH0464,ARW,RAW,D61EF7F8-4904-4345-849B-72B12FBFD294,c284,c284,c284 ; g017,,gray,0,,712787073.244,,,FE 24-70mm F2.8 GM II,100,42 mm,ƒ / 2.8,1/640 sec,6336 x 9504,,DA,,,,,,,,,2023-08-03,2026-05-14T09:48:33
/Volumes/dataLib/Pictures/Images/2023/2023-08/2023-08-03/_SUH0468.ARW,/Volumes/dataLib/Pictures/Images/2023/2023-08/2023-08-03,_SUH0468.ARW,_SUH0468,ARW,RAW,99DCDB97-3757-402E-8327-319539AFEA2B,c284,c284,c284 ; g017,1,green,0,,712787081.849,,,FE 24-70mm F2.8 GM II,100,42 mm,ƒ / 2.8,1/500 sec,6336 x 9504,,DA,,,,,,,,,2023-08-03,2026-05-14T09:48:33
/Volumes/dataLib/Pictures/Images/2023/2023-08/2023-08-03/_SUH0503.ARW,/Volumes/dataLib/Pictures/Images/2023/2023-08/2023-08-03,_SUH0503.ARW,_SUH0503,ARW,RAW,89EC24A9-29B3-4E5D-AA7A-D8EECC431AFE,c285,c285,c285,,gray,0,,712787800.325,,,FE 24-70mm F2.8 GM II,160,34 mm,ƒ / 2.8,1/250 sec,6336 x 9504,,DA,,,,,,,,,2023-08-03,2026-05-14T09:48:33
/Volumes/dataLib/Pictures/Images/2023/2023-08/2023-08-03/_SUH0519.ARW,/Volumes/dataLib/Pictures/Images/2023/2023-08/2023-08-03,_SUH0519.ARW,_SUH0519,ARW,RAW,C4134FF4-D724-44DD-9445-4C6F394FEED9,c285,c285,c285,,gray,0,,712787838.129,,,FE 24-70mm F2.8 GM II,200,47 mm,ƒ / 2.8,1/250 sec,6336 x 9504,,DA,,,,,,,,,2023-08-03,2026-05-14T09:48:33
/Volumes/dataLib/Pictures/Images/2023/2023-08/2023-08-03/_SUH0527.ARW,/Volumes/dataLib/Pictures/Images/2023/2023-08/2023-08-03,_SUH0527.ARW,_SUH0527,ARW,RAW,D8F9EC8E-A1C5-4CB8-A528-7515D5390714,c285,c285,c285,,gray,0,,712787850.237,,,FE 24-70mm F2.8 GM II,200,47 mm,ƒ / 2.8,1/250 sec,6336 x 9504,,DA,,,,,,,,,2023-08-03,2026-05-14T09:48:33
/Volumes/dataLib/Pictures/Images/2023/2023-09/2023-09-12/_SUH0603.ARW,/Volumes/dataLib/Pictures/Images/2023/2023-09/2023-09-12,_SUH0603.ARW,_SUH0603,ARW,RAW,AC7C5EE6-EE84-448F-A4A1-BCC95200A2B6,c286,c286,c286,,gray,0,,716262249.489,,,FE 14mm F1.8 GM,320,14 mm,ƒ / 1.8,1/250 sec,6336 x 9504,,DA,,,,,,,,,2023-09-12,2026-05-14T09:48:33
/Volumes/dataLib/Pictures/Images/2023/2023-09/2023-09-12/_SUH0736.ARW,/Volumes/dataLib/Pictures/Images/2023/2023-09/2023-09-12,_SUH0736.ARW,_SUH0736,ARW,RAW,0090BB65-A18F-4823-B218-D49A19AE5D0A,c286,c286,c286,,gray,0,,716262649.824,,,FE 14mm F1.8 GM,1000,14 mm,ƒ / 3.2,1/250 sec,6336 x 9504,,DA,,,,,,,,,2023-09-12,2026-05-14T09:48:33
/Volumes/dataLib/Pictures/Images/2023/2023-09/2023-09-12/_SUH0781.ARW,/Volumes/dataLib/Pictures/Images/2023/2023-09/2023-09-12,_SUH0781.ARW,_SUH0781,ARW,RAW,6CBE173F-82B5-44B8-82EB-6DD00FCCDA41,c286,c286,c286 ; g016,,gray,0,,716262777.351,,,FE 14mm F1.8 GM,1000,14 mm,ƒ / 3.2,1/250 sec,6336 x 9504,,DA,,,,,,,,,2023-09-12,2026-05-14T09:48:33
/Volumes/dataLib/Pictures/Images/2023/2023-09/2023-09-12/_SUH0837.ARW,/Volumes/dataLib/Pictures/Images/2023/2023-09/2023-09-12,_SUH0837.ARW,_SUH0837,ARW,RAW,DDECE109-A9DE-4A0E-BD0D-2C9D0185805C,c287,c287,c287 ; g015,,gray,0,,716263070.316,,,FE 14mm F1.8 GM,1600,14 mm,ƒ / 3.2,1/250 sec,9504 x 6336,,AB,,,,,,,,,2023-09-12,2026-05-14T09:48:33
/Volumes/dataLib/Pictures/Images/2023/2023-09/2023-09-12/_SUH0843.ARW,/Volumes/dataLib/Pictures/Images/2023/2023-09/2023-09-12,_SUH0843.ARW,_SUH0843,ARW,RAW,73F68481-78B4-423E-8E10-70831A66DF78,c287,c287,c287 ; g015,1,green,0,,716263081.272,,,FE 14mm F1.8 GM,1600,14 mm,ƒ / 3.2,1/250 sec,6336 x 9504,,DA,,,,,,,,,2023-09-12,2026-05-14T09:48:33
/Volumes/dataLib/Pictures/Images/2023/2023-09/2023-09-12/_SUH0852.ARW,/Volumes/dataLib/Pictures/Images/2023/2023-09/2023-09-12,_SUH0852.ARW,_SUH0852,ARW,RAW,A1006B18-2A43-428F-9960-4DAE0016EB72,c287,c287,c287 ; g015,,gray,0,,716263089.475,,,FE 14mm F1.8 GM,1600,14 mm,ƒ / 3.2,1/250 sec,9504 x 6336,,AB,,,,,,,,,2023-09-12,2026-05-14T09:48:33
/Volumes/dataLib/Pictures/Images/2023/2023-09/2023-09-12/_SUH0885.ARW,/Volumes/dataLib/Pictures/Images/2023/2023-09/2023-09-12,_SUH0885.ARW,_SUH0885,ARW,RAW,B5241806-76A0-453B-B982-53A1CBB636B5,c288,c288,c288 ; g014,,gray,0,,716263571.961,,,FE 14mm F1.8 GM,4000,14 mm,ƒ / 3.2,1/250 sec,6336 x 9504,,DA,,,,,,,,,2023-09-12,2026-05-14T09:48:33
/Volumes/dataLib/Pictures/Images/2023/2023-09/2023-09-12/_SUH0894.ARW,/Volumes/dataLib/Pictures/Images/2023/2023-09/2023-09-12,_SUH0894.ARW,_SUH0894,ARW,RAW,C823EFE8-AB4E-4783-AF4E-91C4C94645CA,c288,c288,c288 ; g014,,gray,0,,716263598.769,,,FE 14mm F1.8 GM,4000,14 mm,ƒ / 3.2,1/250 sec,6336 x 9504,,DA,,,,,,,,,2023-09-12,2026-05-14T09:48:33
/Volumes/dataLib/Pictures/Images/2023/2023-09/2023-09-12/_SUH0914.ARW,/Volumes/dataLib/Pictures/Images/2023/2023-09/2023-09-12,_SUH0914.ARW,_SUH0914,ARW,RAW,85952CF9-DD24-4A1A-A90B-40FBCF93B17D,c288,c288,c288 ; g014,,gray,0,,716263691.487,,,FE 14mm F1.8 GM,1600,14 mm,ƒ / 1.8,1/250 sec,6336 x 9504,,DA,,,,,,,,,2023-09-12,2026-05-14T09:48:33
/Volumes/dataLib/Pictures/Images/2023/2023-12/2023-12-29/_SUH1018.ARW,/Volumes/dataLib/Pictures/Images/2023/2023-12/2023-12-29,_SUH1018.ARW,_SUH1018,ARW,RAW,9F776E30-8508-40D1-BE69-64380E171219,c289,c289,c289 ; g013,,gray,0,,725589318.224,,,FE 24-70mm F2.8 GM II,200,40 mm,ƒ / 9.0,1/60 sec,6336 x 9504,,DA,,,,,,,,,2023-12-29,2026-05-14T09:48:33
/Volumes/dataLib/Pictures/Images/2023/2023-12/2023-12-29/_SUH1064.ARW,/Volumes/dataLib/Pictures/Images/2023/2023-12/2023-12-29,_SUH1064.ARW,_SUH1064,ARW,RAW,78CA7ABF-60AA-4407-B771-26102800F9FC,c289,c289,c289 ; g013,,gray,0,,725589458.587,,,FE 24-70mm F2.8 GM II,200,40 mm,ƒ / 3.5,1/320 sec,6336 x 9504,,DA,,,,,,,,,2023-12-29,2026-05-14T09:48:33
/Volumes/dataLib/Pictures/Images/2023/2023-12/2023-12-29/_SUH1263.ARW,/Volumes/dataLib/Pictures/Images/2023/2023-12/2023-12-29,_SUH1263.ARW,_SUH1263,ARW,RAW,A8FB46C4-15FF-4F19-84A9-AD537419BED7,c289,c289,c289 ; g013,,gray,0,,725589944.286,,,FE 24-70mm F2.8 GM II,200,30 mm,ƒ / 3.5,1/500 sec,6336 x 9504,,DA,,,,,,,,,2023-12-29,2026-05-14T09:48:33
/Volumes/dataLib/Pictures/Images/2024/2024-01/2024-01-12/_SUH1319.ARW,/Volumes/dataLib/Pictures/Images/2024/2024-01/2024-01-12,_SUH1319.ARW,_SUH1319,ARW,RAW,0697596F-3A14-4DF3-9958-1A71AB53BDDC,c290,c290,c290,,gray,0,,726794472.372,,,FE 24-70mm F2.8 GM II,200,70 mm,ƒ / 3.5,1/20 sec,6336 x 9504,,DA,,,,,,,,,2024-01-12,2026-05-14T09:48:33
/Volumes/dataLib/Pictures/Images/2024/2024-01/2024-01-12/_SUH1331.ARW,/Volumes/dataLib/Pictures/Images/2024/2024-01/2024-01-12,_SUH1331.ARW,_SUH1331,ARW,RAW,C76DA2AD-6AD7-4009-83B0-4C50766FD10A,c290,c290,c290,,gray,0,,726794502.435,,,FE 24-70mm F2.8 GM II,200,70 mm,ƒ / 3.5,1/15 sec,6336 x 9504,,DA,,,,,,,,,2024-01-12,2026-05-14T09:48:33
/Volumes/dataLib/Pictures/Images/2024/2024-01/2024-01-12/_SUH1337.ARW,/Volumes/dataLib/Pictures/Images/2024/2024-01/2024-01-12,_SUH1337.ARW,_SUH1337,ARW,RAW,38D30F9D-754B-495A-A40F-569AF9735562,c290,c290,c290,,gray,0,,726794519.073,,,FE 24-70mm F2.8 GM II,200,70 mm,ƒ / 3.5,1/20 sec,6336 x 9504,,DA,,,,,,,,,2024-01-12,2026-05-14T09:48:33
/Volumes/dataLib/Pictures/Images/2024/2024-01/2024-01-12/_SUH1431.ARW,/Volumes/dataLib/Pictures/Images/2024/2024-01/2024-01-12,_SUH1431.ARW,_SUH1431,ARW,RAW,66D5F0BF-ED79-46BF-9DD3-F908ACF252C5,c291,c291,c291,,gray,0,,726795105.764,,,FE 24-70mm F2.8 GM II,200,70 mm,ƒ / 3.2,1/25 sec,6336 x 9504,,DA,,,,,,,,,2024-01-12,2026-05-14T09:48:33
/Volumes/dataLib/Pictures/Images/2024/2024-01/2024-01-12/_SUH1456.ARW,/Volumes/dataLib/Pictures/Images/2024/2024-01/2024-01-12,_SUH1456.ARW,_SUH1456,ARW,RAW,5860860D-DED0-4027-8D4D-7210A687EEC9,c291,c291,c291,,gray,0,,726795140.201,,,FE 24-70mm F2.8 GM II,200,70 mm,ƒ / 3.2,1/25 sec,6336 x 9504,,DA,,,,,,,,,2024-01-12,2026-05-14T09:48:33
/Volumes/dataLib/Pictures/Images/2024/2024-01/2024-01-12/_SUH1466.ARW,/Volumes/dataLib/Pictures/Images/2024/2024-01/2024-01-12,_SUH1466.ARW,_SUH1466,ARW,RAW,1E0D5155-4016-4E87-94F7-DB40D7369F20,c291,c291,c291,,gray,0,,726795149.805,,,FE 24-70mm F2.8 GM II,200,70 mm,ƒ / 3.2,1/25 sec,6336 x 9504,,DA,,,,,,,,,2024-01-12,2026-05-14T09:48:33
/Volumes/dataLib/Pictures/Images/2024/2024-01/2024-01-12/_SUH1517.ARW,/Volumes/dataLib/Pictures/Images/2024/2024-01/2024-01-12,_SUH1517.ARW,_SUH1517,ARW,RAW,E3052314-9DA0-4FF4-A547-45BF2956F044,c292,c292,c292,,gray,0,,726795516.191,,,FE 14mm F1.8 GM,200,14 mm,ƒ / 3.2,1/100 sec,6336 x 9504,,DA,,,,,,,,,2024-01-12,2026-05-14T09:48:33
/Volumes/dataLib/Pictures/Images/2024/2024-01/2024-01-12/_SUH1551.ARW,/Volumes/dataLib/Pictures/Images/2024/2024-01/2024-01-12,_SUH1551.ARW,_SUH1551,ARW,RAW,89108EF4-1060-43F6-BC9E-4E50E89BF995,c292,c292,c292,,gray,0,,726795567.657,,,FE 14mm F1.8 GM,200,14 mm,ƒ / 3.2,1/100 sec,6336 x 9504,,DA,,,,,,,,,2024-01-12,2026-05-14T09:48:33
/Volumes/dataLib/Pictures/Images/2024/2024-01/2024-01-12/_SUH1568.ARW,/Volumes/dataLib/Pictures/Images/2024/2024-01/2024-01-12,_SUH1568.ARW,_SUH1568,ARW,RAW,C03B8B1D-EC9A-4B95-936F-E58689472062,c292,c292,c292,,gray,0,,726795604.639,,,FE 14mm F1.8 GM,200,14 mm,ƒ / 3.2,1/100 sec,6336 x 9504,,DA,,,,,,,,,2024-01-12,2026-05-14T09:48:33
/Volumes/dataLib/Pictures/Images/2024/2024-01/2024-01-12/_SUH1681.ARW,/Volumes/dataLib/Pictures/Images/2024/2024-01/2024-01-12,_SUH1681.ARW,_SUH1681,ARW,RAW,F87040D6-1ED5-4467-975A-44348C306726,c293,c293,c293,,gray,0,,726796593.517,,,FE 14mm F1.8 GM,200,14 mm,ƒ / 3.2,1/160 sec,9504 x 6336,,AB,,,,,,,,,2024-01-12,2026-05-14T09:48:33
/Volumes/dataLib/Pictures/Images/2024/2024-01/2024-01-12/_SUH1728.ARW,/Volumes/dataLib/Pictures/Images/2024/2024-01/2024-01-12,_SUH1728.ARW,_SUH1728,ARW,RAW,CE2BF097-C669-4EB7-B10B-212D65BE1C57,c293,c293,c293,,gray,0,,726796835.059,,,FE 14mm F1.8 GM,200,14 mm,ƒ / 3.2,1/100 sec,6336 x 9504,,DA,,,,,,,,,2024-01-12,2026-05-14T09:48:33
/Volumes/dataLib/Pictures/Images/2024/2024-01/2024-01-12/_SUH1777.ARW,/Volumes/dataLib/Pictures/Images/2024/2024-01/2024-01-12,_SUH1777.ARW,_SUH1777,ARW,RAW,BA10F763-C8AA-47C6-A70F-2F854F9D472A,c293,c293,c293,,gray,0,,726796876.713,,,FE 14mm F1.8 GM,200,14 mm,ƒ / 3.2,1/100 sec,6336 x 9504,,DA,,,,,,,,,2024-01-12,2026-05-14T09:48:33
/Volumes/dataLib/Pictures/Images/2024/2024-01/2024-01-12/_SUH1801.ARW,/Volumes/dataLib/Pictures/Images/2024/2024-01/2024-01-12,_SUH1801.ARW,_SUH1801,ARW,RAW,5BA45712-8A9E-4AC2-AA4E-C6601DC82499,c294,c294,c294,,gray,0,,726797628.895,,,FE 14mm F1.8 GM,200,14 mm,ƒ / 3.2,1/60 sec,6336 x 9504,,DA,,,,,,,,,2024-01-12,2026-05-14T09:48:33
/Volumes/dataLib/Pictures/Images/2024/2024-01/2024-01-12/_SUH1887.ARW,/Volumes/dataLib/Pictures/Images/2024/2024-01/2024-01-12,_SUH1887.ARW,_SUH1887,ARW,RAW,ABAE33F2-2604-4E8A-BF5C-A8D0110C00DA,c294,c294,c294,,gray,0,,726797911.945,,,FE 14mm F1.8 GM,200,14 mm,ƒ / 3.2,1/80 sec,6336 x 9504,,DA,,,,,,,,,2024-01-12,2026-05-14T09:48:33
/Volumes/dataLib/Pictures/Images/2024/2024-01/2024-01-12/_SUH1910.ARW,/Volumes/dataLib/Pictures/Images/2024/2024-01/2024-01-12,_SUH1910.ARW,_SUH1910,ARW,RAW,69FC676D-F415-4B9B-8F55-073556DD380A,c294,c294,c294,,gray,0,,726797930.165,,,FE 14mm F1.8 GM,200,14 mm,ƒ / 3.2,1/80 sec,6336 x 9504,,DA,,,,,,,,,2024-01-12,2026-05-14T09:48:33
/Volumes/dataLib/Pictures/Images/2024/2024-01/2024-01-12/_SUH1956.ARW,/Volumes/dataLib/Pictures/Images/2024/2024-01/2024-01-12,_SUH1956.ARW,_SUH1956,ARW,RAW,87AEA0AA-822C-4413-AA29-DCC783F8ABBF,c295,c295,c295,,gray,0,,726798824.328,,,FE 24-70mm F2.8 GM II,200,70 mm,ƒ / 3.2,1/40 sec,6336 x 9504,,DA,,,,,,,,,2024-01-12,2026-05-14T09:48:33
/Volumes/dataLib/Pictures/Images/2024/2024-01/2024-01-12/_SUH2085.ARW,/Volumes/dataLib/Pictures/Images/2024/2024-01/2024-01-12,_SUH2085.ARW,_SUH2085,ARW,RAW,7CA64909-EC12-471C-9711-16B05F17C1D4,c295,c295,c295,,gray,0,,726799358.783,,,FE 24-70mm F2.8 GM II,200,70 mm,ƒ / 3.2,1/80 sec,6336 x 9504,,DA,,,,,,,,,2024-01-12,2026-05-14T09:48:33
/Volumes/dataLib/Pictures/Images/2024/2024-01/2024-01-12/_SUH2099.ARW,/Volumes/dataLib/Pictures/Images/2024/2024-01/2024-01-12,_SUH2099.ARW,_SUH2099,ARW,RAW,18A0ADEF-D529-4EEF-A717-7747B96CCBAB,c295,c295,c295,,gray,0,,726799412.467,,,FE 24-70mm F2.8 GM II,200,70 mm,ƒ / 3.2,1/80 sec,6336 x 9504,,DA,,,,,,,,,2024-01-12,2026-05-14T09:48:33
/Volumes/dataLib/Pictures/Images/2024/2024-01/2024-01-12/_SUH2134.ARW,/Volumes/dataLib/Pictures/Images/2024/2024-01/2024-01-12,_SUH2134.ARW,_SUH2134,ARW,RAW,BA2B63F9-3BB5-4540-A58E-38B8ABE75CB0,c296,c296,c296,,gray,0,,726799638.019,,,FE 24-70mm F2.8 GM II,200,70 mm,ƒ / 3.2,1/100 sec,6336 x 9504,,DA,,,,,,,,,2024-01-12,2026-05-14T09:48:33
/Volumes/dataLib/Pictures/Images/2024/2024-01/2024-01-12/_SUH2159.ARW,/Volumes/dataLib/Pictures/Images/2024/2024-01/2024-01-12,_SUH2159.ARW,_SUH2159,ARW,RAW,A1D590D5-941A-4BDB-BDDB-3B0BA9FF67C6,c296,c296,c296,,gray,0,,726799714.09,,,FE 24-70mm F2.8 GM II,200,70 mm,ƒ / 3.2,1/100 sec,6336 x 9504,,DA,,,,,,,,,2024-01-12,2026-05-14T09:48:33
/Volumes/dataLib/Pictures/Images/2024/2024-01/2024-01-12/_SUH2265.ARW,/Volumes/dataLib/Pictures/Images/2024/2024-01/2024-01-12,_SUH2265.ARW,_SUH2265,ARW,RAW,1FE9EBBB-57F2-483C-9A7B-D06A05E613D9,c296,c296,c296,,gray,0,,726799943.319,,,FE 24-70mm F2.8 GM II,200,70 mm,ƒ / 3.2,1/60 sec,6336 x 9504,,DA,,,,,,,,,2024-01-12,2026-05-14T09:48:33
/Volumes/dataLib/Pictures/Images/2024/2024-01/2024-01-12/_SUH2295.ARW,/Volumes/dataLib/Pictures/Images/2024/2024-01/2024-01-12,_SUH2295.ARW,_SUH2295,ARW,RAW,66450BC0-AEDC-49F1-928D-1AD1D4D5C42D,c297,c297,c297,,gray,0,,726800195.688,,,FE 14mm F1.8 GM,200,14 mm,ƒ / 3.2,1/100 sec,6336 x 9504,,DA,,,,,,,,,2024-01-12,2026-05-14T09:48:33
/Volumes/dataLib/Pictures/Images/2024/2024-01/2024-01-12/_SUH2323.ARW,/Volumes/dataLib/Pictures/Images/2024/2024-01/2024-01-12,_SUH2323.ARW,_SUH2323,ARW,RAW,91620450-0ACA-48F8-8303-5DA239F42DB3,c297,c297,c297,,gray,0,,726800222.404,,,FE 14mm F1.8 GM,200,14 mm,ƒ / 3.2,1/160 sec,6336 x 9504,,DA,,,,,,,,,2024-01-12,2026-05-14T09:48:33
/Volumes/dataLib/Pictures/Images/2024/2024-01/2024-01-12/_SUH2406.ARW,/Volumes/dataLib/Pictures/Images/2024/2024-01/2024-01-12,_SUH2406.ARW,_SUH2406,ARW,RAW,BB68108F-7230-4EB1-A861-A499E6EDDE05,c297,c297,c297,,gray,0,,726800291.871,,,FE 14mm F1.8 GM,200,14 mm,ƒ / 3.2,1/100 sec,6336 x 9504,,DA,,,,,,,,,2024-01-12,2026-05-14T09:48:33
/Volumes/dataLib/Pictures/Images/2024/2024-01/2024-01-12/_SUH2437.ARW,/Volumes/dataLib/Pictures/Images/2024/2024-01/2024-01-12,_SUH2437.ARW,_SUH2437,ARW,RAW,27EA4701-4C2E-443A-8448-EB78D7E099DC,c298,c298,c298,,gray,0,,726802977.864,,,FE 14mm F1.8 GM,200,14 mm,ƒ / 3.5,1/50 sec,6336 x 9504,,DA,,,,,,,,,2024-01-12,2026-05-14T09:48:33
/Volumes/dataLib/Pictures/Images/2024/2024-01/2024-01-12/_SUH2470.ARW,/Volumes/dataLib/Pictures/Images/2024/2024-01/2024-01-12,_SUH2470.ARW,_SUH2470,ARW,RAW,099C7816-AC8B-40A0-A103-7FDF8C12365E,c298,c298,c298,,gray,0,,726803284.954,,,FE 14mm F1.8 GM,200,14 mm,ƒ / 3.5,1/50 sec,6336 x 9504,,DA,,,,,,,,,2024-01-12,2026-05-14T09:48:33
/Volumes/dataLib/Pictures/Images/2024/2024-01/2024-01-12/_SUH2549.ARW,/Volumes/dataLib/Pictures/Images/2024/2024-01/2024-01-12,_SUH2549.ARW,_SUH2549,ARW,RAW,3FACE7CB-ABAE-4AAD-9C81-AD6417016787,c298,c298,c298,,gray,0,,726803844.906,,,FE 14mm F1.8 GM,200,14 mm,ƒ / 4.0,1/30 sec,6336 x 9504,,DA,,,,,,,,,2024-01-12,2026-05-14T09:48:33
/Volumes/dataLib/Pictures/Images/2024/2024-01/2024-01-12/_SUH2654.ARW,/Volumes/dataLib/Pictures/Images/2024/2024-01/2024-01-12,_SUH2654.ARW,_SUH2654,ARW,RAW,1F835F02-DF03-4D48-8947-BCF9DB581103,c299,c299,c299,,gray,0,,726805745.269,,,FE 14mm F1.8 GM,200,14 mm,ƒ / 5.0,1/15 sec,9504 x 6336,,AB,,,,,,,,,2024-01-12,2026-05-14T09:48:33
/Volumes/dataLib/Pictures/Images/2024/2024-01/2024-01-12/_SUH2678.ARW,/Volumes/dataLib/Pictures/Images/2024/2024-01/2024-01-12,_SUH2678.ARW,_SUH2678,ARW,RAW,5A640ECD-8FCB-4025-B9F6-761D94302037,c299,c299,c299,,gray,0,,726805772.706,,,FE 14mm F1.8 GM,200,14 mm,ƒ / 5.0,1/15 sec,9504 x 6336,,AB,,,,,,,,,2024-01-12,2026-05-14T09:48:33
/Volumes/dataLib/Pictures/Images/2024/2024-01/2024-01-12/_SUH2698.ARW,/Volumes/dataLib/Pictures/Images/2024/2024-01/2024-01-12,_SUH2698.ARW,_SUH2698,ARW,RAW,1F42B071-5FD6-42CC-8197-FAF370AC59FA,c299,c299,c299,,gray,0,,726805796.677,,,FE 14mm F1.8 GM,200,14 mm,ƒ / 5.0,1/15 sec,9504 x 6336,,AB,,,,,,,,,2024-01-12,2026-05-14T09:48:33
/Volumes/dataLib/Pictures/Images/2024/2024-02/2024-02-05/_SUH2758.ARW,/Volumes/dataLib/Pictures/Images/2024/2024-02/2024-02-05,_SUH2758.ARW,_SUH2758,ARW,RAW,10701203-59C1-49B9-A203-023A065DBCF5,c300,c300,c300,,gray,0,,728816617.727,,,FE 14mm F1.8 GM,5000,14 mm,ƒ / 2.2,1/250 sec,6336 x 9504,,DA,,,,,,,,,2024-02-05,2026-05-14T09:48:33
/Volumes/dataLib/Pictures/Images/2024/2024-02/2024-02-05/_SUH2798.ARW,/Volumes/dataLib/Pictures/Images/2024/2024-02/2024-02-05,_SUH2798.ARW,_SUH2798,ARW,RAW,1CC63446-FBCB-4614-A09A-E1B5FC27ECBF,c300,c300,c300 ; g012,,gray,0,,728817987.562,,,FE 24-70mm F2.8 GM II,8000,27 mm,ƒ / 2.8,1/250 sec,6336 x 9504,,DA,,,,,,,,,2024-02-05,2026-05-14T09:48:33
/Volumes/dataLib/Pictures/Images/2024/2024-02/2024-02-05/_SUH2834.ARW,/Volumes/dataLib/Pictures/Images/2024/2024-02/2024-02-05,_SUH2834.ARW,_SUH2834,ARW,RAW,D264096D-F598-433A-93B8-3ED8468B3FEB,c300,c300,c300 ; g012,,gray,0,,728818046.792,,,FE 24-70mm F2.8 GM II,5000,27 mm,ƒ / 2.8,1/250 sec,6336 x 9504,,DA,,,,,,,,,2024-02-05,2026-05-14T09:48:33
/Volumes/dataLib/Pictures/Images/2024/2024-02/2024-02-05/_SUH2859.ARW,/Volumes/dataLib/Pictures/Images/2024/2024-02/2024-02-05,_SUH2859.ARW,_SUH2859,ARW,RAW,E3D960FC-2128-4304-9DF4-0ECD714312B1,c301,c301,c301 ; g011,1,green,0,,728818089.56,,,FE 24-70mm F2.8 GM II,10000,70 mm,ƒ / 2.8,1/250 sec,6336 x 9504,,DA,,,,,,,,,2024-02-05,2026-05-14T09:48:33
/Volumes/dataLib/Pictures/Images/2024/2024-02/2024-02-05/_SUH2868.ARW,/Volumes/dataLib/Pictures/Images/2024/2024-02/2024-02-05,_SUH2868.ARW,_SUH2868,ARW,RAW,792503D6-E68C-43A4-9BF4-DD0BFA2CE81A,c301,c301,c301 ; g011,,gray,0,,728818102.326,,,FE 24-70mm F2.8 GM II,6400,70 mm,ƒ / 2.8,1/250 sec,6336 x 9504,,DA,,,,,,,,,2024-02-05,2026-05-14T09:48:33
/Volumes/dataLib/Pictures/Images/2024/2024-02/2024-02-05/_SUH2877.ARW,/Volumes/dataLib/Pictures/Images/2024/2024-02/2024-02-05,_SUH2877.ARW,_SUH2877,ARW,RAW,E9687DF3-FE34-4790-AF89-4961F01FCF40,c301,c301,c301 ; g011,,gray,0,,728818111.154,,,FE 24-70mm F2.8 GM II,6400,70 mm,ƒ / 2.8,1/250 sec,6336 x 9504,,DA,,,,,,,,,2024-02-05,2026-05-14T09:48:33
/Volumes/dataLib/Pictures/Images/2024/2024-06/2024-06-02/_SUH2914.ARW,/Volumes/dataLib/Pictures/Images/2024/2024-06/2024-06-02,_SUH2914.ARW,_SUH2914,ARW,RAW,33BF77FB-226D-47D2-A688-21E3A3A7F42A,c302,c302,c302,,gray,0,,739059667.048,,,FE 24-70mm F2.8 GM II,6400,24 mm,ƒ / 22,1/250 sec,6336 x 9504,,DA,,,,,,,,,2024-06-02,2026-05-14T09:48:33
/Volumes/dataLib/Pictures/Images/2024/2024-06/2024-06-02/_SUH2946.ARW,/Volumes/dataLib/Pictures/Images/2024/2024-06/2024-06-02,_SUH2946.ARW,_SUH2946,ARW,RAW,B67910F2-49A3-47D4-BD1A-9DFA24049778,c302,c302,c302,,gray,0,,739060030.348,,,FE 24-70mm F2.8 GM II,100,24 mm,ƒ / 2.8,1/400 sec,6336 x 9504,,DA,,,,,,,,,2024-06-02,2026-05-14T09:48:33
/Volumes/dataLib/Pictures/Images/2024/2024-06/2024-06-02/_SUH2961.ARW,/Volumes/dataLib/Pictures/Images/2024/2024-06/2024-06-02,_SUH2961.ARW,_SUH2961,ARW,RAW,E744B2B1-CA1D-4F14-AF57-747569C60A82,c302,c302,c302,,gray,0,,739060061.387,,,FE 24-70mm F2.8 GM II,100,24 mm,ƒ / 2.8,1/250 sec,6336 x 9504,,DA,,,,,,,,,2024-06-02,2026-05-14T09:48:33
/Volumes/dataLib/Pictures/Images/2024/2024-06/2024-06-02/_SUH3003.ARW,/Volumes/dataLib/Pictures/Images/2024/2024-06/2024-06-02,_SUH3003.ARW,_SUH3003,ARW,RAW,01DA6F60-18C2-4384-89DA-951D13CCE766,c303,c303,c303,,gray,0,,739060183.876,,,FE 24-70mm F2.8 GM II,1000,52 mm,ƒ / 2.8,1/250 sec,6336 x 9504,,DA,,,,,,,,,2024-06-02,2026-05-14T09:48:33
/Volumes/dataLib/Pictures/Images/2024/2024-06/2024-06-02/_SUH3031.ARW,/Volumes/dataLib/Pictures/Images/2024/2024-06/2024-06-02,_SUH3031.ARW,_SUH3031,ARW,RAW,321153E2-F3BF-4E72-953C-45E14D83BF3C,c303,c303,c303,,gray,0,,739060295.51,,,FE 24-70mm F2.8 GM II,1000,24 mm,ƒ / 2.8,1/250 sec,6336 x 9504,,DA,,,,,,,,,2024-06-02,2026-05-14T09:48:33
/Volumes/dataLib/Pictures/Images/2024/2024-06/2024-06-02/_SUH3134.ARW,/Volumes/dataLib/Pictures/Images/2024/2024-06/2024-06-02,_SUH3134.ARW,_SUH3134,ARW,RAW,3CBE22C2-434F-441E-BF7E-E03E742CA3E5,c303,c303,c303,,gray,0,,739060470.705,,,FE 24-70mm F2.8 GM II,1000,26 mm,ƒ / 2.8,1/250 sec,6336 x 9504,,DA,,,,,,,,,2024-06-02,2026-05-14T09:48:33
/Volumes/dataLib/Pictures/Images/2024/2024-06/2024-06-02/_SUH3141.ARW,/Volumes/dataLib/Pictures/Images/2024/2024-06/2024-06-02,_SUH3141.ARW,_SUH3141,ARW,RAW,38C0F18F-4092-4C05-887C-78D84B2D9A57,c304,c304,c304,,gray,0,,739060629.792,,,FE 24-70mm F2.8 GM II,100,24 mm,ƒ / 2.8,1/250 sec,6336 x 9504,,DA,,,,,,,,,2024-06-02,2026-05-14T09:48:33
/Volumes/dataLib/Pictures/Images/2024/2024-06/2024-06-02/_SUH3145.ARW,/Volumes/dataLib/Pictures/Images/2024/2024-06/2024-06-02,_SUH3145.ARW,_SUH3145,ARW,RAW,0B96A218-9E1D-4A10-9A0F-C04E29EA4F49,c304,c304,c304,,gray,0,,739060646.047,,,FE 24-70mm F2.8 GM II,100,24 mm,ƒ / 2.8,1/250 sec,6336 x 9504,,DA,,,,,,,,,2024-06-02,2026-05-14T09:48:33
/Volumes/dataLib/Pictures/Images/2024/2024-06/2024-06-02/_SUH3147.ARW,/Volumes/dataLib/Pictures/Images/2024/2024-06/2024-06-02,_SUH3147.ARW,_SUH3147,ARW,RAW,F88CE22B-3FC8-4216-95B8-1E23872C1EA2,c304,c304,c304,,gray,0,,739060680.168,,,FE 24-70mm F2.8 GM II,100,35 mm,ƒ / 2.8,1/250 sec,6336 x 9504,,DA,,,,,,,,,2024-06-02,2026-05-14T09:48:33
/Volumes/dataLib/Pictures/Images/2024/2024-06/2024-06-02/_SUH3177.ARW,/Volumes/dataLib/Pictures/Images/2024/2024-06/2024-06-02,_SUH3177.ARW,_SUH3177,ARW,RAW,2BB97B51-F26E-405A-9FF8-F1AAD5DCDB71,c305,c305,c305 ; g010,,gray,0,,739061202.165,,,FE 24-70mm F2.8 GM II,2000,24 mm,ƒ / 2.8,1/250 sec,6336 x 9504,,DA,,,,,,,,,2024-06-02,2026-05-14T09:48:33
/Volumes/dataLib/Pictures/Images/2024/2024-06/2024-06-02/_SUH3179.ARW,/Volumes/dataLib/Pictures/Images/2024/2024-06/2024-06-02,_SUH3179.ARW,_SUH3179,ARW,RAW,E7B58BD6-8892-47D9-AF20-DB2C2E4FE589,c305,c305,c305 ; g010,,gray,0,,739061227.734,,,FE 24-70mm F2.8 GM II,2000,24 mm,ƒ / 2.8,1/250 sec,6336 x 9504,,DA,,,,,,,,,2024-06-02,2026-05-14T09:48:33
/Volumes/dataLib/Pictures/Images/2024/2024-06/2024-06-02/_SUH3187.ARW,/Volumes/dataLib/Pictures/Images/2024/2024-06/2024-06-02,_SUH3187.ARW,_SUH3187,ARW,RAW,7E6D2ED0-E5BC-4615-99A5-B4F0A26AD97C,c305,c305,c305 ; g010,,gray,0,,739061240.627,,,FE 24-70mm F2.8 GM II,2000,24 mm,ƒ / 2.8,1/250 sec,6336 x 9504,,DA,,,,,,,,,2024-06-02,2026-05-14T09:48:33
/Volumes/dataLib/Pictures/Images/2024/2024-06/2024-06-02/_SUH3264.ARW,/Volumes/dataLib/Pictures/Images/2024/2024-06/2024-06-02,_SUH3264.ARW,_SUH3264,ARW,RAW,C17735FE-0B3C-46FC-AF15-389807D9AC0C,c306,c306,c306,,gray,0,,739061707.631,,,FE 24-70mm F2.8 GM II,160,24 mm,ƒ / 2.8,1/250 sec,6336 x 9504,,DA,,,,,,,,,2024-06-02,2026-05-14T09:48:33
/Volumes/dataLib/Pictures/Images/2024/2024-06/2024-06-02/_SUH3265.ARW,/Volumes/dataLib/Pictures/Images/2024/2024-06/2024-06-02,_SUH3265.ARW,_SUH3265,ARW,RAW,88648E1C-A3A5-49EA-B44E-322EDE25A945,c306,c306,c306,,gray,0,,739061733.976,,,FE 24-70mm F2.8 GM II,200,24 mm,ƒ / 2.8,1/250 sec,6336 x 9504,,DA,,,,,,,,,2024-06-02,2026-05-14T09:48:33
/Volumes/dataLib/Pictures/Images/2024/2024-06/2024-06-02/_SUH3271.ARW,/Volumes/dataLib/Pictures/Images/2024/2024-06/2024-06-02,_SUH3271.ARW,_SUH3271,ARW,RAW,558AFAB4-3AEC-4857-880A-3AE273783DBD,c306,c306,c306,,gray,0,,739061785.712,,,FE 24-70mm F2.8 GM II,200,24 mm,ƒ / 2.8,1/250 sec,6336 x 9504,,DA,,,,,,,,,2024-06-02,2026-05-14T09:48:33
/Volumes/dataLib/Pictures/Images/2024/2024-12/2024-12-15/_SUH3448.ARW,/Volumes/dataLib/Pictures/Images/2024/2024-12/2024-12-15,_SUH3448.ARW,_SUH3448,ARW,RAW,B4A86EC8-144E-4132-8BB2-99D4FC1586AA,c307,c307,c307 ; g009,,gray,0,,756005485.024,,,FE 50mm F1.4 ZA,100,50 mm,ƒ / 1.4,1/2000 sec,6336 x 9504,,DA,,,,,,,,,2024-12-15,2026-05-14T09:48:33
/Volumes/dataLib/Pictures/Images/2024/2024-12/2024-12-15/_SUH3500.ARW,/Volumes/dataLib/Pictures/Images/2024/2024-12/2024-12-15,_SUH3500.ARW,_SUH3500,ARW,RAW,D83CA01D-5E72-4DA0-9581-AF1484A1570C,c307,c307,c307 ; g009,,gray,0,,756005855.797,,,FE 50mm F1.4 ZA,100,50 mm,ƒ / 1.4,1/2000 sec,9504 x 6336,,AB,,,,,,,,,2024-12-15,2026-05-14T09:48:33
/Volumes/dataLib/Pictures/Images/2024/2024-12/2024-12-15/_SUH3505.ARW,/Volumes/dataLib/Pictures/Images/2024/2024-12/2024-12-15,_SUH3505.ARW,_SUH3505,ARW,RAW,83395887-96F4-4C12-98EE-AB5A3C5CB60B,c307,c307,c307 ; g009,,gray,0,,756005873.537,,,FE 50mm F1.4 ZA,100,50 mm,ƒ / 1.4,1/2000 sec,9504 x 6336,,AB,,,,,,,,,2024-12-15,2026-05-14T09:48:33
/Volumes/dataLib/Pictures/Images/2024/2024-12/2024-12-15/_SUH3559.ARW,/Volumes/dataLib/Pictures/Images/2024/2024-12/2024-12-15,_SUH3559.ARW,_SUH3559,ARW,RAW,A7A2FF43-0944-4C8B-95B5-42C42CA642A9,c308,c308,c308 ; g008,,gray,0,,756006262.86,,,FE 50mm F1.4 ZA,100,50 mm,ƒ / 1.4,1/8000 sec,6336 x 9504,,DA,,,,,,,,,2024-12-15,2026-05-14T09:48:33
/Volumes/dataLib/Pictures/Images/2024/2024-12/2024-12-15/_SUH3571.ARW,/Volumes/dataLib/Pictures/Images/2024/2024-12/2024-12-15,_SUH3571.ARW,_SUH3571,ARW,RAW,9934E32E-C2F6-4837-940A-7427D5C8C6ED,c308,c308,c308 ; g008,,gray,0,,756006296.818,,,FE 50mm F1.4 ZA,100,50 mm,ƒ / 3.2,1/8000 sec,6336 x 9504,,DA,,,,,,,,,2024-12-15,2026-05-14T09:48:33
/Volumes/dataLib/Pictures/Images/2024/2024-12/2024-12-15/_SUH3579.ARW,/Volumes/dataLib/Pictures/Images/2024/2024-12/2024-12-15,_SUH3579.ARW,_SUH3579,ARW,RAW,74DB8DD5-C93A-47DF-B58D-5B3C189FA9D4,c308,c308,c308 ; g008,,gray,0,,756006309.193,,,FE 50mm F1.4 ZA,100,50 mm,ƒ / 3.2,1/8000 sec,6336 x 9504,,DA,,,,,,,,,2024-12-15,2026-05-14T09:48:33
/Volumes/dataLib/Pictures/Images/2025/2025-05/2025-05-15/_SUH3605.ARW,/Volumes/dataLib/Pictures/Images/2025/2025-05/2025-05-15,_SUH3605.ARW,_SUH3605,ARW,RAW,723779DA-F966-4FD3-92FB-F0F721A52F06,c309,c309,@ubaidrahman87 ; Ubaid Family ; c309 ; g007,,gray,0,,769040290.189,,,FE 50mm F1.4 ZA,100,50 mm,ƒ / 1.4,1/1600 sec,6336 x 9504,,DA,,,Hollywood,,,,,,2025-05-15,2026-05-14T09:48:33
/Volumes/dataLib/Pictures/Images/2025/2025-05/2025-05-15/_SUH3617.ARW,/Volumes/dataLib/Pictures/Images/2025/2025-05/2025-05-15,_SUH3617.ARW,_SUH3617,ARW,RAW,C745A648-8757-41C1-8939-6BDCEE4731BA,c309,c309,@ubaidrahman87 ; Ubaid Family ; c309 ; g007,,gray,0,,769040376.165,,,FE 50mm F1.4 ZA,160,50 mm,ƒ / 4.0,1/250 sec,6336 x 9504,,DA,,,Hollywood,,,,,,2025-05-15,2026-05-14T09:48:33
/Volumes/dataLib/Pictures/Images/2025/2025-05/2025-05-15/_SUH3621.ARW,/Volumes/dataLib/Pictures/Images/2025/2025-05/2025-05-15,_SUH3621.ARW,_SUH3621,ARW,RAW,B86BDE5D-5B74-421A-9B4D-5FEF4EFD5DDE,c309,c309,@ubaidrahman87 ; Ubaid Family ; c309 ; g007,,gray,0,,769040385.254,,,FE 50mm F1.4 ZA,160,50 mm,ƒ / 4.0,1/250 sec,9504 x 6336,,AB,,,Hollywood,,,,,,2025-05-15,2026-05-14T09:48:33
/Volumes/dataLib/Pictures/Images/2025/2025-05/2025-05-15/_SUH3671.ARW,/Volumes/dataLib/Pictures/Images/2025/2025-05/2025-05-15,_SUH3671.ARW,_SUH3671,ARW,RAW,396F2037-315A-43AD-920B-68D212D4C2D3,c310,c310,@ubaidrahman87 ; Ubaid Family ; c310,,gray,0,,769040989.544,,,FE 50mm F1.4 ZA,320,50 mm,ƒ / 4.0,1/250 sec,6336 x 9504,,DA,,,Hollywood,,,,,,2025-05-15,2026-05-14T09:48:33
/Volumes/dataLib/Pictures/Images/2025/2025-05/2025-05-15/_SUH3676.ARW,/Volumes/dataLib/Pictures/Images/2025/2025-05/2025-05-15,_SUH3676.ARW,_SUH3676,ARW,RAW,ABBD96B8-84AB-487F-A410-364700B8728C,c310,c310,@ubaidrahman87 ; Ubaid Family ; c310,,gray,0,,769041016.104,,,FE 50mm F1.4 ZA,800,50 mm,ƒ / 4.0,1/250 sec,6336 x 9504,,DA,,,Hollywood,,,,,,2025-05-15,2026-05-14T09:48:33
/Volumes/dataLib/Pictures/Images/2025/2025-05/2025-05-15/_SUH3684.ARW,/Volumes/dataLib/Pictures/Images/2025/2025-05/2025-05-15,_SUH3684.ARW,_SUH3684,ARW,RAW,7AF5AFFF-F38E-4846-9F23-DC3A22FB9754,c310,c310,@ubaidrahman87 ; Ubaid Family ; c310,,gray,0,,769041040.759,,,FE 50mm F1.4 ZA,640,50 mm,ƒ / 4.0,1/250 sec,6336 x 9504,,DA,,,Hollywood,,,,,,2025-05-15,2026-05-14T09:48:33
/Volumes/dataLib/Pictures/Images/2025/2025-05/2025-05-15/_SUH3694.ARW,/Volumes/dataLib/Pictures/Images/2025/2025-05/2025-05-15,_SUH3694.ARW,_SUH3694,ARW,RAW,CDC3EEBB-3112-4790-AC8F-32921E29BAEE,c311,c311,@ubaidrahman87 ; Ubaid Family ; c311 ; g006,,gray,0,,769041094.681,,,FE 50mm F1.4 ZA,400,50 mm,ƒ / 4.0,1/250 sec,9504 x 6336,,AB,,,Hollywood,,,,,,2025-05-15,2026-05-14T09:48:33
/Volumes/dataLib/Pictures/Images/2025/2025-05/2025-05-15/_SUH3714.ARW,/Volumes/dataLib/Pictures/Images/2025/2025-05/2025-05-15,_SUH3714.ARW,_SUH3714,ARW,RAW,6D73318D-1D6B-48EF-AE9F-217A62197717,c311,c311,@ubaidrahman87 ; Ubaid Family ; c311 ; g006,,gray,0,,769041666.556,,,FE 50mm F1.4 ZA,100,50 mm,ƒ / 1.4,1/320 sec,6336 x 9504,,DA,,,Hollywood,,,,,,2025-05-15,2026-05-14T09:48:33
/Volumes/dataLib/Pictures/Images/2025/2025-05/2025-05-15/_SUH3772.ARW,/Volumes/dataLib/Pictures/Images/2025/2025-05/2025-05-15,_SUH3772.ARW,_SUH3772,ARW,RAW,389FBF67-F10E-4486-9293-6E71BBBCD546,c311,c311,@ubaidrahman87 ; Ubaid Family ; c311 ; g006,,gray,0,,769041769.397,,,FE 50mm F1.4 ZA,100,50 mm,ƒ / 1.4,1/320 sec,6336 x 9504,,DA,,,Hollywood,,,,,,2025-05-15,2026-05-14T09:48:33
/Volumes/dataLib/Pictures/Images/2025/2025-05/2025-05-15/_SUH3805.ARW,/Volumes/dataLib/Pictures/Images/2025/2025-05/2025-05-15,_SUH3805.ARW,_SUH3805,ARW,RAW,8D552332-77F8-4D16-BF68-B63B0CA63D3A,c312,c312,@ubaidrahman87 ; Ubaid Family ; c312,,gray,0,,769050254.098,,,FE 50mm F1.4 ZA,100,50 mm,ƒ / 1.4,1/1250 sec,6336 x 9504,,DA,,,Hollywood,,,,,,2025-05-15,2026-05-14T09:48:33
/Volumes/dataLib/Pictures/Images/2025/2025-05/2025-05-15/_SUH3807.ARW,/Volumes/dataLib/Pictures/Images/2025/2025-05/2025-05-15,_SUH3807.ARW,_SUH3807,ARW,RAW,EE0EAE34-F75E-4DE7-8021-DAAD48D34656,c312,c312,@ubaidrahman87 ; Ubaid Family ; c312,,gray,0,,769050261.537,,,FE 50mm F1.4 ZA,100,50 mm,ƒ / 1.4,1/1250 sec,6336 x 9504,,DA,,,Hollywood,,,,,,2025-05-15,2026-05-14T09:48:33
/Volumes/dataLib/Pictures/Images/2025/2025-05/2025-05-15/_SUH3808.ARW,/Volumes/dataLib/Pictures/Images/2025/2025-05/2025-05-15,_SUH3808.ARW,_SUH3808,ARW,RAW,463905D8-AF96-4388-ADF6-AFC7AC406A2B,c312,c312,@ubaidrahman87 ; Ubaid Family ; c312,,gray,0,,769050264.268,,,FE 50mm F1.4 ZA,100,50 mm,ƒ / 1.4,1/1250 sec,6336 x 9504,,DA,,,Hollywood,,,,,,2025-05-15,2026-05-14T09:48:33
/Volumes/dataLib/Pictures/Images/2025/2025-05/2025-05-15/_SUH3824.ARW,/Volumes/dataLib/Pictures/Images/2025/2025-05/2025-05-15,_SUH3824.ARW,_SUH3824,ARW,RAW,912E8C79-5059-4605-A40D-8FB61C293958,c313,c313,@ubaidrahman87 ; Ubaid Family ; c313,,gray,0,,769050710.875,,,FE 50mm F1.4 ZA,640,50 mm,ƒ / 3.5,1/250 sec,9504 x 6336,,AB,,,Hollywood,,,,,,2025-05-15,2026-05-14T09:48:33
/Volumes/dataLib/Pictures/Images/2025/2025-05/2025-05-15/_SUH3835.ARW,/Volumes/dataLib/Pictures/Images/2025/2025-05/2025-05-15,_SUH3835.ARW,_SUH3835,ARW,RAW,EC7EEE6D-077B-4991-B37E-BA3B9E685B74,c313,c313,@ubaidrahman87 ; Ubaid Family ; c313,,gray,0,,769051160.678,,,FE 50mm F1.4 ZA,100,50 mm,ƒ / 1.4,1/800 sec,9504 x 6336,,AB,,,Hollywood,,,,,,2025-05-15,2026-05-14T09:48:33
/Volumes/dataLib/Pictures/Images/2025/2025-05/2025-05-15/_SUH3864.ARW,/Volumes/dataLib/Pictures/Images/2025/2025-05/2025-05-15,_SUH3864.ARW,_SUH3864,ARW,RAW,777F30C8-D00A-417C-8CEC-223694CBF760,c313,c313,@ubaidrahman87 ; Ubaid Family ; c313,,gray,0,,769051533.421,,,FE 50mm F1.4 ZA,640,50 mm,ƒ / 3.5,1/250 sec,9504 x 6336,,AB,,,Hollywood,,,,,,2025-05-15,2026-05-14T09:48:33
/Volumes/dataLib/Pictures/Images/2025/2025-05/2025-05-16/_SUH3962.ARW,/Volumes/dataLib/Pictures/Images/2025/2025-05/2025-05-16,_SUH3962.ARW,_SUH3962,ARW,RAW,F55771A3-A8E1-473D-BB6F-E9EDA56D52F4,c314,c314,@ubaidrahman87 ; Ubaid Family ; c314 ; g005,,gray,0,,769137680.296,,,FE 24-70mm F2.8 GM II,100,46 mm,ƒ / 2.8,1/500 sec,9504 x 6336,,AB,,,Santa Monica Beach,,,,,,2025-05-16,2026-05-14T09:48:33
/Volumes/dataLib/Pictures/Images/2025/2025-05/2025-05-16/_SUH4001.ARW,/Volumes/dataLib/Pictures/Images/2025/2025-05/2025-05-16,_SUH4001.ARW,_SUH4001,ARW,RAW,02B4A693-0617-425E-9B5F-F6C373BB20EA,c314,c314,@ubaidrahman87 ; Ubaid Family ; c314 ; g005,,gray,0,,769137737.254,,,FE 24-70mm F2.8 GM II,100,49 mm,ƒ / 3.2,1/250 sec,9504 x 6336,,AB,,,Santa Monica Beach,,,,,,2025-05-16,2026-05-14T09:48:33
/Volumes/dataLib/Pictures/Images/2025/2025-05/2025-05-16/_SUH4022.ARW,/Volumes/dataLib/Pictures/Images/2025/2025-05/2025-05-16,_SUH4022.ARW,_SUH4022,ARW,RAW,8A617AAA-6843-4806-A94E-98ADBC993E5E,c314,c314,@ubaidrahman87 ; Ubaid Family ; c314 ; g005,,gray,0,,769137845.882,,,FE 24-70mm F2.8 GM II,100,39 mm,ƒ / 3.2,1/250 sec,9504 x 6336,,AB,,,Santa Monica Beach,,,,,,2025-05-16,2026-05-14T09:48:33
/Volumes/dataLib/Pictures/Images/2025/2025-05/2025-05-16/_SUH4162.ARW,/Volumes/dataLib/Pictures/Images/2025/2025-05/2025-05-16,_SUH4162.ARW,_SUH4162,ARW,RAW,DE43BD42-D317-47F5-81EC-5E32C1122D52,c315,c315,@ubaidrahman87 ; Ubaid Family ; c315,,gray,0,,769138085.782,,,FE 24-70mm F2.8 GM II,160,43 mm,ƒ / 3.5,1/250 sec,9504 x 6336,,AB,,,Santa Monica Beach,,,,,,2025-05-16,2026-05-14T09:48:33
/Volumes/dataLib/Pictures/Images/2025/2025-05/2025-05-16/_SUH4171.ARW,/Volumes/dataLib/Pictures/Images/2025/2025-05/2025-05-16,_SUH4171.ARW,_SUH4171,ARW,RAW,90014958-E604-4DC0-81E9-86537E4DFAC3,c315,c315,@ubaidrahman87 ; Ubaid Family ; c315,,gray,0,,769138093.969,,,FE 24-70mm F2.8 GM II,160,43 mm,ƒ / 3.5,1/250 sec,9504 x 6336,,AB,,,Santa Monica Beach,,,,,,2025-05-16,2026-05-14T09:48:33
/Volumes/dataLib/Pictures/Images/2025/2025-05/2025-05-16/_SUH4258.ARW,/Volumes/dataLib/Pictures/Images/2025/2025-05/2025-05-16,_SUH4258.ARW,_SUH4258,ARW,RAW,0DEA0D2B-940A-46CA-A261-66E92DBD5278,c315,c315,@ubaidrahman87 ; Ubaid Family ; c315,,gray,0,,769139254.321,,,FE 24-70mm F2.8 GM II,160,70 mm,ƒ / 3.5,1/250 sec,6336 x 9504,,DA,,,Santa Monica Beach,,,,,,2025-05-16,2026-05-14T09:48:33
/Volumes/dataLib/Pictures/Images/2025/2025-07/2025-07-18/_SUH4299.ARW,/Volumes/dataLib/Pictures/Images/2025/2025-07/2025-07-18,_SUH4299.ARW,_SUH4299,ARW,RAW,F9E37012-70F9-475C-A2F9-86B4FFA4BCCE,c316,c316,Keri ; c316,,gray,0,,774560108.058,,,FE 24-70mm F2.8 GM II,100,45 mm,ƒ / 2.8,1/250 sec,6336 x 9504,,DA,,,The Huntington Library,,,,,,2025-07-18,2026-05-14T09:48:33
/Volumes/dataLib/Pictures/Images/2025/2025-07/2025-07-18/_SUH4303.ARW,/Volumes/dataLib/Pictures/Images/2025/2025-07/2025-07-18,_SUH4303.ARW,_SUH4303,ARW,RAW,B8B8CAFA-872C-4752-BF91-23AC6BE6AC24,c316,c316,Keri ; c316,,gray,0,,774560126.509,,,FE 24-70mm F2.8 GM II,100,45 mm,ƒ / 2.8,1/250 sec,6336 x 9504,,DA,,,The Huntington Library,,,,,,2025-07-18,2026-05-14T09:48:33
/Volumes/dataLib/Pictures/Images/2025/2025-07/2025-07-18/_SUH4307.ARW,/Volumes/dataLib/Pictures/Images/2025/2025-07/2025-07-18,_SUH4307.ARW,_SUH4307,ARW,RAW,29425864-AA50-4DAB-8BE6-F608CA0EB801,c316,c316,@kerielle777 ; Keri ; c316,,gray,0,,774560158.028,,,FE 24-70mm F2.8 GM II,100,45 mm,ƒ / 2.8,1/250 sec,6336 x 9504,,DA,,,The Huntington Library,,,,,,2025-07-18,2026-05-14T09:48:33
/Volumes/dataLib/Pictures/Images/2025/2025-07/2025-07-18/_SUH4389.ARW,/Volumes/dataLib/Pictures/Images/2025/2025-07/2025-07-18,_SUH4389.ARW,_SUH4389,ARW,RAW,CB74C4F3-3CCA-4522-87B3-787B2939462F,c317,c317,@kerielle777 ; Keri ; c317 ; g004,1,green,0,,774561796.643,,,FE 24-70mm F2.8 GM II,200,51 mm,ƒ / 2.8,1/250 sec,6336 x 9504,,DA,,,The Huntington Library,,,,,,2025-07-18,2026-05-14T09:48:33
/Volumes/dataLib/Pictures/Images/2025/2025-07/2025-07-18/_SUH4393.ARW,/Volumes/dataLib/Pictures/Images/2025/2025-07/2025-07-18,_SUH4393.ARW,_SUH4393,ARW,RAW,E3215626-14AB-4DDC-9D8E-94ACBF059A0B,c317,c317,@kerielle777 ; Keri ; c317 ; g004,,gray,0,,774561798.531,,,FE 24-70mm F2.8 GM II,200,51 mm,ƒ / 2.8,1/250 sec,6336 x 9504,,DA,,,The Huntington Library,,,,,,2025-07-18,2026-05-14T09:48:33
/Volumes/dataLib/Pictures/Images/2025/2025-07/2025-07-18/_SUH4412.ARW,/Volumes/dataLib/Pictures/Images/2025/2025-07/2025-07-18,_SUH4412.ARW,_SUH4412,ARW,RAW,A4A7FDCA-DEC6-4AEF-AE53-E416A5692FF3,c317,c317,@kerielle777 ; Keri ; c317 ; g004,,gray,0,,774561808.663,,,FE 24-70mm F2.8 GM II,200,51 mm,ƒ / 2.8,1/250 sec,6336 x 9504,,DA,,,The Huntington Library,,,,,,2025-07-18,2026-05-14T09:48:33
/Volumes/dataLib/Pictures/Images/2025/2025-07/2025-07-18/_SUH4488.ARW,/Volumes/dataLib/Pictures/Images/2025/2025-07/2025-07-18,_SUH4488.ARW,_SUH4488,ARW,RAW,03209657-CDE8-433E-9002-04BD0DFE19A1,c318,c318,@kerielle777 ; Keri ; c318,,gray,0,,774563295.108,,,FE 24-70mm F2.8 GM II,200,70 mm,ƒ / 2.8,1/250 sec,6336 x 9504,,DA,,,The Huntington Library,,,,,,2025-07-18,2026-05-14T09:48:33
/Volumes/dataLib/Pictures/Images/2025/2025-07/2025-07-18/_SUH4527.ARW,/Volumes/dataLib/Pictures/Images/2025/2025-07/2025-07-18,_SUH4527.ARW,_SUH4527,ARW,RAW,DAA0C706-0080-4796-A7B7-F4D196FF0615,c318,c318,@kerielle777 ; Keri ; c318,,gray,0,,774563368.879,,,FE 24-70mm F2.8 GM II,200,70 mm,ƒ / 2.8,1/250 sec,6336 x 9504,,DA,,,The Huntington Library,,,,,,2025-07-18,2026-05-14T09:48:33
/Volumes/dataLib/Pictures/Images/2025/2025-07/2025-07-18/_SUH4650.ARW,/Volumes/dataLib/Pictures/Images/2025/2025-07/2025-07-18,_SUH4650.ARW,_SUH4650,ARW,RAW,79A3FB47-1D9F-4603-9601-D13B16322B11,c318,c318,@kerielle777 ; Keri ; c318,,gray,0,,774563654.89,,,FE 24-70mm F2.8 GM II,125,70 mm,ƒ / 2.8,1/250 sec,6336 x 9504,,DA,,,The Huntington Library,,,,,,2025-07-18,2026-05-14T09:48:33
/Volumes/dataLib/Pictures/Images/2025/2025-07/2025-07-18/_SUH4660.ARW,/Volumes/dataLib/Pictures/Images/2025/2025-07/2025-07-18,_SUH4660.ARW,_SUH4660,ARW,RAW,C798EEE6-D0BE-45A4-A86C-FB1328061CFE,c319,c319,@kerielle777 ; Keri ; c319 ; g003,,gray,0,,774564563.759,,,FE 24-70mm F2.8 GM II,100,38 mm,ƒ / 2.8,1/400 sec,6336 x 9504,,DA,,,The Huntington Library,,,,,,2025-07-18,2026-05-14T09:48:33
/Volumes/dataLib/Pictures/Images/2025/2025-07/2025-07-18/_SUH4672.ARW,/Volumes/dataLib/Pictures/Images/2025/2025-07/2025-07-18,_SUH4672.ARW,_SUH4672,ARW,RAW,F79F1A83-E4F3-44C7-A32D-31A77722F552,c319,c319,@kerielle777 ; Keri ; c319 ; g003,1,green,0,,774564577.045,,,FE 24-70mm F2.8 GM II,100,38 mm,ƒ / 2.8,1/320 sec,6336 x 9504,,DA,,,The Huntington Library,,,,,,2025-07-18,2026-05-14T09:48:33
/Volumes/dataLib/Pictures/Images/2025/2025-07/2025-07-18/_SUH4682.ARW,/Volumes/dataLib/Pictures/Images/2025/2025-07/2025-07-18,_SUH4682.ARW,_SUH4682,ARW,RAW,84FC4B99-3AFD-48C9-8982-AA2CCF01B4FF,c319,c319,@kerielle777 ; Keri ; c319 ; g003,,gray,0,,774564585.656,,,FE 24-70mm F2.8 GM II,100,38 mm,ƒ / 2.8,1/320 sec,6336 x 9504,,DA,,,The Huntington Library,,,,,,2025-07-18,2026-05-14T09:48:33
/Volumes/dataLib/Pictures/Images/2025/2025-07/2025-07-19/IMG_6058.CR3,/Volumes/dataLib/Pictures/Images/2025/2025-07/2025-07-19,IMG_6058.CR3,IMG_6058,CR3,RAW,A34CFE23-1119-4E7C-9F58-E0FD7E29BB18,c320,c320,@kerielle777 ; Keri ; c320,,gray,0,,774670510.59,,,RF35mm F1.8 MACRO IS STM,100,35 mm,ƒ / 2.8,1/1600 sec,6000 x 4000,,AB,,,Santa Monica Beach,,,,,,2025-07-19,2026-05-14T09:48:33
/Volumes/dataLib/Pictures/Images/2025/2025-07/2025-07-19/IMG_6092.CR3,/Volumes/dataLib/Pictures/Images/2025/2025-07/2025-07-19,IMG_6092.CR3,IMG_6092,CR3,RAW,61DE94A4-6A4A-44C6-B3B4-88A8A593C3DE,c320,c320,@kerielle777 ; Keri ; c320,,gray,0,,774670751.92,,,RF35mm F1.8 MACRO IS STM,100,35 mm,ƒ / 2.8,1/4000 sec,4000 x 6000,,DA,,,Santa Monica Beach,,,,,,2025-07-19,2026-05-14T09:48:33
/Volumes/dataLib/Pictures/Images/2025/2025-07/2025-07-19/IMG_6169.CR3,/Volumes/dataLib/Pictures/Images/2025/2025-07/2025-07-19,IMG_6169.CR3,IMG_6169,CR3,RAW,A7CD4BE3-FF26-4596-9571-5D8356674F1D,c320,c320,@kerielle777 ; Keri ; c320,,gray,0,,774674367.66,,,RF35mm F1.8 MACRO IS STM,200,35 mm,ƒ / 2.2,1/320 sec,4000 x 6000,,DA,,,Santa Monica Beach,,,,,,2025-07-19,2026-05-14T09:48:33
/Volumes/dataLib/Pictures/Images/2025/2025-07/2025-07-23/_SUH4702.ARW,/Volumes/dataLib/Pictures/Images/2025/2025-07/2025-07-23,_SUH4702.ARW,_SUH4702,ARW,RAW,101B7322-45E5-433F-9484-0A9B37A2FCE0,c321,c321,@vallady ; Valentina Reneff-Olson ; c321,,gray,0,,774991535.527,,,FE 14mm F1.8 GM,100,14 mm,ƒ / 2.5,1/1600 sec,6336 x 9504,,DA,,,Westfield Century City,,,,,,2025-07-23,2026-05-14T09:48:33
/Volumes/dataLib/Pictures/Images/2025/2025-07/2025-07-23/_SUH4703.ARW,/Volumes/dataLib/Pictures/Images/2025/2025-07/2025-07-23,_SUH4703.ARW,_SUH4703,ARW,RAW,AE55BCEC-62EF-4D2E-9473-1A0D480D2C9D,c321,c321,@vallady ; Valentina Reneff-Olson ; c321,,gray,0,,774991536.106,,,FE 14mm F1.8 GM,100,14 mm,ƒ / 2.5,1/1600 sec,6336 x 9504,,DA,,,Westfield Century City,,,,,,2025-07-23,2026-05-14T09:48:33
/Volumes/dataLib/Pictures/Images/2025/2025-07/2025-07-23/_SUH4704.ARW,/Volumes/dataLib/Pictures/Images/2025/2025-07/2025-07-23,_SUH4704.ARW,_SUH4704,ARW,RAW,59F509F4-7003-4B5C-983F-EA627D604148,c321,c321,@vallady ; Valentina Reneff-Olson ; c321,,gray,0,,774991536.837,,,FE 14mm F1.8 GM,100,14 mm,ƒ / 2.5,1/1600 sec,6336 x 9504,,DA,,,Westfield Century City,,,,,,2025-07-23,2026-05-14T09:48:33
/Volumes/dataLib/Pictures/Images/2025/2025-07/2025-07-23/_SUH4716.ARW,/Volumes/dataLib/Pictures/Images/2025/2025-07/2025-07-23,_SUH4716.ARW,_SUH4716,ARW,RAW,339B5B17-48A7-4FD0-93F1-99B700DB2830,c322,c322,@vallady ; Valentina Reneff-Olson ; c322,,gray,0,,774992022.794,,,FE 14mm F1.8 GM,100,14 mm,ƒ / 2.5,1/640 sec,6336 x 9504,,DA,,,Westfield Century City,,,,,,2025-07-23,2026-05-14T09:48:33
/Volumes/dataLib/Pictures/Images/2025/2025-07/2025-07-23/_SUH4762.ARW,/Volumes/dataLib/Pictures/Images/2025/2025-07/2025-07-23,_SUH4762.ARW,_SUH4762,ARW,RAW,401AB2B8-6812-4FE2-8ABE-79C149B56A02,c322,c322,@vallady ; Valentina Reneff-Olson ; c322,,gray,0,,774992051.936,,,FE 14mm F1.8 GM,100,14 mm,ƒ / 2.5,1/640 sec,6336 x 9504,,DA,,,Westfield Century City,,,,,,2025-07-23,2026-05-14T09:48:33
/Volumes/dataLib/Pictures/Images/2025/2025-07/2025-07-23/_SUH4782.ARW,/Volumes/dataLib/Pictures/Images/2025/2025-07/2025-07-23,_SUH4782.ARW,_SUH4782,ARW,RAW,AF78A368-7B07-460D-89C7-271A1161BB5D,c322,c322,@vallady ; Valentina Reneff-Olson ; c322,,gray,0,,774992063.018,,,FE 14mm F1.8 GM,100,14 mm,ƒ / 2.5,1/640 sec,6336 x 9504,,DA,,,Westfield Century City,,,,,,2025-07-23,2026-05-14T09:48:33
/Volumes/dataLib/Pictures/Images/2025/2025-08/2025-08-26/_SUH4803.ARW,/Volumes/dataLib/Pictures/Images/2025/2025-08/2025-08-26,_SUH4803.ARW,_SUH4803,ARW,RAW,495A1361-FEFD-40EF-859D-C170BAE0BF1C,c323,c323,@vallady ; Valentina Reneff-Olson ; c323,,gray,0,,777929009.506,,,FE 14mm F1.8 GM,100,14 mm,ƒ / 1.8,1/800 sec,6336 x 9504,,DA,,,Walt Disney Concert Hall,,,,,,2025-08-26,2026-05-14T09:48:33
/Volumes/dataLib/Pictures/Images/2025/2025-08/2025-08-26/_SUH4821.ARW,/Volumes/dataLib/Pictures/Images/2025/2025-08/2025-08-26,_SUH4821.ARW,_SUH4821,ARW,RAW,8CEEA41E-D130-4A1A-ABAD-A5D24D9D9EDD,c323,c323,@vallady ; Valentina Reneff-Olson ; c323,,gray,0,,777929153.656,,,FE 14mm F1.8 GM,100,14 mm,ƒ / 1.8,1/2500 sec,6336 x 9504,,DA,,,Walt Disney Concert Hall,,,,,,2025-08-26,2026-05-14T09:48:33
/Volumes/dataLib/Pictures/Images/2025/2025-08/2025-08-26/_SUH4828.ARW,/Volumes/dataLib/Pictures/Images/2025/2025-08/2025-08-26,_SUH4828.ARW,_SUH4828,ARW,RAW,BC52D8B1-7345-41E2-90F8-EDC26F427C5E,c323,c323,@vallady ; Valentina Reneff-Olson ; c323,,gray,0,,777929188.444,,,FE 14mm F1.8 GM,100,14 mm,ƒ / 1.8,1/2500 sec,6336 x 9504,,DA,,,Walt Disney Concert Hall,,,,,,2025-08-26,2026-05-14T09:48:33
/Volumes/dataLib/Pictures/Images/2025/2025-08/2025-08-26/_SUH4846.ARW,/Volumes/dataLib/Pictures/Images/2025/2025-08/2025-08-26,_SUH4846.ARW,_SUH4846,ARW,RAW,0D8A403B-5BD2-4B2E-A73C-652518917458,c324,c324,@vallady ; Valentina Reneff-Olson ; c324 ; g002,,gray,0,,777929719.808,,,FE 24-70mm F2.8 GM II,100,24 mm,ƒ / 2.8,1/250 sec,6336 x 9504,,DA,,,Walt Disney Concert Hall,,,,,,2025-08-26,2026-05-14T09:48:33
/Volumes/dataLib/Pictures/Images/2025/2025-08/2025-08-26/_SUH4875.ARW,/Volumes/dataLib/Pictures/Images/2025/2025-08/2025-08-26,_SUH4875.ARW,_SUH4875,ARW,RAW,8E305690-D875-4636-B205-5CCA8B41406F,c324,c324,@vallady ; Valentina Reneff-Olson ; c324 ; g002,,gray,0,,777929823.595,,,FE 24-70mm F2.8 GM II,100,24 mm,ƒ / 2.8,1/320 sec,6336 x 9504,,DA,,,Walt Disney Concert Hall,,,,,,2025-08-26,2026-05-14T09:48:33
/Volumes/dataLib/Pictures/Images/2025/2025-08/2025-08-26/_SUH4920.ARW,/Volumes/dataLib/Pictures/Images/2025/2025-08/2025-08-26,_SUH4920.ARW,_SUH4920,ARW,RAW,5C5412CE-FC4C-4376-BF75-E7C3C9A15FC5,c324,c324,@vallady ; Valentina Reneff-Olson ; c324 ; g002,,gray,0,,777929894.653,,,FE 24-70mm F2.8 GM II,100,24 mm,ƒ / 2.8,1/320 sec,6336 x 9504,,DA,,,Walt Disney Concert Hall,,,,,,2025-08-26,2026-05-14T09:48:33
/Volumes/dataLib/Pictures/Images/2025/2025-08/2025-08-26/_SUH4962.ARW,/Volumes/dataLib/Pictures/Images/2025/2025-08/2025-08-26,_SUH4962.ARW,_SUH4962,ARW,RAW,1B9A166C-DB18-440E-83BC-A3A50046820F,c325,c325,@vallady ; Valentina Reneff-Olson ; c325 ; g001,,gray,0,,777930181.97,,,FE 24-70mm F2.8 GM II,100,49 mm,ƒ / 2.8,1/400 sec,6336 x 9504,,DA,,,Walt Disney Concert Hall,,,,,,2025-08-26,2026-05-14T09:48:33
/Volumes/dataLib/Pictures/Images/2025/2025-08/2025-08-26/_SUH4971.ARW,/Volumes/dataLib/Pictures/Images/2025/2025-08/2025-08-26,_SUH4971.ARW,_SUH4971,ARW,RAW,A1863DD5-A808-4CA2-9D42-CA168208AEFE,c325,c325,@vallady ; Valentina Reneff-Olson ; c325 ; g001,,gray,0,,777930195.501,,,FE 24-70mm F2.8 GM II,100,49 mm,ƒ / 2.8,1/250 sec,6336 x 9504,,DA,,,Walt Disney Concert Hall,,,,,,2025-08-26,2026-05-14T09:48:33
/Volumes/dataLib/Pictures/Images/2025/2025-08/2025-08-26/_SUH5000.ARW,/Volumes/dataLib/Pictures/Images/2025/2025-08/2025-08-26,_SUH5000.ARW,_SUH5000,ARW,RAW,6FDF26E2-CD6B-49EC-B153-0A337CA94315,c325,c325,@vallady ; Valentina Reneff-Olson ; c325 ; g001,,gray,0,,777930265.803,,,FE 24-70mm F2.8 GM II,100,49 mm,ƒ / 2.8,1/250 sec,6336 x 9504,,DA,,,Walt Disney Concert Hall,,,,,,2025-08-26,2026-05-14T09:48:33
